name:ka,name:en,name:ru
1-ლი ქუჩა,1st Street,1-я улица
1-ლი ქუჩის I შესახვევი,1st Street's 1st Lane,1-й переулок 1-й улицы
1-ლი ქუჩის I ჩიხი,1st Street's 1st Dead End,1-й тупик 1-й улицы
1-ლი ქუჩის II შესახვევი,1st Street's 2nd Lane,2-й переулок 1-й улицы
1-ლი ქუჩის II ჩიხი,1st Street's 2nd Dead End,2-й тупик 1-й улицы
1-ლი ქუჩის III შესახვევი,1st Street's 3rd Lane,3-й переулок 1-й улицы
1-ლი ქუჩის III ჩიხი,1st Street's 3rd Dead End,3-й тупик 1-й улицы
1-ლი ქუჩის IV შესახვევი,1st Street's 4th Lane,4-й переулок 1-й улицы
1-ლი ქუჩის IV ჩიხი,1st Street's 4th Dead End,4-й тупик 1-й улицы
1-ლი ქუჩის V შესახვევი,1st Street's 5th Lane,5-й переулок 1-й улицы
1-ლი ქუჩის V ჩიხი,1st Street's 5th Dead End,5-й тупик 1-й улицы
მე-2 ქუჩა,2nd Street,2-я улица
მე-2 ქუჩის I შესახვევი,2nd Street's 1st Lane,1-й переулок 2-й улицы
მე-2 ქუჩის I ჩიხი,2nd Street's 1st Dead End,1-й тупик 2-й улицы
მე-2 ქუჩის II შესახვევი,2nd Street's 2nd Lane,2-й переулок 2-й улицы
მე-2 ქუჩის II ჩიხი,2nd Street's 2nd Dead End,2-й тупик 2-й улицы
მე-2 ქუჩის III შესახვევი,2nd Street's 3rd Lane,3-й переулок 2-й улицы
მე-2 ქუჩის III ჩიხი,2nd Street's 3rd Dead End,3-й тупик 2-й улицы
მე-2 ქუჩის IV შესახვევი,2nd Street's 4th Lane,4-й переулок 2-й улицы
მე-2 ქუჩის IV ჩიხი,2nd Street's 4th Dead End,4-й тупик 2-й улицы
მე-2 ქუჩის V შესახვევი,2nd Street's 5th Lane,5-й переулок 2-й улицы
მე-2 ქუჩის V ჩიხი,2nd Street's 5th Dead End,5-й тупик 2-й улицы
მე-3 ქუჩა,3rd Street,3-я улица
მე-3 ქუჩის I შესახვევი,3rd Street's 1st Lane,1-й переулок 3-й улицы
მე-3 ქუჩის I ჩიხი,3rd Street's 1st Dead End,1-й тупик 3-й улицы
მე-3 ქუჩის II შესახვევი,3rd Street's 2nd Lane,2-й переулок 3-й улицы
მე-3 ქუჩის II ჩიხი,3rd Street's 2nd Dead End,2-й тупик 3-й улицы
მე-3 ქუჩის III შესახვევი,3rd Street's 3rd Lane,3-й переулок 3-й улицы
მე-3 ქუჩის III ჩიხი,3rd Street's 3rd Dead End,3-й тупик 3-й улицы
მე-3 ქუჩის IV შესახვევი,3rd Street's 4th Lane,4-й переулок 3-й улицы
მე-3 ქუჩის IV ჩიხი,3rd Street's 4th Dead End,4-й тупик 3-й улицы
მე-3 ქუჩის V შესახვევი,3rd Street's 5th Lane,5-й переулок 3-й улицы
მე-3 ქუჩის V ჩიხი,3rd Street's 5th Dead End,5-й тупик 3-й улицы
მე-4 ქუჩა,4th Street,4-я улица
მე-4 ქუჩის I შესახვევი,4th Street's 1st Lane,1-й переулок 4-й улицы
მე-4 ქუჩის I ჩიხი,4th Street's 1st Dead End,1-й тупик 4-й улицы
მე-4 ქუჩის II შესახვევი,4th Street's 2nd Lane,2-й переулок 4-й улицы
მე-4 ქუჩის II ჩიხი,4th Street's 2nd Dead End,2-й тупик 4-й улицы
მე-4 ქუჩის III შესახვევი,4th Street's 3rd Lane,3-й переулок 4-й улицы
მე-4 ქუჩის III ჩიხი,4th Street's 3rd Dead End,3-й тупик 4-й улицы
მე-4 ქუჩის IV შესახვევი,4th Street's 4th Lane,4-й переулок 4-й улицы
მე-4 ქუჩის IV ჩიხი,4th Street's 4th Dead End,4-й тупик 4-й улицы
მე-4 ქუჩის V შესახვევი,4th Street's 5th Lane,5-й переулок 4-й улицы
მე-4 ქუჩის V ჩიხი,4th Street's 5th Dead End,5-й тупик 4-й улицы
მე-5 ქუჩა,5th Street,5-я улица
მე-5 ქუჩის I შესახვევი,5th Street's 1st Lane,1-й переулок 5-й улицы
მე-5 ქუჩის I ჩიხი,5th Street's 1st Dead End,1-й тупик 5-й улицы
მე-5 ქუჩის II შესახვევი,5th Street's 2nd Lane,2-й переулок 5-й улицы
მე-5 ქუჩის II ჩიხი,5th Street's 2nd Dead End,2-й тупик 5-й улицы
მე-5 ქუჩის III შესახვევი,5th Street's 3rd Lane,3-й переулок 5-й улицы
მე-5 ქუჩის III ჩიხი,5th Street's 3rd Dead End,3-й тупик 5-й улицы
მე-5 ქუჩის IV შესახვევი,5th Street's 4th Lane,4-й переулок 5-й улицы
მე-5 ქუჩის IV ჩიხი,5th Street's 4th Dead End,4-й тупик 5-й улицы
მე-5 ქუჩის V შესახვევი,5th Street's 5th Lane,5-й переулок 5-й улицы
მე-5 ქუჩის V ჩიხი,5th Street's 5th Dead End,5-й тупик 5-й улицы
მე-6 ქუჩა,6th Street,6-я улица
მე-6 ქუჩის I შესახვევი,6th Street's 1st Lane,1-й переулок 6-й улицы
მე-6 ქუჩის I ჩიხი,6th Street's 1st Dead End,1-й тупик 6-й улицы
მე-6 ქუჩის II შესახვევი,6th Street's 2nd Lane,2-й переулок 6-й улицы
მე-6 ქუჩის II ჩიხი,6th Street's 2nd Dead End,2-й тупик 6-й улицы
მე-6 ქუჩის III შესახვევი,6th Street's 3rd Lane,3-й переулок 6-й улицы
მე-6 ქუჩის III ჩიხი,6th Street's 3rd Dead End,3-й тупик 6-й улицы
მე-6 ქუჩის IV შესახვევი,6th Street's 4th Lane,4-й переулок 6-й улицы
მე-6 ქუჩის IV ჩიხი,6th Street's 4th Dead End,4-й тупик 6-й улицы
მე-6 ქუჩის V შესახვევი,6th Street's 5th Lane,5-й переулок 6-й улицы
მე-6 ქუჩის V ჩიხი,6th Street's 5th Dead End,5-й тупик 6-й улицы
მე-7 ქუჩა,7th Street,7-я улица
მე-7 ქუჩის I შესახვევი,7th Street's 1st Lane,1-й переулок 7-й улицы
მე-7 ქუჩის I ჩიხი,7th Street's 1st Dead End,1-й тупик 7-й улицы
მე-7 ქუჩის II შესახვევი,7th Street's 2nd Lane,2-й переулок 7-й улицы
მე-7 ქუჩის II ჩიხი,7th Street's 2nd Dead End,2-й тупик 7-й улицы
მე-7 ქუჩის III შესახვევი,7th Street's 3rd Lane,3-й переулок 7-й улицы
მე-7 ქუჩის III ჩიხი,7th Street's 3rd Dead End,3-й тупик 7-й улицы
მე-7 ქუჩის IV შესახვევი,7th Street's 4th Lane,4-й переулок 7-й улицы
მე-7 ქუჩის IV ჩიხი,7th Street's 4th Dead End,4-й тупик 7-й улицы
მე-7 ქუჩის V შესახვევი,7th Street's 5th Lane,5-й переулок 7-й улицы
მე-7 ქუჩის V ჩიხი,7th Street's 5th Dead End,5-й тупик 7-й улицы
მე-8 ქუჩა,8th Street,8-я улица
მე-8 ქუჩის I შესახვევი,8th Street's 1st Lane,1-й переулок 8-й улицы
მე-8 ქუჩის I ჩიხი,8th Street's 1st Dead End,1-й тупик 8-й улицы
მე-8 ქუჩის II შესახვევი,8th Street's 2nd Lane,2-й переулок 8-й улицы
მე-8 ქუჩის II ჩიხი,8th Street's 2nd Dead End,2-й тупик 8-й улицы
მე-8 ქუჩის III შესახვევი,8th Street's 3rd Lane,3-й переулок 8-й улицы
მე-8 ქუჩის III ჩიხი,8th Street's 3rd Dead End,3-й тупик 8-й улицы
მე-8 ქუჩის IV შესახვევი,8th Street's 4th Lane,4-й переулок 8-й улицы
მე-8 ქუჩის IV ჩიხი,8th Street's 4th Dead End,4-й тупик 8-й улицы
მე-8 ქუჩის V შესახვევი,8th Street's 5th Lane,5-й переулок 8-й улицы
მე-8 ქუჩის V ჩიხი,8th Street's 5th Dead End,5-й тупик 8-й улицы
მე-9 ქუჩა,9th Street,9-я улица
მე-9 ქუჩის I შესახვევი,9th Street's 1st Lane,1-й переулок 9-й улицы
მე-9 ქუჩის I ჩიხი,9th Street's 1st Dead End,1-й тупик 9-й улицы
მე-9 ქუჩის II შესახვევი,9th Street's 2nd Lane,2-й переулок 9-й улицы
მე-9 ქუჩის II ჩიხი,9th Street's 2nd Dead End,2-й тупик 9-й улицы
მე-9 ქუჩის III შესახვევი,9th Street's 3rd Lane,3-й переулок 9-й улицы
მე-9 ქუჩის III ჩიხი,9th Street's 3rd Dead End,3-й тупик 9-й улицы
მე-9 ქუჩის IV შესახვევი,9th Street's 4th Lane,4-й переулок 9-й улицы
მე-9 ქუჩის IV ჩიხი,9th Street's 4th Dead End,4-й тупик 9-й улицы
მე-9 ქუჩის V შესახვევი,9th Street's 5th Lane,5-й переулок 9-й улицы
მე-9 ქუჩის V ჩიხი,9th Street's 5th Dead End,5-й тупик 9-й улицы
მე-10 ქუჩა,10th Street,10-я улица
მე-10 ქუჩის I შესახვევი,10th Street's 1st Lane,1-й переулок 10-й улицы
მე-10 ქუჩის I ჩიხი,10th Street's 1st Dead End,1-й тупик 10-й улицы
მე-10 ქუჩის II შესახვევი,10th Street's 2nd Lane,2-й переулок 10-й улицы
მე-10 ქუჩის II ჩიხი,10th Street's 2nd Dead End,2-й тупик 10-й улицы
მე-10 ქუჩის III შესახვევი,10th Street's 3rd Lane,3-й переулок 10-й улицы
მე-10 ქუჩის III ჩიხი,10th Street's 3rd Dead End,3-й тупик 10-й улицы
მე-10 ქუჩის IV შესახვევი,10th Street's 4th Lane,4-й переулок 10-й улицы
მე-10 ქუჩის IV ჩიხი,10th Street's 4th Dead End,4-й тупик 10-й улицы
მე-10 ქუჩის V შესახვევი,10th Street's 5th Lane,5-й переулок 10-й улицы
მე-10 ქუჩის V ჩიხი,10th Street's 5th Dead End,5-й тупик 10-й улицы
მე-11 ქუჩა,11th Street,11-я улица
მე-11 ქუჩის I შესახვევი,11th Street's 1st Lane,1-й переулок 11-й улицы
მე-11 ქუჩის I ჩიხი,11th Street's 1st Dead End,1-й тупик 11-й улицы
მე-11 ქუჩის II შესახვევი,11th Street's 2nd Lane,2-й переулок 11-й улицы
მე-11 ქუჩის II ჩიხი,11th Street's 2nd Dead End,2-й тупик 11-й улицы
მე-11 ქუჩის III შესახვევი,11th Street's 3rd Lane,3-й переулок 11-й улицы
მე-11 ქუჩის III ჩიხი,11th Street's 3rd Dead End,3-й тупик 11-й улицы
მე-11 ქუჩის IV შესახვევი,11th Street's 4th Lane,4-й переулок 11-й улицы
მე-11 ქუჩის IV ჩიხი,11th Street's 4th Dead End,4-й тупик 11-й улицы
მე-11 ქუჩის V შესახვევი,11th Street's 5th Lane,5-й переулок 11-й улицы
მე-11 ქუჩის V ჩიხი,11th Street's 5th Dead End,5-й тупик 11-й улицы
მე-12 ქუჩა,12th Street,12-я улица
მე-12 ქუჩის I შესახვევი,12th Street's 1st Lane,1-й переулок 12-й улицы
მე-12 ქუჩის I ჩიხი,12th Street's 1st Dead End,1-й тупик 12-й улицы
მე-12 ქუჩის II შესახვევი,12th Street's 2nd Lane,2-й переулок 12-й улицы
მე-12 ქუჩის II ჩიხი,12th Street's 2nd Dead End,2-й тупик 12-й улицы
მე-12 ქუჩის III შესახვევი,12th Street's 3rd Lane,3-й переулок 12-й улицы
მე-12 ქუჩის III ჩიხი,12th Street's 3rd Dead End,3-й тупик 12-й улицы
მე-12 ქუჩის IV შესახვევი,12th Street's 4th Lane,4-й переулок 12-й улицы
მე-12 ქუჩის IV ჩიხი,12th Street's 4th Dead End,4-й тупик 12-й улицы
მე-12 ქუჩის V შესახვევი,12th Street's 5th Lane,5-й переулок 12-й улицы
მე-12 ქუჩის V ჩიხი,12th Street's 5th Dead End,5-й тупик 12-й улицы
მე-13 ქუჩა,13th Street,13-я улица
მე-13 ქუჩის I შესახვევი,13th Street's 1st Lane,1-й переулок 13-й улицы
მე-13 ქუჩის I ჩიხი,13th Street's 1st Dead End,1-й тупик 13-й улицы
მე-13 ქუჩის II შესახვევი,13th Street's 2nd Lane,2-й переулок 13-й улицы
მე-13 ქუჩის II ჩიხი,13th Street's 2nd Dead End,2-й тупик 13-й улицы
მე-13 ქუჩის III შესახვევი,13th Street's 3rd Lane,3-й переулок 13-й улицы
მე-13 ქუჩის III ჩიხი,13th Street's 3rd Dead End,3-й тупик 13-й улицы
მე-13 ქუჩის IV შესახვევი,13th Street's 4th Lane,4-й переулок 13-й улицы
მე-13 ქუჩის IV ჩიხი,13th Street's 4th Dead End,4-й тупик 13-й улицы
მე-13 ქუჩის V შესახვევი,13th Street's 5th Lane,5-й переулок 13-й улицы
მე-13 ქუჩის V ჩიხი,13th Street's 5th Dead End,5-й тупик 13-й улицы
მე-14 ქუჩა,14th Street,14-я улица
მე-14 ქუჩის I შესახვევი,14th Street's 1st Lane,1-й переулок 14-й улицы
მე-14 ქუჩის I ჩიხი,14th Street's 1st Dead End,1-й тупик 14-й улицы
მე-14 ქუჩის II შესახვევი,14th Street's 2nd Lane,2-й переулок 14-й улицы
მე-14 ქუჩის II ჩიხი,14th Street's 2nd Dead End,2-й тупик 14-й улицы
მე-14 ქუჩის III შესახვევი,14th Street's 3rd Lane,3-й переулок 14-й улицы
მე-14 ქუჩის III ჩიხი,14th Street's 3rd Dead End,3-й тупик 14-й улицы
მე-14 ქუჩის IV შესახვევი,14th Street's 4th Lane,4-й переулок 14-й улицы
მე-14 ქუჩის IV ჩიხი,14th Street's 4th Dead End,4-й тупик 14-й улицы
მე-14 ქუჩის V შესახვევი,14th Street's 5th Lane,5-й переулок 14-й улицы
მე-14 ქუჩის V ჩიხი,14th Street's 5th Dead End,5-й тупик 14-й улицы
მე-15 ქუჩა,15th Street,15-я улица
მე-15 ქუჩის I შესახვევი,15th Street's 1st Lane,1-й переулок 15-й улицы
მე-15 ქუჩის I ჩიხი,15th Street's 1st Dead End,1-й тупик 15-й улицы
მე-15 ქუჩის II შესახვევი,15th Street's 2nd Lane,2-й переулок 15-й улицы
მე-15 ქუჩის II ჩიხი,15th Street's 2nd Dead End,2-й тупик 15-й улицы
მე-15 ქუჩის III შესახვევი,15th Street's 3rd Lane,3-й переулок 15-й улицы
მე-15 ქუჩის III ჩიხი,15th Street's 3rd Dead End,3-й тупик 15-й улицы
მე-15 ქუჩის IV შესახვევი,15th Street's 4th Lane,4-й переулок 15-й улицы
მე-15 ქუჩის IV ჩიხი,15th Street's 4th Dead End,4-й тупик 15-й улицы
მე-15 ქუჩის V შესახვევი,15th Street's 5th Lane,5-й переулок 15-й улицы
მე-15 ქუჩის V ჩიხი,15th Street's 5th Dead End,5-й тупик 15-й улицы
მე-16 ქუჩა,16th Street,16-я улица
მე-16 ქუჩის I შესახვევი,16th Street's 1st Lane,1-й переулок 16-й улицы
მე-16 ქუჩის I ჩიხი,16th Street's 1st Dead End,1-й тупик 16-й улицы
მე-16 ქუჩის II შესახვევი,16th Street's 2nd Lane,2-й переулок 16-й улицы
მე-16 ქუჩის II ჩიხი,16th Street's 2nd Dead End,2-й тупик 16-й улицы
მე-16 ქუჩის III შესახვევი,16th Street's 3rd Lane,3-й переулок 16-й улицы
მე-16 ქუჩის III ჩიხი,16th Street's 3rd Dead End,3-й тупик 16-й улицы
მე-16 ქუჩის IV შესახვევი,16th Street's 4th Lane,4-й переулок 16-й улицы
მე-16 ქუჩის IV ჩიხი,16th Street's 4th Dead End,4-й тупик 16-й улицы
მე-16 ქუჩის V შესახვევი,16th Street's 5th Lane,5-й переулок 16-й улицы
მე-16 ქუჩის V ჩიხი,16th Street's 5th Dead End,5-й тупик 16-й улицы
მე-17 ქუჩა,17th Street,17-я улица
მე-17 ქუჩის I შესახვევი,17th Street's 1st Lane,1-й переулок 17-й улицы
მე-17 ქუჩის I ჩიხი,17th Street's 1st Dead End,1-й тупик 17-й улицы
მე-17 ქუჩის II შესახვევი,17th Street's 2nd Lane,2-й переулок 17-й улицы
მე-17 ქუჩის II ჩიხი,17th Street's 2nd Dead End,2-й тупик 17-й улицы
მე-17 ქუჩის III შესახვევი,17th Street's 3rd Lane,3-й переулок 17-й улицы
მე-17 ქუჩის III ჩიხი,17th Street's 3rd Dead End,3-й тупик 17-й улицы
მე-17 ქუჩის IV შესახვევი,17th Street's 4th Lane,4-й переулок 17-й улицы
მე-17 ქუჩის IV ჩიხი,17th Street's 4th Dead End,4-й тупик 17-й улицы
მე-17 ქუჩის V შესახვევი,17th Street's 5th Lane,5-й переулок 17-й улицы
მე-17 ქუჩის V ჩიხი,17th Street's 5th Dead End,5-й тупик 17-й улицы
მე-18 ქუჩა,18th Street,18-я улица
მე-18 ქუჩის I შესახვევი,18th Street's 1st Lane,1-й переулок 18-й улицы
მე-18 ქუჩის I ჩიხი,18th Street's 1st Dead End,1-й тупик 18-й улицы
მე-18 ქუჩის II შესახვევი,18th Street's 2nd Lane,2-й переулок 18-й улицы
მე-18 ქუჩის II ჩიხი,18th Street's 2nd Dead End,2-й тупик 18-й улицы
მე-18 ქუჩის III შესახვევი,18th Street's 3rd Lane,3-й переулок 18-й улицы
მე-18 ქუჩის III ჩიხი,18th Street's 3rd Dead End,3-й тупик 18-й улицы
მე-18 ქუჩის IV შესახვევი,18th Street's 4th Lane,4-й переулок 18-й улицы
მე-18 ქუჩის IV ჩიხი,18th Street's 4th Dead End,4-й тупик 18-й улицы
მე-18 ქუჩის V შესახვევი,18th Street's 5th Lane,5-й переулок 18-й улицы
მე-18 ქუჩის V ჩიხი,18th Street's 5th Dead End,5-й тупик 18-й улицы
მე-19 ქუჩა,19th Street,19-я улица
მე-19 ქუჩის I შესახვევი,19th Street's 1st Lane,1-й переулок 19-й улицы
მე-19 ქუჩის I ჩიხი,19th Street's 1st Dead End,1-й тупик 19-й улицы
მე-19 ქუჩის II შესახვევი,19th Street's 2nd Lane,2-й переулок 19-й улицы
მე-19 ქუჩის II ჩიხი,19th Street's 2nd Dead End,2-й тупик 19-й улицы
მე-19 ქუჩის III შესახვევი,19th Street's 3rd Lane,3-й переулок 19-й улицы
მე-19 ქუჩის III ჩიხი,19th Street's 3rd Dead End,3-й тупик 19-й улицы
მე-19 ქუჩის IV შესახვევი,19th Street's 4th Lane,4-й переулок 19-й улицы
მე-19 ქუჩის IV ჩიხი,19th Street's 4th Dead End,4-й тупик 19-й улицы
მე-19 ქუჩის V შესახვევი,19th Street's 5th Lane,5-й переулок 19-й улицы
მე-19 ქუჩის V ჩიხი,19th Street's 5th Dead End,5-й тупик 19-й улицы
მე-20 ქუჩა,20th Street,20-я улица
მე-20 ქუჩის I შესახვევი,20th Street's 1st Lane,1-й переулок 20-й улицы
მე-20 ქუჩის I ჩიხი,20th Street's 1st Dead End,1-й тупик 20-й улицы
მე-20 ქუჩის II შესახვევი,20th Street's 2nd Lane,2-й переулок 20-й улицы
მე-20 ქუჩის II ჩიხი,20th Street's 2nd Dead End,2-й тупик 20-й улицы
მე-20 ქუჩის III შესახვევი,20th Street's 3rd Lane,3-й переулок 20-й улицы
მე-20 ქუჩის III ჩიხი,20th Street's 3rd Dead End,3-й тупик 20-й улицы
მე-20 ქუჩის IV შესახვევი,20th Street's 4th Lane,4-й переулок 20-й улицы
მე-20 ქუჩის IV ჩიხი,20th Street's 4th Dead End,4-й тупик 20-й улицы
მე-20 ქუჩის V შესახვევი,20th Street's 5th Lane,5-й переулок 20-й улицы
მე-20 ქუჩის V ჩიხი,20th Street's 5th Dead End,5-й тупик 20-й улицы
21-ე ქუჩა,21st Street,21-я улица
21-ე ქუჩის I შესახვევი,21st Street's 1st Lane,1-й переулок 21-й улицы
21-ე ქუჩის I ჩიხი,21st Street's 1st Dead End,1-й тупик 21-й улицы
21-ე ქუჩის II შესახვევი,21st Street's 2nd Lane,2-й переулок 21-й улицы
21-ე ქუჩის II ჩიხი,21st Street's 2nd Dead End,2-й тупик 21-й улицы
21-ე ქუჩის III შესახვევი,21st Street's 3rd Lane,3-й переулок 21-й улицы
21-ე ქუჩის III ჩიხი,21st Street's 3rd Dead End,3-й тупик 21-й улицы
21-ე ქუჩის IV შესახვევი,21st Street's 4th Lane,4-й переулок 21-й улицы
21-ე ქუჩის IV ჩიხი,21st Street's 4th Dead End,4-й тупик 21-й улицы
21-ე ქუჩის V შესახვევი,21st Street's 5th Lane,5-й переулок 21-й улицы
21-ე ქუჩის V ჩიხი,21st Street's 5th Dead End,5-й тупик 21-й улицы
22-ე ქუჩა,22nd Street,22-я улица
22-ე ქუჩის I შესახვევი,22nd Street's 1st Lane,1-й переулок 22-й улицы
22-ე ქუჩის I ჩიხი,22nd Street's 1st Dead End,1-й тупик 22-й улицы
22-ე ქუჩის II შესახვევი,22nd Street's 2nd Lane,2-й переулок 22-й улицы
22-ე ქუჩის II ჩიხი,22nd Street's 2nd Dead End,2-й тупик 22-й улицы
22-ე ქუჩის III შესახვევი,22nd Street's 3rd Lane,3-й переулок 22-й улицы
22-ე ქუჩის III ჩიხი,22nd Street's 3rd Dead End,3-й тупик 22-й улицы
22-ე ქუჩის IV შესახვევი,22nd Street's 4th Lane,4-й переулок 22-й улицы
22-ე ქუჩის IV ჩიხი,22nd Street's 4th Dead End,4-й тупик 22-й улицы
22-ე ქუჩის V შესახვევი,22nd Street's 5th Lane,5-й переулок 22-й улицы
22-ე ქუჩის V ჩიხი,22nd Street's 5th Dead End,5-й тупик 22-й улицы
23-ე ქუჩა,23rd Street,23-я улица
23-ე ქუჩის I შესახვევი,23rd Street's 1st Lane,1-й переулок 23-й улицы
23-ე ქუჩის I ჩიხი,23rd Street's 1st Dead End,1-й тупик 23-й улицы
23-ე ქუჩის II შესახვევი,23rd Street's 2nd Lane,2-й переулок 23-й улицы
23-ე ქუჩის II ჩიხი,23rd Street's 2nd Dead End,2-й тупик 23-й улицы
23-ე ქუჩის III შესახვევი,23rd Street's 3rd Lane,3-й переулок 23-й улицы
23-ე ქუჩის III ჩიხი,23rd Street's 3rd Dead End,3-й тупик 23-й улицы
23-ე ქუჩის IV შესახვევი,23rd Street's 4th Lane,4-й переулок 23-й улицы
23-ე ქუჩის IV ჩიხი,23rd Street's 4th Dead End,4-й тупик 23-й улицы
23-ე ქუჩის V შესახვევი,23rd Street's 5th Lane,5-й переулок 23-й улицы
23-ე ქუჩის V ჩიხი,23rd Street's 5th Dead End,5-й тупик 23-й улицы
24-ე ქუჩა,24th Street,24-я улица
24-ე ქუჩის I შესახვევი,24th Street's 1st Lane,1-й переулок 24-й улицы
24-ე ქუჩის I ჩიხი,24th Street's 1st Dead End,1-й тупик 24-й улицы
24-ე ქუჩის II შესახვევი,24th Street's 2nd Lane,2-й переулок 24-й улицы
24-ე ქუჩის II ჩიხი,24th Street's 2nd Dead End,2-й тупик 24-й улицы
24-ე ქუჩის III შესახვევი,24th Street's 3rd Lane,3-й переулок 24-й улицы
24-ე ქუჩის III ჩიხი,24th Street's 3rd Dead End,3-й тупик 24-й улицы
24-ე ქუჩის IV შესახვევი,24th Street's 4th Lane,4-й переулок 24-й улицы
24-ე ქუჩის IV ჩიხი,24th Street's 4th Dead End,4-й тупик 24-й улицы
24-ე ქუჩის V შესახვევი,24th Street's 5th Lane,5-й переулок 24-й улицы
24-ე ქუჩის V ჩიხი,24th Street's 5th Dead End,5-й тупик 24-й улицы
25-ე ქუჩა,25th Street,25-я улица
25-ე ქუჩის I შესახვევი,25th Street's 1st Lane,1-й переулок 25-й улицы
25-ე ქუჩის I ჩიხი,25th Street's 1st Dead End,1-й тупик 25-й улицы
25-ე ქუჩის II შესახვევი,25th Street's 2nd Lane,2-й переулок 25-й улицы
25-ე ქუჩის II ჩიხი,25th Street's 2nd Dead End,2-й тупик 25-й улицы
25-ე ქუჩის III შესახვევი,25th Street's 3rd Lane,3-й переулок 25-й улицы
25-ე ქუჩის III ჩიხი,25th Street's 3rd Dead End,3-й тупик 25-й улицы
25-ე ქუჩის IV შესახვევი,25th Street's 4th Lane,4-й переулок 25-й улицы
25-ე ქუჩის IV ჩიხი,25th Street's 4th Dead End,4-й тупик 25-й улицы
25-ე ქუჩის V შესახვევი,25th Street's 5th Lane,5-й переулок 25-й улицы
25-ე ქუჩის V ჩიხი,25th Street's 5th Dead End,5-й тупик 25-й улицы
26-ე ქუჩა,26th Street,26-я улица
26-ე ქუჩის I შესახვევი,26th Street's 1st Lane,1-й переулок 26-й улицы
26-ე ქუჩის I ჩიხი,26th Street's 1st Dead End,1-й тупик 26-й улицы
26-ე ქუჩის II შესახვევი,26th Street's 2nd Lane,2-й переулок 26-й улицы
26-ე ქუჩის II ჩიხი,26th Street's 2nd Dead End,2-й тупик 26-й улицы
26-ე ქუჩის III შესახვევი,26th Street's 3rd Lane,3-й переулок 26-й улицы
26-ე ქუჩის III ჩიხი,26th Street's 3rd Dead End,3-й тупик 26-й улицы
26-ე ქუჩის IV შესახვევი,26th Street's 4th Lane,4-й переулок 26-й улицы
26-ე ქუჩის IV ჩიხი,26th Street's 4th Dead End,4-й тупик 26-й улицы
26-ე ქუჩის V შესახვევი,26th Street's 5th Lane,5-й переулок 26-й улицы
26-ე ქუჩის V ჩიხი,26th Street's 5th Dead End,5-й тупик 26-й улицы
27-ე ქუჩა,27th Street,27-я улица
27-ე ქუჩის I შესახვევი,27th Street's 1st Lane,1-й переулок 27-й улицы
27-ე ქუჩის I ჩიხი,27th Street's 1st Dead End,1-й тупик 27-й улицы
27-ე ქუჩის II შესახვევი,27th Street's 2nd Lane,2-й переулок 27-й улицы
27-ე ქუჩის II ჩიხი,27th Street's 2nd Dead End,2-й тупик 27-й улицы
27-ე ქუჩის III შესახვევი,27th Street's 3rd Lane,3-й переулок 27-й улицы
27-ე ქუჩის III ჩიხი,27th Street's 3rd Dead End,3-й тупик 27-й улицы
27-ე ქუჩის IV შესახვევი,27th Street's 4th Lane,4-й переулок 27-й улицы
27-ე ქუჩის IV ჩიხი,27th Street's 4th Dead End,4-й тупик 27-й улицы
27-ე ქუჩის V შესახვევი,27th Street's 5th Lane,5-й переулок 27-й улицы
27-ე ქუჩის V ჩიხი,27th Street's 5th Dead End,5-й тупик 27-й улицы
28-ე ქუჩა,28th Street,28-я улица
28-ე ქუჩის I შესახვევი,28th Street's 1st Lane,1-й переулок 28-й улицы
28-ე ქუჩის I ჩიხი,28th Street's 1st Dead End,1-й тупик 28-й улицы
28-ე ქუჩის II შესახვევი,28th Street's 2nd Lane,2-й переулок 28-й улицы
28-ე ქუჩის II ჩიხი,28th Street's 2nd Dead End,2-й тупик 28-й улицы
28-ე ქუჩის III შესახვევი,28th Street's 3rd Lane,3-й переулок 28-й улицы
28-ე ქუჩის III ჩიხი,28th Street's 3rd Dead End,3-й тупик 28-й улицы
28-ე ქუჩის IV შესახვევი,28th Street's 4th Lane,4-й переулок 28-й улицы
28-ე ქუჩის IV ჩიხი,28th Street's 4th Dead End,4-й тупик 28-й улицы
28-ე ქუჩის V შესახვევი,28th Street's 5th Lane,5-й переулок 28-й улицы
28-ე ქუჩის V ჩიხი,28th Street's 5th Dead End,5-й тупик 28-й улицы
29-ე ქუჩა,29th Street,29-я улица
29-ე ქუჩის I შესახვევი,29th Street's 1st Lane,1-й переулок 29-й улицы
29-ე ქუჩის I ჩიხი,29th Street's 1st Dead End,1-й тупик 29-й улицы
29-ე ქუჩის II შესახვევი,29th Street's 2nd Lane,2-й переулок 29-й улицы
29-ე ქუჩის II ჩიხი,29th Street's 2nd Dead End,2-й тупик 29-й улицы
29-ე ქუჩის III შესახვევი,29th Street's 3rd Lane,3-й переулок 29-й улицы
29-ე ქუჩის III ჩიხი,29th Street's 3rd Dead End,3-й тупик 29-й улицы
29-ე ქუჩის IV შესახვევი,29th Street's 4th Lane,4-й переулок 29-й улицы
29-ე ქუჩის IV ჩიხი,29th Street's 4th Dead End,4-й тупик 29-й улицы
29-ე ქუჩის V შესახვევი,29th Street's 5th Lane,5-й переулок 29-й улицы
29-ე ქუჩის V ჩიხი,29th Street's 5th Dead End,5-й тупик 29-й улицы
30-ე ქუჩა,30th Street,30-я улица
30-ე ქუჩის I შესახვევი,30th Street's 1st Lane,1-й переулок 30-й улицы
30-ე ქუჩის I ჩიხი,30th Street's 1st Dead End,1-й тупик 30-й улицы
30-ე ქუჩის II შესახვევი,30th Street's 2nd Lane,2-й переулок 30-й улицы
30-ე ქუჩის II ჩიხი,30th Street's 2nd Dead End,2-й тупик 30-й улицы
30-ე ქუჩის III შესახვევი,30th Street's 3rd Lane,3-й переулок 30-й улицы
30-ე ქუჩის III ჩიხი,30th Street's 3rd Dead End,3-й тупик 30-й улицы
30-ე ქუჩის IV შესახვევი,30th Street's 4th Lane,4-й переулок 30-й улицы
30-ე ქუჩის IV ჩიხი,30th Street's 4th Dead End,4-й тупик 30-й улицы
30-ე ქუჩის V შესახვევი,30th Street's 5th Lane,5-й переулок 30-й улицы
30-ე ქუჩის V ჩიხი,30th Street's 5th Dead End,5-й тупик 30-й улицы
31-ე ქუჩა,31st Street,31-я улица
31-ე ქუჩის I შესახვევი,31st Street's 1st Lane,1-й переулок 31-й улицы
31-ე ქუჩის I ჩიხი,31st Street's 1st Dead End,1-й тупик 31-й улицы
31-ე ქუჩის II შესახვევი,31st Street's 2nd Lane,2-й переулок 31-й улицы
31-ე ქუჩის II ჩიხი,31st Street's 2nd Dead End,2-й тупик 31-й улицы
31-ე ქუჩის III შესახვევი,31st Street's 3rd Lane,3-й переулок 31-й улицы
31-ე ქუჩის III ჩიხი,31st Street's 3rd Dead End,3-й тупик 31-й улицы
31-ე ქუჩის IV შესახვევი,31st Street's 4th Lane,4-й переулок 31-й улицы
31-ე ქუჩის IV ჩიხი,31st Street's 4th Dead End,4-й тупик 31-й улицы
31-ე ქუჩის V შესახვევი,31st Street's 5th Lane,5-й переулок 31-й улицы
31-ე ქუჩის V ჩიხი,31st Street's 5th Dead End,5-й тупик 31-й улицы
32-ე ქუჩა,32nd Street,32-я улица
32-ე ქუჩის I შესახვევი,32nd Street's 1st Lane,1-й переулок 32-й улицы
32-ე ქუჩის I ჩიხი,32nd Street's 1st Dead End,1-й тупик 32-й улицы
32-ე ქუჩის II შესახვევი,32nd Street's 2nd Lane,2-й переулок 32-й улицы
32-ე ქუჩის II ჩიხი,32nd Street's 2nd Dead End,2-й тупик 32-й улицы
32-ე ქუჩის III შესახვევი,32nd Street's 3rd Lane,3-й переулок 32-й улицы
32-ე ქუჩის III ჩიხი,32nd Street's 3rd Dead End,3-й тупик 32-й улицы
32-ე ქუჩის IV შესახვევი,32nd Street's 4th Lane,4-й переулок 32-й улицы
32-ე ქუჩის IV ჩიხი,32nd Street's 4th Dead End,4-й тупик 32-й улицы
32-ე ქუჩის V შესახვევი,32nd Street's 5th Lane,5-й переулок 32-й улицы
32-ე ქუჩის V ჩიხი,32nd Street's 5th Dead End,5-й тупик 32-й улицы
33-ე ქუჩა,33rd Street,33-я улица
33-ე ქუჩის I შესახვევი,33rd Street's 1st Lane,1-й переулок 33-й улицы
33-ე ქუჩის I ჩიხი,33rd Street's 1st Dead End,1-й тупик 33-й улицы
33-ე ქუჩის II შესახვევი,33rd Street's 2nd Lane,2-й переулок 33-й улицы
33-ე ქუჩის II ჩიხი,33rd Street's 2nd Dead End,2-й тупик 33-й улицы
33-ე ქუჩის III შესახვევი,33rd Street's 3rd Lane,3-й переулок 33-й улицы
33-ე ქუჩის III ჩიხი,33rd Street's 3rd Dead End,3-й тупик 33-й улицы
33-ე ქუჩის IV შესახვევი,33rd Street's 4th Lane,4-й переулок 33-й улицы
33-ე ქუჩის IV ჩიხი,33rd Street's 4th Dead End,4-й тупик 33-й улицы
33-ე ქუჩის V შესახვევი,33rd Street's 5th Lane,5-й переулок 33-й улицы
33-ე ქუჩის V ჩიხი,33rd Street's 5th Dead End,5-й тупик 33-й улицы
34-ე ქუჩა,34th Street,34-я улица
34-ე ქუჩის I შესახვევი,34th Street's 1st Lane,1-й переулок 34-й улицы
34-ე ქუჩის I ჩიხი,34th Street's 1st Dead End,1-й тупик 34-й улицы
34-ე ქუჩის II შესახვევი,34th Street's 2nd Lane,2-й переулок 34-й улицы
34-ე ქუჩის II ჩიხი,34th Street's 2nd Dead End,2-й тупик 34-й улицы
34-ე ქუჩის III შესახვევი,34th Street's 3rd Lane,3-й переулок 34-й улицы
34-ე ქუჩის III ჩიხი,34th Street's 3rd Dead End,3-й тупик 34-й улицы
34-ე ქუჩის IV შესახვევი,34th Street's 4th Lane,4-й переулок 34-й улицы
34-ე ქუჩის IV ჩიხი,34th Street's 4th Dead End,4-й тупик 34-й улицы
34-ე ქუჩის V შესახვევი,34th Street's 5th Lane,5-й переулок 34-й улицы
34-ე ქუჩის V ჩიხი,34th Street's 5th Dead End,5-й тупик 34-й улицы
35-ე ქუჩა,35th Street,35-я улица
35-ე ქუჩის I შესახვევი,35th Street's 1st Lane,1-й переулок 35-й улицы
35-ე ქუჩის I ჩიხი,35th Street's 1st Dead End,1-й тупик 35-й улицы
35-ე ქუჩის II შესახვევი,35th Street's 2nd Lane,2-й переулок 35-й улицы
35-ე ქუჩის II ჩიხი,35th Street's 2nd Dead End,2-й тупик 35-й улицы
35-ე ქუჩის III შესახვევი,35th Street's 3rd Lane,3-й переулок 35-й улицы
35-ე ქუჩის III ჩიხი,35th Street's 3rd Dead End,3-й тупик 35-й улицы
35-ე ქუჩის IV შესახვევი,35th Street's 4th Lane,4-й переулок 35-й улицы
35-ე ქუჩის IV ჩიხი,35th Street's 4th Dead End,4-й тупик 35-й улицы
35-ე ქუჩის V შესახვევი,35th Street's 5th Lane,5-й переулок 35-й улицы
35-ე ქუჩის V ჩიხი,35th Street's 5th Dead End,5-й тупик 35-й улицы
36-ე ქუჩა,36th Street,36-я улица
36-ე ქუჩის I შესახვევი,36th Street's 1st Lane,1-й переулок 36-й улицы
36-ე ქუჩის I ჩიხი,36th Street's 1st Dead End,1-й тупик 36-й улицы
36-ე ქუჩის II შესახვევი,36th Street's 2nd Lane,2-й переулок 36-й улицы
36-ე ქუჩის II ჩიხი,36th Street's 2nd Dead End,2-й тупик 36-й улицы
36-ე ქუჩის III შესახვევი,36th Street's 3rd Lane,3-й переулок 36-й улицы
36-ე ქუჩის III ჩიხი,36th Street's 3rd Dead End,3-й тупик 36-й улицы
36-ე ქუჩის IV შესახვევი,36th Street's 4th Lane,4-й переулок 36-й улицы
36-ე ქუჩის IV ჩიხი,36th Street's 4th Dead End,4-й тупик 36-й улицы
36-ე ქუჩის V შესახვევი,36th Street's 5th Lane,5-й переулок 36-й улицы
36-ე ქუჩის V ჩიხი,36th Street's 5th Dead End,5-й тупик 36-й улицы
37-ე ქუჩა,37th Street,37-я улица
37-ე ქუჩის I შესახვევი,37th Street's 1st Lane,1-й переулок 37-й улицы
37-ე ქუჩის I ჩიხი,37th Street's 1st Dead End,1-й тупик 37-й улицы
37-ე ქუჩის II შესახვევი,37th Street's 2nd Lane,2-й переулок 37-й улицы
37-ე ქუჩის II ჩიხი,37th Street's 2nd Dead End,2-й тупик 37-й улицы
37-ე ქუჩის III შესახვევი,37th Street's 3rd Lane,3-й переулок 37-й улицы
37-ე ქუჩის III ჩიხი,37th Street's 3rd Dead End,3-й тупик 37-й улицы
37-ე ქუჩის IV შესახვევი,37th Street's 4th Lane,4-й переулок 37-й улицы
37-ე ქუჩის IV ჩიხი,37th Street's 4th Dead End,4-й тупик 37-й улицы
37-ე ქუჩის V შესახვევი,37th Street's 5th Lane,5-й переулок 37-й улицы
37-ე ქუჩის V ჩიხი,37th Street's 5th Dead End,5-й тупик 37-й улицы
38-ე ქუჩა,38th Street,38-я улица
38-ე ქუჩის I შესახვევი,38th Street's 1st Lane,1-й переулок 38-й улицы
38-ე ქუჩის I ჩიხი,38th Street's 1st Dead End,1-й тупик 38-й улицы
38-ე ქუჩის II შესახვევი,38th Street's 2nd Lane,2-й переулок 38-й улицы
38-ე ქუჩის II ჩიხი,38th Street's 2nd Dead End,2-й тупик 38-й улицы
38-ე ქუჩის III შესახვევი,38th Street's 3rd Lane,3-й переулок 38-й улицы
38-ე ქუჩის III ჩიხი,38th Street's 3rd Dead End,3-й тупик 38-й улицы
38-ე ქუჩის IV შესახვევი,38th Street's 4th Lane,4-й переулок 38-й улицы
38-ე ქუჩის IV ჩიხი,38th Street's 4th Dead End,4-й тупик 38-й улицы
38-ე ქუჩის V შესახვევი,38th Street's 5th Lane,5-й переулок 38-й улицы
38-ე ქუჩის V ჩიხი,38th Street's 5th Dead End,5-й тупик 38-й улицы
39-ე ქუჩა,39th Street,39-я улица
39-ე ქუჩის I შესახვევი,39th Street's 1st Lane,1-й переулок 39-й улицы
39-ე ქუჩის I ჩიხი,39th Street's 1st Dead End,1-й тупик 39-й улицы
39-ე ქუჩის II შესახვევი,39th Street's 2nd Lane,2-й переулок 39-й улицы
39-ე ქუჩის II ჩიხი,39th Street's 2nd Dead End,2-й тупик 39-й улицы
39-ე ქუჩის III შესახვევი,39th Street's 3rd Lane,3-й переулок 39-й улицы
39-ე ქუჩის III ჩიხი,39th Street's 3rd Dead End,3-й тупик 39-й улицы
39-ე ქუჩის IV შესახვევი,39th Street's 4th Lane,4-й переулок 39-й улицы
39-ე ქუჩის IV ჩიხი,39th Street's 4th Dead End,4-й тупик 39-й улицы
39-ე ქუჩის V შესახვევი,39th Street's 5th Lane,5-й переулок 39-й улицы
39-ე ქუჩის V ჩიხი,39th Street's 5th Dead End,5-й тупик 39-й улицы
40-ე ქუჩა,40th Street,40-я улица
40-ე ქუჩის I შესახვევი,40th Street's 1st Lane,1-й переулок 40-й улицы
40-ე ქუჩის I ჩიხი,40th Street's 1st Dead End,1-й тупик 40-й улицы
40-ე ქუჩის II შესახვევი,40th Street's 2nd Lane,2-й переулок 40-й улицы
40-ე ქუჩის II ჩიხი,40th Street's 2nd Dead End,2-й тупик 40-й улицы
40-ე ქუჩის III შესახვევი,40th Street's 3rd Lane,3-й переулок 40-й улицы
40-ე ქუჩის III ჩიხი,40th Street's 3rd Dead End,3-й тупик 40-й улицы
40-ე ქუჩის IV შესახვევი,40th Street's 4th Lane,4-й переулок 40-й улицы
40-ე ქუჩის IV ჩიხი,40th Street's 4th Dead End,4-й тупик 40-й улицы
40-ე ქუჩის V შესახვევი,40th Street's 5th Lane,5-й переулок 40-й улицы
40-ე ქუჩის V ჩიხი,40th Street's 5th Dead End,5-й тупик 40-й улицы
41-ე ქუჩა,41st Street,41-я улица
41-ე ქუჩის I შესახვევი,41st Street's 1st Lane,1-й переулок 41-й улицы
41-ე ქუჩის I ჩიხი,41st Street's 1st Dead End,1-й тупик 41-й улицы
41-ე ქუჩის II შესახვევი,41st Street's 2nd Lane,2-й переулок 41-й улицы
41-ე ქუჩის II ჩიხი,41st Street's 2nd Dead End,2-й тупик 41-й улицы
41-ე ქუჩის III შესახვევი,41st Street's 3rd Lane,3-й переулок 41-й улицы
41-ე ქუჩის III ჩიხი,41st Street's 3rd Dead End,3-й тупик 41-й улицы
41-ე ქუჩის IV შესახვევი,41st Street's 4th Lane,4-й переулок 41-й улицы
41-ე ქუჩის IV ჩიხი,41st Street's 4th Dead End,4-й тупик 41-й улицы
41-ე ქუჩის V შესახვევი,41st Street's 5th Lane,5-й переулок 41-й улицы
41-ე ქუჩის V ჩიხი,41st Street's 5th Dead End,5-й тупик 41-й улицы
42-ე ქუჩა,42nd Street,42-я улица
42-ე ქუჩის I შესახვევი,42nd Street's 1st Lane,1-й переулок 42-й улицы
42-ე ქუჩის I ჩიხი,42nd Street's 1st Dead End,1-й тупик 42-й улицы
42-ე ქუჩის II შესახვევი,42nd Street's 2nd Lane,2-й переулок 42-й улицы
42-ე ქუჩის II ჩიხი,42nd Street's 2nd Dead End,2-й тупик 42-й улицы
42-ე ქუჩის III შესახვევი,42nd Street's 3rd Lane,3-й переулок 42-й улицы
42-ე ქუჩის III ჩიხი,42nd Street's 3rd Dead End,3-й тупик 42-й улицы
42-ე ქუჩის IV შესახვევი,42nd Street's 4th Lane,4-й переулок 42-й улицы
42-ე ქუჩის IV ჩიხი,42nd Street's 4th Dead End,4-й тупик 42-й улицы
42-ე ქუჩის V შესახვევი,42nd Street's 5th Lane,5-й переулок 42-й улицы
42-ე ქუჩის V ჩიხი,42nd Street's 5th Dead End,5-й тупик 42-й улицы
43-ე ქუჩა,43rd Street,43-я улица
43-ე ქუჩის I შესახვევი,43rd Street's 1st Lane,1-й переулок 43-й улицы
43-ე ქუჩის I ჩიხი,43rd Street's 1st Dead End,1-й тупик 43-й улицы
43-ე ქუჩის II შესახვევი,43rd Street's 2nd Lane,2-й переулок 43-й улицы
43-ე ქუჩის II ჩიხი,43rd Street's 2nd Dead End,2-й тупик 43-й улицы
43-ე ქუჩის III შესახვევი,43rd Street's 3rd Lane,3-й переулок 43-й улицы
43-ე ქუჩის III ჩიხი,43rd Street's 3rd Dead End,3-й тупик 43-й улицы
43-ე ქუჩის IV შესახვევი,43rd Street's 4th Lane,4-й переулок 43-й улицы
43-ე ქუჩის IV ჩიხი,43rd Street's 4th Dead End,4-й тупик 43-й улицы
43-ე ქუჩის V შესახვევი,43rd Street's 5th Lane,5-й переулок 43-й улицы
43-ე ქუჩის V ჩიხი,43rd Street's 5th Dead End,5-й тупик 43-й улицы
44-ე ქუჩა,44th Street,44-я улица
44-ე ქუჩის I შესახვევი,44th Street's 1st Lane,1-й переулок 44-й улицы
44-ე ქუჩის I ჩიხი,44th Street's 1st Dead End,1-й тупик 44-й улицы
44-ე ქუჩის II შესახვევი,44th Street's 2nd Lane,2-й переулок 44-й улицы
44-ე ქუჩის II ჩიხი,44th Street's 2nd Dead End,2-й тупик 44-й улицы
44-ე ქუჩის III შესახვევი,44th Street's 3rd Lane,3-й переулок 44-й улицы
44-ე ქუჩის III ჩიხი,44th Street's 3rd Dead End,3-й тупик 44-й улицы
44-ე ქუჩის IV შესახვევი,44th Street's 4th Lane,4-й переулок 44-й улицы
44-ე ქუჩის IV ჩიხი,44th Street's 4th Dead End,4-й тупик 44-й улицы
44-ე ქუჩის V შესახვევი,44th Street's 5th Lane,5-й переулок 44-й улицы
44-ე ქუჩის V ჩიხი,44th Street's 5th Dead End,5-й тупик 44-й улицы
45-ე ქუჩა,45th Street,45-я улица
45-ე ქუჩის I შესახვევი,45th Street's 1st Lane,1-й переулок 45-й улицы
45-ე ქუჩის I ჩიხი,45th Street's 1st Dead End,1-й тупик 45-й улицы
45-ე ქუჩის II შესახვევი,45th Street's 2nd Lane,2-й переулок 45-й улицы
45-ე ქუჩის II ჩიხი,45th Street's 2nd Dead End,2-й тупик 45-й улицы
45-ე ქუჩის III შესახვევი,45th Street's 3rd Lane,3-й переулок 45-й улицы
45-ე ქუჩის III ჩიხი,45th Street's 3rd Dead End,3-й тупик 45-й улицы
45-ე ქუჩის IV შესახვევი,45th Street's 4th Lane,4-й переулок 45-й улицы
45-ე ქუჩის IV ჩიხი,45th Street's 4th Dead End,4-й тупик 45-й улицы
45-ე ქუჩის V შესახვევი,45th Street's 5th Lane,5-й переулок 45-й улицы
45-ე ქუჩის V ჩიხი,45th Street's 5th Dead End,5-й тупик 45-й улицы
46-ე ქუჩა,46th Street,46-я улица
46-ე ქუჩის I შესახვევი,46th Street's 1st Lane,1-й переулок 46-й улицы
46-ე ქუჩის I ჩიხი,46th Street's 1st Dead End,1-й тупик 46-й улицы
46-ე ქუჩის II შესახვევი,46th Street's 2nd Lane,2-й переулок 46-й улицы
46-ე ქუჩის II ჩიხი,46th Street's 2nd Dead End,2-й тупик 46-й улицы
46-ე ქუჩის III შესახვევი,46th Street's 3rd Lane,3-й переулок 46-й улицы
46-ე ქუჩის III ჩიხი,46th Street's 3rd Dead End,3-й тупик 46-й улицы
46-ე ქუჩის IV შესახვევი,46th Street's 4th Lane,4-й переулок 46-й улицы
46-ე ქუჩის IV ჩიხი,46th Street's 4th Dead End,4-й тупик 46-й улицы
46-ე ქუჩის V შესახვევი,46th Street's 5th Lane,5-й переулок 46-й улицы
46-ე ქუჩის V ჩიხი,46th Street's 5th Dead End,5-й тупик 46-й улицы
47-ე ქუჩა,47th Street,47-я улица
47-ე ქუჩის I შესახვევი,47th Street's 1st Lane,1-й переулок 47-й улицы
47-ე ქუჩის I ჩიხი,47th Street's 1st Dead End,1-й тупик 47-й улицы
47-ე ქუჩის II შესახვევი,47th Street's 2nd Lane,2-й переулок 47-й улицы
47-ე ქუჩის II ჩიხი,47th Street's 2nd Dead End,2-й тупик 47-й улицы
47-ე ქუჩის III შესახვევი,47th Street's 3rd Lane,3-й переулок 47-й улицы
47-ე ქუჩის III ჩიხი,47th Street's 3rd Dead End,3-й тупик 47-й улицы
47-ე ქუჩის IV შესახვევი,47th Street's 4th Lane,4-й переулок 47-й улицы
47-ე ქუჩის IV ჩიხი,47th Street's 4th Dead End,4-й тупик 47-й улицы
47-ე ქუჩის V შესახვევი,47th Street's 5th Lane,5-й переулок 47-й улицы
47-ე ქუჩის V ჩიხი,47th Street's 5th Dead End,5-й тупик 47-й улицы
48-ე ქუჩა,48th Street,48-я улица
48-ე ქუჩის I შესახვევი,48th Street's 1st Lane,1-й переулок 48-й улицы
48-ე ქუჩის I ჩიხი,48th Street's 1st Dead End,1-й тупик 48-й улицы
48-ე ქუჩის II შესახვევი,48th Street's 2nd Lane,2-й переулок 48-й улицы
48-ე ქუჩის II ჩიხი,48th Street's 2nd Dead End,2-й тупик 48-й улицы
48-ე ქუჩის III შესახვევი,48th Street's 3rd Lane,3-й переулок 48-й улицы
48-ე ქუჩის III ჩიხი,48th Street's 3rd Dead End,3-й тупик 48-й улицы
48-ე ქუჩის IV შესახვევი,48th Street's 4th Lane,4-й переулок 48-й улицы
48-ე ქუჩის IV ჩიხი,48th Street's 4th Dead End,4-й тупик 48-й улицы
48-ე ქუჩის V შესახვევი,48th Street's 5th Lane,5-й переулок 48-й улицы
48-ე ქუჩის V ჩიხი,48th Street's 5th Dead End,5-й тупик 48-й улицы
49-ე ქუჩა,49th Street,49-я улица
49-ე ქუჩის I შესახვევი,49th Street's 1st Lane,1-й переулок 49-й улицы
49-ე ქუჩის I ჩიხი,49th Street's 1st Dead End,1-й тупик 49-й улицы
49-ე ქუჩის II შესახვევი,49th Street's 2nd Lane,2-й переулок 49-й улицы
49-ე ქუჩის II ჩიხი,49th Street's 2nd Dead End,2-й тупик 49-й улицы
49-ე ქუჩის III შესახვევი,49th Street's 3rd Lane,3-й переулок 49-й улицы
49-ე ქუჩის III ჩიხი,49th Street's 3rd Dead End,3-й тупик 49-й улицы
49-ე ქუჩის IV შესახვევი,49th Street's 4th Lane,4-й переулок 49-й улицы
49-ე ქუჩის IV ჩიხი,49th Street's 4th Dead End,4-й тупик 49-й улицы
49-ე ქუჩის V შესახვევი,49th Street's 5th Lane,5-й переулок 49-й улицы
49-ე ქუჩის V ჩიხი,49th Street's 5th Dead End,5-й тупик 49-й улицы
50-ე ქუჩა,50th Street,50-я улица
50-ე ქუჩის I შესახვევი,50th Street's 1st Lane,1-й переулок 50-й улицы
50-ე ქუჩის I ჩიხი,50th Street's 1st Dead End,1-й тупик 50-й улицы
50-ე ქუჩის II შესახვევი,50th Street's 2nd Lane,2-й переулок 50-й улицы
50-ე ქუჩის II ჩიხი,50th Street's 2nd Dead End,2-й тупик 50-й улицы
50-ე ქუჩის III შესახვევი,50th Street's 3rd Lane,3-й переулок 50-й улицы
50-ე ქუჩის III ჩიხი,50th Street's 3rd Dead End,3-й тупик 50-й улицы
50-ე ქუჩის IV შესახვევი,50th Street's 4th Lane,4-й переулок 50-й улицы
50-ე ქუჩის IV ჩიხი,50th Street's 4th Dead End,4-й тупик 50-й улицы
50-ე ქუჩის V შესახვევი,50th Street's 5th Lane,5-й переулок 50-й улицы
50-ე ქუჩის V ჩიხი,50th Street's 5th Dead End,5-й тупик 50-й улицы
17 შინდისელი გმირის ქუჩა,17 Shindiseli Gmiri Street,улица 17 Шиндисели Гмири
17 შინდისელი გმირის ჩიხი,17 Shindiseli Gmiri Dead End,тупик 17 Шиндисели Гмири
21-ე ქუჩა,21st Street,21-я улица
22-ე ქუჩა,22nd Street,22-я улица
23-ე ქუჩა,23rd Street,23-я улица
24-ე ქუჩა,24th Street,24-я улица
25-ე ქუჩა,25th Street,25-я улица
26-ე ქუჩა,26th Street,26-я улица
26 მაისის I შესახვევი,26th of May 1st Lane,1-й переулок 26 Мая
26 მაისის I ჩიხი,26th of May 1st Dead End,1-й тупик 26 Мая
26 მაისის II ჩიხი,26th of May 2nd Dead End,2-й тупик 26 Мая
26 მაისის III ჩიხი,26th of May 3rd Dead End,3-й тупик 26 Мая
26 მაისის IV ჩიხი,26th of May 4th Dead End,4-й тупик 26 Мая
26 მაისის IX ჩიხი,26th of May 9th Dead End,9-й тупик 26 Мая
26 მაისის V ჩიხი,26th of May 5th Dead End,5-й тупик 26 Мая
26 მაისის VI ჩიხი,26th of May 6th Dead End,6-й тупик 26 Мая
26 მაისის VII ჩიხი,26th of May 7th Dead End,7-й тупик 26 Мая
26 მაისის VIII ჩიხი,26th of May 8th Dead End,8-й тупик 26 Мая
26 მაისისი მოედანი,26th of May Square,площадь 26 Мая
26 მაისისი სანაპირო,26th of May Embankment,набережная 26 Мая
26 მაისის ქუჩა,26th of May Street,улица 26 Мая
27-ე ქუჩა,27th Street,27-я улица
28-ე ქუჩა,28th Street,28-я улица
29-ე ქუჩა,29th Street,29-я улица
30-ე ქუჩა,30th Street,30-я улица
300 არაგველის I შესახვევი,300 Aragveli 1st Lane,1-й переулок 300 Арагвели
300 არაგველის II ჩიხი,300 Aragveli 2nd Dead End,2-й тупик 300 Арагвели
300 არაგველის ქუჩა,300 Aragveli Street,улица 300 Арагвели
8 მარტის ქუჩა,8th of March Street,улица 8 Марта
9 აპრილის I შესახვევი,9th of April 1st Lane,1-й переулок 9 Апреля
9 აპრილის ქუჩა,9th of April Street,улица 9 Апреля
9 აპრილის ხეივანი,9th of April Alley,аллея 9 Апреля
9 მაისის I შესახვევი,9th of May 1st Lane,1-й переулок 9 Мая
9 მაისის ქუჩა,9th of May Street,улица 9 Мая
9 მაისის ჩიხი,9th of May Dead End,тупик 9 Мая
9 მარტის ქუჩა,9th of March Street,улица 9 Марта
9 ძმა ხერხეულიძის I შესახვევი,9 Dzma Kherkheulidze 1st Lane,1-й переулок 9 Дзма Херхеулидзе
9 ძმა ხერხეულიძის I ჩიხი,9 Dzma Kherkheulidze 1st Dead End,1-й тупик 9 Дзма Херхеулидзе
9 ძმა ხერხეულიძის ქუჩა,9 Dzma Kherkheulidze Street,улица 9 Дзма Херхеулидзе
XII შესახვევი,12th Lane,12-й переулок
აბაის ქუჩა,Abai Street,улица Абая
აბანოს I შესახვევი,Abano 1st Lane,1-й переулок Абано
აბანოს I ჩიხი,Abano 1st Dead End,1-й тупик Абано
აბანოს II შესახვევი,Abano 2nd Lane,2-й переулок Абано
აბანოს II ჩიხი,Abano 2nd Dead End,2-й тупик Абано
აბანოს ქუჩა,Abano Street,улица Абано
აბასთუმანის ქუჩა,Abastumani Street,улица Абастумани
აბაშის ქუჩა,Abasha Street,улица Абаша
აბდულ მიქელაძის ქუჩა,Abdul Mikeladze Street,улица Абдула Микеладзе
აბელ ენუქიძის III ჩიხი,Abel Enukidze 3rd Dead End,3-й тупик Абеля Энукидзе
აბელ ენუქიძის ქუჩა,Abel Enukidze Street,улица Абеля Энукидзе
აბესალომ ვეკუას ქუჩა,Abesalom Vekua Street,улица Абесалома Векуа
აბესალომ ტუღუშის ქუჩა,Abesalom Tughushi Street,улица Абесалома Тугуши
აბო თბილელის ქუჩა,Abo Tbilieli Street,улица Або Тбилели
აბულის I ჩიხი,Abuli 1st Dead End,1-й тупик Абули
აბულის ქუჩა,Abuli Street,улица Абули
აგარაკის ქუჩა,Agaraki Street,улица Агараки
აგარას ქუჩა,Agara Street,улица Агара
ადამ მიცკევიჩის ქუჩა,Adam Mitskevich Street,улица Адама Мицкевича
ადიგენის ქუჩა,Adigeni Street,улица Адигени
ადლიას ქუჩა,Adlia Street,улица Адлиа
ადლიის I ჩიხი,Adlia 1st Dead End,1-й тупик Адлиа
ადლიის III ჩიხი,Adlia 3rd Dead End,3-й тупик Адлиа
ადლიის IV ჩიხი,Adlia 4th Dead End,4-й тупик Адила
აეროდრომის დასახლება III ქუჩის I გასასვლელი,Aerodromi Dasakhleba 3rd Street's 1st Exit,1-й съезд 3-й улицы Аэродроми Дасахлеба
აეროდრომის დასახლება III ქუჩის II გასასვლელი,Aerodromi Dasakhleba 3rd Street's 2nd Exit,2-й съезд 3-й улицы Аэродроми Дасахлеба
აეროდრომის დასახლების IX ქუჩა,Aerodromi Dasakhleba 9th Street,9-я улица Аеродроми Дасахлеба
აეროპორტის III ჩიხი,Airport 3rd Dead End,3-й тупик Аэропорт
აეროპორტის გზატკეცილი,Airport Highway,шоссе Аэропорта
ავგიას ქუჩა,Avgia Street,улица Авгиа
ავგიის ქუჩა,Avgia Street,улица Авгиа
ავეტიკ ისააკიანის ქუჩა,Avetik Isaakiani Street,улица Аветика Исаакиани
ავეტიკ ისააკიანის ჩიხი,Avetik Isaakiani Dead End,тупик Аветика Исаакиани
ავთანდილ იოსელიანის ქუჩა,Avtandil Ioseliani Street,улица Автандила Иоселиани
ავთანდილ კვეზერელი-კოპაძის I შესახვევი,Avtandil Kvezereli-Kopadze 1st Lane,1-й переулок Автандила Квезерели-Копадзе
ავთანდილ კვეზერელი-კოპაძის I ჩიხი,Avtandil Kvezereli-Kopadze 1st Dead End,1-й тупик Автандила Квезерели-Копадзе
ავთანდილ კვეზერელი-კოპაძის ქუჩა,Avtandil Kvezereli-Kopadze Street,улица Автандила Квезерели-Копадзе
ავთანდილ მამუჩაშვილის I ჩიხი,Avtandil Mamuchashvili 1st Dead End,1-й тупик Автандила Мамучашвили
ავთანდილ მამუჩაშვილის ქუჩა,Avtandil Mamuchashvili Street,улица Автандила Мамучашвили
ავთანდილ მანაგაძის ქუჩა,Avtandil Managadze Street,улица Автандила Манагадзе
ავთანდილ ღოღობერიძის ქუჩა,Avtandil Ghoghoberidze Street,улица Автандила Гогоберидзе
ავთანდილ შარვაძის ქუჩა,Avtandil Sharvadze Street,улица Автандила Шарвадзе
ავთანდილის ქუჩა,Avtandili Street,улица Автандили
ავთო ვარაზის I შესახვევი,Avto Varazi 1st Lane,1-й переулок Авто Варази
ავთო ვარაზის I ჩიხი,Avto Varazi 1st Dead End,1-й тупик Авто Варази
ავთო ვარაზის ქუჩა,Avto Varazi Street,улица Авто Варази
ავლაბარის ქუჩა,Avlabari Street,улица Авлабари
ავლაბარის შესახვევი,Avlabari Lane,переулок Авлабари
ავლაბრის I ჩიხი,Avlabari 1st Dead End,1-й тупик Авлабари
ავლაბრის II ჩიხი,Avlabari 2nd Dead End,2-й тупик Авлабари
ავლაბრის მოედანი,Avlabari Square,площадь Авлабари
ავლიპ ზურაბაშვილის ქუჩა,Avlip Zurabishvili Street,улица Авлипа Зурабишвили
ავქსენტი მეგრელიძის ქუჩა,Avksenti Megrelidze Street,улица Авксентия Мегрелидзе
ავქსენტი მეგრელიძის შესახვევი,Avksenti Megrelidze Lane,переулок Авксентия Мегрелидзе
ავშნის I გასასვლელი,Avshani 1st Exit,1-й съезд Авшани
ავშნის I ჩიხი,Avshani 1st Dead End,1-й тупик Авшани
ავშნის II შესახვევი,Avshani 2nd Lane,2-й переулок Авшани
ავშნის III შესახვევი,Avshani 3rd Lane,3-й переулок Авшани
ავშნის IV შესახვევი,Avshani 4th Lane,4-й переулок Авшани
ავშნის ქუჩა,Avshani Street,улица Авшани
ავჭალას ქუჩა,Avchala Street,улица Авчала
აზა ადამიას I ჩიხი,Aza Adamia 1st Dead End,1-й тупик Аза Адамия
აზა ადამიას ქუჩა,Aza Adamia Street,улица Аза Адамия
აზეულას I შესახვევი,Azeula 1st Lane,1-й переулок Азеула
აზეულას II შესახვევი,Azeula 2nd Lane,2-й переулок Азеула
აზეულას ქუჩა,Azeula Street,улица Азеула
ათანასე ხარაბაძის ქუჩა,Atanas Kharabadze Street,улица Атанаса Харабадзе
ათანასე ხარაბაძის ჩიხი,Atanas Kharabadze Dead End,тупик Атанаса Харабадзе
ათინაურის ქუჩა,Atinauri Street,улица Атинаури
აისის I შესახვევი,Aisi 1st Lane,1-й переулок Аиси
აისის I ჩიხი,Aisi 1st Dead End,1-й тупик Аиси
აისის II ჩიხი,Aisi 2nd Dead End,2-й тупик Аиси
აისის ქუჩა,Aisi Street,улица Аиси
აკადემიკოს მამია კომახიძის ქუჩა,Academician Mamia Komakhidze Street,улица Академика Мамии Комахидзе
აკაკი ბაქრაძის ქუჩა,Akaki Bakradze Street,улица Акаки Бакрадзе
აკაკი ბელიაშვილის I ჩიხი,Akaki Beliashvili 1st Dead End,1-й тупик Акаки Белиашвили
აკაკი ბელიაშვილის II ჩიხი,Akaki Beliashvili 2nd Dead End,2-й тупик Акаки Белиашвили
აკაკი ბელიაშვილის ქუჩა,Akaki Beliashvili Street,улица Акаки Белиашвили
აკაკი გახოკიძის ქუჩა,Akaki Gakhokidze Street,улица Акаки Гахокидзе
აკაკი გელოვანის I შესახვევი,Akaki Gelovani 1st Lane,1-й переулок Акаки Геловани
აკაკი გელოვანის I ჩიხი,Akaki Gelovani 1st Dead End,1-й тупик Акаки Геловани
აკაკი გელოვანის II ჩიხი,Akaki Gelovani 2nd Dead End,2-й тупик Акаки Геловани
აკაკი გელოვანის III ჩიხი,Akaki Gelovani 3rd Dead End,3-й тупик Акаки Геловани
აკაკი გელოვანის ქუჩა,Akaki Gelovani Street,улица Акаки Геловани
აკაკი ვასაძის I შესახვევი,Akaki Vasadze 1st Lane,1-й переулок Акакия Васадзе
აკაკი ვასაძის ქუჩა,Akaki Vasadze Street,улица Акакия Васадзе
აკაკი თოფურიას I ჩიხი,Akaki Topuria 1st Dead End,1-й тупик Акаки Топурия
აკაკი თოფურიას ქუჩა,Akaki Topuria Street,улица Акаки Топурия
აკაკი კვანტალიანის I ჩიხი,Akaki Kvantaliani 1st Dead End,1-й тупик Акаки Кванталиани
აკაკი კვანტალიანის ქუჩა,Akaki Kvantaliani Street,улица Акаки Кванталиани
აკაკი მგელაძის I შესახვევი,Akaki Mgeladze 1st Lane,1-й переулок Акаки Мгеладзе
აკაკი მგელაძის ქუჩა,Akaki Mgeladze Street,улица Акаки Мгеладзе
აკაკი სურგულაძის ქუჩა,Akaki Surguladze Street,улица Акакия Сургуладзе
აკაკი ფაღავას I შესახვევი,Akaki Paghava 1st Lane,1-й переулок Акаки Пагава
აკაკი ფაღავას I ჩიხი,Akaki Paghava 1st Dead End,1-й тупик Акаки Пагава
აკაკი ფაღავას II ჩიხი,Akaki Paghava 2nd Dead End,2-й тупик Акаки Пагава
აკაკი ფაღავას ქუჩა,Akaki Paghava Street,улица Акаки Пагава
აკაკი შანიძის I ჩიხი,Akaki Shanidze 1st Dead End,1-й тупик Акакия Шанидзе
აკაკი შანიძის II ჩიხი,Akaki Shanidze 2nd Dead End,2-й тупик Акакия Шанидзе
აკაკი შანიძის III ჩიხი,Akaki Shanidze 3rd Dead End,3-й тупик Акакия Шанидзе
აკაკი შანიძის ქუჩა,Akaki Shanidze Street,улица Акаки Шанидзе
აკაკი შანიძის შესახვევი,Akaki Shanidze Lane,переулок Акакия Шанидзе
აკაკი ჩხენკელის I შესახვევი,Akaki Chkhenkeli 1st Lane,1-й переулок Акаки Чхенкели
აკაკი ჩხენკელის II შესახვევი,Akaki Chkhenkeli 2nd Lane,2-й переулок Акаки Чхенкели
აკაკი ჩხენკელის III შესახვევი,Akaki Chkhenkeli 3rd Lane,3-й переулок Акаки Чхенкели
აკაკი ჩხენკელის ქუჩა,Akaki Chkhenkeli Street,улица Акаки Чхенкели
აკაკი წერეთელის I შესახვევი,Akaki Tsereteli 1st Lane,1-й переулок Акакия Церетели
აკაკი წერეთელის ქუჩა,Akaki Tsereteli Street,улица Акакия Церетели
აკაკი წერეთლის I შესახვევი,Akaki Tsereteli 1st Lane,1-й переулок Акакия Церетели
აკაკი წერეთლის I ჩიხი,Akaki Tsereteli 1st Dead End,1-й тупик Акакия Церетели
აკაკი წერეთლის II შესახვევი,Akaki Tsereteli 2nd Lane,2-й переулок Акакия Церетели
აკაკი წერეთლის II ჩიხი,Akaki Tsereteli 2nd Dead End,2-й тупик Акаки Церетели
აკაკი წერეთლის III შესახვევი,Akaki Tsereteli 3rd Lane,3-й переулок Акакия Церетели
აკაკი წერეთლის III ჩიხი,Akaki Tsereteli 3rd Dead End,3-й тупик Акакия Церетели
აკაკი წერეთლის IV ჩიხი,Akaki Tsereteli 4th Dead End,4-й тупик Акакия Церетели
აკაკი წერეთლის V შესახვევი,Akaki Tsereteli 5th Lane,5-й переулок Акакия Церетели
აკაკი წერეთლის გამზირი,Akaki Tsereteli Avenue,проспект Акакия Церетели
აკაკი წერეთლის ქუჩა,Akaki Tsereteli Street,улица Акакия Церетели
აკაკი წერეთლის შესახვევი,Akaki Tsereteli Lane,переулок Акакия Церетели
აკაკი წერეთლის ჩიხი,Akaki Tsereteli Dead End,тупик Акакия Церетели
აკაკი ჭანტურიას ქუჩა,Akaki Chanturia Street,улица Акаки Чантурия
აკაკი ხორავას I შესახვევი,Akaki Khorava 1st Lane,1-й переулок Акаки Хорава
აკაკი ხორავას I ჩიხი,Akaki Khorava 1st Dead End,1-й тупик Акаки Хорава
აკაკი ხორავას ქუჩა,Akaki Khorava Street,улица Акаки Хорава
აკაკი ხორავას ჩიხი,Akaki Khorava Dead End,тупик Акаки Хорава
აკაკი ხორავის ქუჩა,Akaki Khorava Street,улица Акаки Хорава
აკაკის ქუჩა,Akaki Street,улица Акаки
აკაციის ქუჩა,Akatsii Street,улица Акации
ალადასტურის ქუჩა,Aladasturi Street,улица Аладастури
ალავერდის ქუჩა,Alaverdi Street,улица Алаверди
ალაზნის ქუჩა,Alazani Street,улица Алазани
ალბერტ ბალხამიშვილის I გასასვლელი,Albert Balkhamishvili 1st Exit,1-й съезд Алберта Балхамишвили
ალბერტ ბალხამიშვილის ქუჩა,Albert Balkhamishvili Street,улица Алберта Балхамишвили
ალბერტ თავხელიძის I შესახვევი,Albert Tavkhelidze 1st Lane,1-й переулок Алберта Тавхелидзе
ალბერტ თავხელიძის I ჩიხი,Albert Tavkhelidze 1st Dead End,1-й тупик Алберта Тавхелидзе
ალბერტ თავხელიძის II ჩიხი,Albert Tavkhelidze 2nd Dead End,2-й тупик Алберта Тавхелидзе
ალბერტ თავხელიძის ქუჩა,Albert Tavkhelidze Street,улица Алберта Тавхелидзе
ალგეთის ქუჩა,Algeti Street,улица Алгети
ალეკო შენგელიას I შესახვევი,Aleko Shengelia 1st Lane,1-й переулок Алеко Шенгелиа
ალეკო შენგელიას ქუჩა,Aleko Shengelia Street,улица Алеко Шенгелиа
ალეკსი გობრონიძის ქუჩა,Aleksi Gobronidze Street,улица Алекси Гобронидзе
ალეკსი გობრონიძის ჩიხი,Aleksi Gobronidze Dead End,тупик Алекси Гобронидзе
ალექსანდრა ჯაფარიძის I გასასვლელი,Aleksandra Japaridze 1st Exit,1-й съезд Александры Джапаридзе
ალექსანდრა ჯაფარიძის ქუჩა,Aleksandra Japaridze Street,улица Александры Джапаридзе
ალექსანდრე (ალიოშა) ჯაფარიძის ქუჩა,Aleksandre (Aliosha) Japaridze Street,улица Александре (Алёши) Джапаридзе
ალექსანდრე (საშა) იოსელიანის I შესახვევი,Aleksandre (Sasha) Ioseliani 1st Lane,1-й переулок Александре (Саши) Иоселиани
ალექსანდრე (საშა) იოსელიანის II შესახვევი,Aleksandre (Sasha) Ioseliani 2nd Lane,2-й переулок Александре (Саши) Иоселиани
ალექსანდრე (საშა) იოსელიანის III შესახვევი,Aleksandre (Sasha) Ioseliani 3rd Lane,3-й переулок Александре (Саши) Иоселиани
ალექსანდრე (საშა) იოსელიანის IV შესახვევი,Aleksandre (Sasha) Ioseliani 4th Lane,4-й переулок Александре (Саши) Иоселиани
ალექსანდრე (საშა) იოსელიანის ქუჩა,Aleksandre (Sasha) Ioseliani Street,улица Александре (Саши) Иоселиани
ალექსანდრე (შოშია) ჩხეიძის ქუჩა,Aleksandre (Shoshia) Chkheidze Street,улица Александре (Шошиа) Чхеидзе
ალექსანდრე აბაშელის ქუჩა,Aleksandre Abasheli Street,улица Александре Абашели
ალექსანდრე აბაშელის ჩიხი,Aleksandre Abasheli Dead End,тупик Александре Абашели
ალექსანდრე აბულაძის I შესახვევი,Aleksandre Abuladze 1st Lane,1-й переулок Александре Абуладзе
ალექსანდრე აბულაძის ქუჩა,Aleksandre Abuladze Street,улица Александре Абуладзе
ალექსანდრე ალადაშვილის ქუჩა,Aleksander Aladashvili Street,улица Александра Аладашвили
ალექსანდრე ალიხანაშვილის ქუჩა,Aleksandre Alikhanashvili Street,улица Александре Алиханашвили
ალექსანდრე ამილახვარის I ჩიხი,Aleksandre Amilakhvari 1st Dead End,1-й тупик Александре Амилахвари
ალექსანდრე ამილახვარის II ჩიხი,Aleksandre Amilakhvari 2nd Dead End,2-й тупик Александре Амилахвари
ალექსანდრე ამილახვარის ქუჩა,Aleksandre Amilakhvari Street,улица Александре Амилахвари
ალექსანდრე ანდრონიკაშვილის I ჩიხი,Aleksandre Andronikashvili 1st Dead End,1-й тупик Александре Андроникашвили
ალექსანდრე ანდრონიკაშვილის II ჩიხი,Aleksandre Andronikashvili 2nd Dead End,2-й тупик Александре Андроникашвили
ალექსანდრე ანდრონიკაშვილის ქუჩა,Aleksandre Andronikashvili Street,улица Александре Андроникашвили
ალექსანდრე ახვლედიანის ქუჩა,Aleksandre Akhvlediani Street,улица Александре Ахвледиани
ალექსანდრე ახმეტელის ქუჩა,Aleksandre Akhmeteli Street,улица Александре Ахметели
ალექსანდრე ბანძელაძის ქუჩა,Aleksandre Bandzeladze Street,улица Александре Бандзеладзе
ალექსანდრე ბარამიძის ქუჩა,Aleksandre Baramidze Street,улица Александре Барамидзе
ალექსანდრე ბასილაიას I შესახვევი,Aleksandre Basilaia 1st Lane,1-й переулок Александре Басилаия
ალექსანდრე ბასილაიას I ჩიხი,Aleksandre Basilaia 1st Dead End,1-й тупик Александре Басилаия
ალექსანდრე ბასილაიას II შესახვევი,Aleksandre Basilaia 2nd Lane,2-й переулок Александре Басилаия
ალექსანდრე ბასილაიას ქუჩა,Aleksandre Basilaia Street,улица Александре Басилаия
ალექსანდრე ბოროდინის ქუჩა,Aleksandre Borodini Street,улица Александра Бородина
ალექსანდრე გამსახურდიას ქუჩა,Aleksandre Gamsakhurdia Street,улица Александре Гамсахурдия
ალექსანდრე გრიბოედოვის II შესახვევი,Alexander Griboyedov 2nd Lane,2-й переулок Александра Грибоедова
ალექსანდრე გრიბოედოვის ქუჩა,Alexander Griboyedov Street,улица Александра Грибоедова
ალექსანდრე გრიბოედოვის შესახვევი,Alexander Griboyedov Lane,переулок Александра Грибоедова
ალექსანდრე დიუმას I ჩიხი,Alexandre Dumas 1st Dead End,1-й тупик Александра Дюма
ალექსანდრე დიუმას II ჩიხი,Alexandre Dumas 2nd Dead End,2-й тупик Александра Дюма
ალექსანდრე დიუმას ქუჩა,Alexandre Dumas Street,улица Александра Дюма
ალექსანდრე ვაჩეიშვილის I ჩიხი,Aleksandre Vacheishvili 1st Dead End,1-й тупик Александре Вачеишвили
ალექსანდრე ვაჩეიშვილის ქუჩა,Aleksandre Vacheishvili Street,улица Александре Вачеишвили
ალექსანდრე ზაალიშვილის ქუჩა,Aleksandre Zaalishvili Street,улица Александре Заалишвили
ალექსანდრე თვალჭრელიძის I შესახვევი,Aleksandre Tvalchrelidze 1st Lane,1-й переулок Александре Твалчрелидзе
ალექსანდრე თვალჭრელიძის II შესახვევი,Aleksandre Tvalchrelidze 2nd Lane,2-й переулок Александре Твалчрелидзе
ალექსანდრე თვალჭრელიძის III შესახვევი,Aleksandre Tvalchrelidze 3rd Lane,3-й переулок Александре Твалчрелидзе
ალექსანდრე თვალჭრელიძის IV შესახვევი,Aleksandre Tvalchrelidze 4th Lane,4-й переулок Александре Твалчрелидзе
ალექსანდრე თვალჭრელიძის ქუჩა,Aleksandre Tvalchrelidze Street,улица Александре Твалчрелидзе
ალექსანდრე თვალჭრელიძის ჩიხი,Aleksandre Tvalchrelidze Dead End,тупик Александре Твалчрелидзе
ალექსანდრე კალანდაძის ქუჩა,Aleksandre Kalandadze Street,улица Александре Каландадзе
ალექსანდრე კლიმჩუკის ქუჩა,Aleksander Klimchuk Street,улица Александра Климчука
ალექსანდრე ლომთათიძის ქუჩა,Aleksandre Lomtatidze Street,улица Александре Ломтатидзе
ალექსანდრე მანაგაძის II ჩიხი,Aleksandre Managadze 2nd Dead End,2-й тупик Александре Манагадзе
ალექსანდრე მანაგაძის III ჩიხი,Aleksandre Managadze 3rd Dead End,3-й тупик Александре Манагадзе
ალექსანდრე მანაგაძის IV ჩიხი,Aleksandre Managadze 4th Dead End,4-й тупик Александре Манагадзе
ალექსანდრე მანაგაძის V ჩიხი,Aleksandre Managadze 5th Dead End,5-й тупик Александре Манагадзе
ალექსანდრე მანაგაძის VI ჩიხი,Aleksandre Managadze 6th Dead End,6-й тупик Александре Манагадзе
ალექსანდრე მანაგაძის ქუჩა,Aleksandre Managadze Street,улица Александре Манагадзе
ალექსანდრე მაჭავარიანის I შესახვევი,Aleksandre Machavariani 1st Lane,1-й переулок Александра Мачавариани
ალექსანდრე მაჭავარიანის ქუჩა,Aleksandre Machavariani Street,улица Александра Мачавариани
ალექსანდრე მოწერელიას ქუჩა,Aleksandre Motserelia Street,улица Александре Моцерелия
ალექსანდრე მრევლიშვილის ქუჩა,Aleksandre Mrevlishvili Street,улица Александре Мревлишвили
ალექსანდრე ნადირაძის ქუჩა,Aleksandr Nadiradze Street,улица Александра Надирадзе
ალექსანდრე ნათიშვილის ქუჩა,Aleksandre Natishvili Street,улица Александре Натишвили
ალექსანდრე ნანეიშვილის ქუჩა,Aleksandre Naneishvili Street,улица Александре Нанеишвили
ალექსანდრე ონიანის I ჩიხი,Aleksandre Oniani 1st Dead End,1-й тупик Александре Ониани
ალექსანდრე ონიანის II ჩიხი,Aleksandre Oniani 2nd Dead End,2-й тупик Александре Ониани
ალექსანდრე ონიანის III ჩიხი,Aleksandre Oniani 3rd Dead End,3-й тупик Александре Ониани
ალექსანდრე ონიანის IV ჩიხი,Aleksandre Oniani 4th Dead End,4-й тупик Александре Ониани
ალექსანდრე ონიანის V ჩიხი,Aleksandre Oniani 5th Dead End,5-й тупик Александре Ониани
ალექსანდრე ონიანის ქუჩა,Aleksandre Oniani Street,улица Александре Ониани
ალექსანდრე პუშკინის I შესახვევი,Alexander Pushkin 1st Lane,1-й переулок Александра Пушкина
ალექსანდრე პუშკინის ქუჩა,Alexander Pushkin Street,улица Александра Пушкина
ალექსანდრე როინაშვილის ქუჩა,Aleksandre Roinashvili Street,улица Александре Роинашвили
ალექსანდრე სამსონიას ქუჩა,Aleksandre Samsonia Street,улица Александре Самсония
ალექსანდრე საჯაიას ქუჩა,Aleksandre Sajaia Street,улица Александра Саджаиа
ალექსანდრე სუვოროვის I შესახვევი,Aleksandr Suvorov 1st Lane,1-й переулок Александра Суворова
ალექსანდრე სუვოროვის ქუჩა,Aleksandr Suvorov Street,улица Александра Суворова
ალექსანდრე სულაბერიძის ქუჩა,Aleksandre Sulaberidze Street,улица Александра Сулаберидзе
ალექსანდრე სულაბერიძის შესახვევი,Aleksandre Sulaberidze Lane,переулок Александре Сулаберидзе
ალექსანდრე სულხანიშვილის ქუჩა,Alexandre Sulkhanishvili Street,улица Александра Сулханишвили
ალექსანდრე სუმბათაშვილი-იუჟინის ქუჩა,Aleksandre Sumbatashvili-Iuzhini Street,улица Александре Сумбаташвили-Южини
ალექსანდრე ქართველიშვილის ქუჩა,Aleksandre Kartvelishvili Street,улица Александре Картвелишвили
ალექსანდრე ქუთათელაძის ქუჩა,Aleksandre Kutateladze Street,улица Александре Кутателадзе
ალექსანდრე ქუთათელის ქუჩა,Aleksandre Kutateli Street,улица Александре Кутатели
ალექსანდრე ღლონტის I ჩიხი,Aleksandre Ghlonti 1st Dead End,1-й тупик Александре Глонти
ალექსანდრე ღლონტის ქუჩა,Aleksandre Ghlonti Street,улица Александре Глонти
ალექსანდრე ყაზბეგის I გასასვლელი,Alexander Kazbegi 1st Exit,1-й съезд Александра Казбеги
ალექსანდრე ყაზბეგის I შესახვევი,Alexander Kazbegi 1st Lane,1-й переулок Александра Казбеги
ალექსანდრე ყაზბეგის I ჩიხი,Alexander Kazbegi 1st Dead End,1-й тупик Александра Казбеги
ალექსანდრე ყაზბეგის II გასასვლელი,Alexander Kazbegi 2nd Exit,2-й съезд Александра Казбеги
ალექსანდრე ყაზბეგის II ჩიხი,Alexander Kazbegi 2nd Dead End,2-й тупик Александра Казбеги
ალექსანდრე ყაზბეგის გამზირი,Alexander Kazbegi Avenue,проспект Александра Казбеги
ალექსანდრე ყაზბეგის ქუჩა,Alexander Kazbegi Street,улица Александра Казбеги
ალექსანდრე ყანჩელის I შესახვევი,Aleksandre Qancheli 1st Lane,1-й переулок Александре Канчели
ალექსანდრე ყანჩელის ქუჩა,Aleksandre Qancheli Street,улица Александре Канчели
ალექსანდრე ყიფშიძის ქუჩა,Aleksandre Qipshidze Street,улица Александре Кипшидзе
ალექსანდრე შავერზაშვილის I ჩიხი,Aleksandre Shaverzashvili 1st Dead End,1-й тупик Александре Шаверзашвили
ალექსანდრე შავერზაშვილის ქუჩა,Aleksandre Shaverzashvili Street,улица Александре Шаверзашвили
ალექსანდრე ჩიკვაიძის I შესახვევი,Alexandre Chikvadze 1st Lane,1-ый переулок Александра Чиквадзе
ალექსანდრე ჩიკვაიძის ქუჩა,Aleksandre Chikvaidze Street,улица Александре Чикваидзе
ალექსანდრე ჩიქავას ქუჩა,Aleksandre Chikava Street,улица Александре Чикава
ალექსანდრე ჩხეიძის ქუჩა,Aleksandre Chkheidze Street,улица Александре Чхеидзе
ალექსანდრე ცაგარელის ქუჩა,Aleksandre Tsagareli Street,улица Александре Цагарели
ალექსანდრე ციმაკურიძის ქუჩა,Aleksandre Tsimakuridze Street,улица Александре Цимакуридзе
ალექსანდრე ცომაიას I შესახვევი,Aleksandre Tsomaia 1st Lane,1-й переулок Александре Цомаия
ალექსანდრე ცომაიას ქუჩა,Aleksandre Tsomaia Street,улица Александре Цомаия
ალექსანდრე წერეთლის I გასასვლელი,Aleksandre Tsereteli 1st Exit,1-й съезд Александре Церетели
ალექსანდრე წერეთლის I შესახვევი,Aleksandre Tsereteli 1st Lane,1-й переулок Александре Церетели
ალექსანდრე წერეთლის I ჩიხი,Aleksandre Tsereteli 1st Dead End,1-й тупик Александре Церетели
ალექსანდრე წერეთლის ქუჩა,Aleksandre Tsereteli Street,улица Александре Церетели
ალექსანდრე წულუკიძის I შესახვევი,Aleksandre Tsulukidze 1st Lane,1-й переулок Александре Цулукидзе
ალექსანდრე წულუკიძის I ჩიხი,Aleksandre Tsulukidze 1st Dead End,1-й тупик Александре Цулукидзе
ალექსანდრე წულუკიძის II შესახვევი,Aleksandre Tsulukidze 2nd Lane,2-й переулок Александре Цулукидзе
ალექსანდრე წულუკიძის II ჩიხი,Aleksandre Tsulukidze 2nd Dead End,2-й тупик Александре Цулукидзе
ალექსანდრე წულუკიძის III შესახვევი,Aleksandre Tsulukidze 3rd Lane,3-й переулок Александре Цулукидзе
ალექსანდრე წულუკიძის IV შესახვევი,Aleksandre Tsulukidze 4th Lane,4-й переулок Александре Цулукидзе
ალექსანდრე წულუკიძის ქუჩა,Aleksandre Tsulukidze Street,улица Александре Цулукидзе
ალექსანდრე წურწუმიას ქუჩა,Alexander Tsurtsumia Street,улица Александра Цурцумия
ალექსანდრე წუწუნავას ქუჩა,Aleksandre Tsutsunava Street,улица Александре Цуцунава
ალექსანდრე ჭავჭავაძის I გასასვლელი,Aleksandre Chavchavadze 1st Exit,1-й съезд Александре Чавчавадзе
ალექსანდრე ჭავჭავაძის I შესახვევი,Aleksandre Chavchavadze 1st Lane,1-й переулок Александре Чавчавадзе
ალექსანდრე ჭავჭავაძის I ჩიხი,Aleksandre Chavchavadze 1st Dead End,1-й тупик Александре Чавчавадзе
ალექსანდრე ჭავჭავაძის II შესახვევი,Aleksandre Chavchavadze 2nd Lane,2-й переулок Александре Чавчавадзе
ალექსანდრე ჭავჭავაძის II ჩიხი,Aleksandre Chavchavadze 2nd Dead End,2-й тупик Александре Чавчавадзе
ალექსანდრე ჭავჭავაძის IV ჩიხი,Aleksandre Chavchavadze 4th Dead End,4-й тупик Александре Чавчавадзе
ალექსანდრე ჭავჭავაძის ქუჩა,Aleksandre Chavchavadze Street,улица Александре Чавчавадзе
ალექსანდრე ჭავჭავაძის შესახვევი,Alexander Chavchavadze Lane,переулок Александра Чавчавадзе
ალექსანდრე ხახანაშვილის ქუჩა,Aleksandre Khakhanashvili Street,улица Александре Хаханашвили
ალექსანდრე ხეთაგურის I შესახვევი,Aleksandre Khetaguri 1st Lane,1-й переулок Александре Хетагури
ალექსანდრე ხეთაგურის ქუჩა,Aleksandre Khetaguri Street,улица Александре Хетагури
ალექსანდრე ჯავახიშვილის ქუჩა,Alexander Javakhishvili Street,улица Александра Джавахишвили
ალექსანდრე ჯანელიძის ქუჩა,Aleksandre Janelidze Street,улица Александре Джанелидзе
ალექსანდროულის I ჩიხი,Aleksandrouli 1st Dead End,1-й тупик Александроули
ალექსანდროულის ქუჩა,Aleksandrouli Street,улица Александроули
ალექსი გოგოლაურის I შესახვევი,Aleksi Gogolauri 1st Lane,1-й переулок Алекса Гоголаури
ალექსი გოგოლაურის ქუჩა,Alex Gogolauris Street,улица Алекса Гоголаури
ალექსი მაჭავარიანი ქუჩა,Aleksi Machavariani Street,улица Алексея Мачавариани
ალექსი მაჭავარიანი შესახვევი,Aleksi Machavariani Lane,переулок Алексея Мачавариани
ალექსი შიუკაშვილის ქუჩა,Aleksi Shiukashvili Street,улица Алекси Шиукашвили
ალიო მირცხულავას ქუჩა,Alio Mirtskhulava Street,улица Алио Мирцхулавы
ალიოზ მიზანდარის ქუჩა,Alioz Mizandari Street,улица Алиоза Мизандари
ალიოშა ჯაფარიძის I შესახვევი,Aliosha Japaridze 1st Lane,1-й переулок Алёши Джапаридзе
ალიოშა ჯაფარიძის ქუჩა,Alyosha Japaridze Street,улица Алёши Джапаридзе
ალუბლების I ჩიხი,Alublebi 1st Dead End,1-й тупик Алублеби
ალუბლების გასასვლელი,Alublebi Exit,съезд Алублеби
ალუბლების ქუჩა,Alublebi Street,улица Алублеби
ამაღლებას I ჩიხი,Amaghleba 1st Dead End,1-й тупик Амаглеба
ამაღლებას ქუჩა,Amaghleba Street,улица Амаглеба
ამაღლების I გასასვლელი,Amaghleba 1st Exit,1-й съезд Амаглеба
ამაღლების I შესახვევი,Amaghleba 1st Lane,1-й переулок Амаглеба
ამაღლების I ჩიხი,Amaghleba I Dead End,1-й тупик Амаглеба
ამაღლების II გასასვლელი,Amaghleba 2nd Exit,2-й съезд Амаглеба
ამაღლების II შესახვევი,Amaghleba 2nd Lane,2-й переулок Амаглеба
ამაღლების II ჩიხი,Amaghleba 2nd Dead End,2-й тупик Амаглеба
ამაღლების III შესახვევი,Amaghleba 3rd Lane,3-й переулок Амаглеба
ამაღლების III ჩიხი,Amaghleba 3rd Dead End,3-й тупик Амаглеба
ამაღლების IV შესახვევი,Amaghleba 4th Lane,4-й переулок Амаглеба
ამაღლების გასასვლელი,Amaghlebi Exit,съезд Амаглеби
ამაღლების ქუჩა,Amaghleba Street,улица Амаглеба
ამაღლების შესახვევი,Amaghlebi Lane,переулок Амаглеби
ამბერკი ტაბიძის ქუჩა,Amberki Tabidze Street,улица Амберки Табидзе
ამბროლაურის ქუჩა,Ambrolauri Street,улица Амбролаури
ამბროსი ხელაიას ქუჩა,Ambrosi Khelaia Street,улица Амброси Хелаия
ამირან ბობოხიძის I გასასვლელი,Amiran Bobokhidze 1st Exit,1-й съезд Амирана Бобохидзе
ამირან ბობოხიძის ქუჩა,Amiran Bobokhidze Street,улица Амирана Бобохидзе
ამირან დანელიას ქუჩა,Amiran Danelia Street,улица Амирана Данелия
ამირან ფანცულაიას ქუჩა,Amiran Pantsulaia Street,улица Амирана Панцулаия
ამირანაშვილის ქუჩა,Amiranishvili Street,улица Амиранишвили
ანა ანტონოვსკაიას ქუჩა,Ana Antonovskaia Street,улица Анны Антоновской
ანა ბაჯის I შესახვევი,Ana Baji 1st Lane,1-й переулок Аны Баджи
ანა ბაჯის ქუჩა,Ana Baji Street,улица Аны Баджи
ანა კალანდაძის ქუჩა,Ana Kalandadze Street,улица Аны Каландадзе
ანა პოლიტკოვსკაიას ქუჩა,Anna Politkovskaya Street,улица Анны Политковской
ანაგის ქუჩა,Anagi Street,улица Анаги
ანაკლიას ქუჩა,Anaklia Street,улица Анаклия
ანაპის 414-ე დივიზიას ქუჩა,Anapis 414 Divizia Street,улица Анапис 414 Дивизия
ანაპის 414-ე დივიზიას შესახვევი,414 Anapi Divizia Lane,переулок 414 Анапи Дивизия
ანასტასია ერისთავ-ხოშტარიას ქუჩა,Anastasia Eristavi-Khoshtaria Street,улица Анастасии Эристави-Хоштария
ანასტასია თუმანიშვილი-წერეთლის III ჩიხი,Anastasia Tumanishvili-Tsereteli 3rd Dead End,3-й тупик Анастасии Туманишвили-Церетели
ანასტასია თუმანიშვილი-წერეთლის ქუჩა,Anastasia Tumanishvili-Tsereteli Street,улица Анастасии Туманишвили-Церетели
ანატოლი კაჭარავას ქუჩა,Anatoli Kacharava Street,улица Анатолия Качарава
ანატოლი მილჩენკოს ქუჩა,Anatoli Milchenko Street,улица Анатолия Мильченко
ანგია ბოჭორიშვილის ქუჩა,Angia Bochorishvili Street,улица Ангии Бочоришвили
ანგისას I შესახვევი,Angisa 1st Lane,1-й переулок Ангиса
ანგისას I ჩიხი,Angisa 1st Dead End,1-й тупик Ангиса
ანგისას II ჩიხი,Angisa 2nd Dead End,2-й тупик Ангиса
ანგისას III ჩიხი,Angisa 3rd Dead End,3-й тупик Ангиса
ანგისის ქუჩა,Angisa Street,улица Ангиса
ანდრია აფაქიძის ქუჩა,Andria Apakidze Street,улица Андрия Апакидзе
ანდრია ბენაშვილის გასასვლელი,Andria Benashvili Exit,съезд Андрия Бенашвили
ანდრია ბენაშვილის ქუჩა,Andria Benashvili Street,улица Андрия Бенашвили
ანდრია გუგუშვილის I შესახვევი,Andria Gugushvili 1st Lane,1-й переулок Андрия Гугушвили
ანდრია გუგუშვილის I ჩიხი,Andria Gugushvili 1st Dead End,1-й тупик Андрия Гугушвили
ანდრია გუგუშვილის ქუჩა,Andria Gugushvili Street,улица Андрия Гугушвили
ანდრია დადიანის ქუჩა,Andria Dadiani Street,улица Андрия Дадиани
ანდრია პირველწოდებულის ქუჩა,Andria Pirveltsodebuli Street,улица Андрии Пирвелцодебули
ანდრია რაზმაძის ქუჩა,Andrea Razmadze Street,улица Андрея Размадзе
ანდრია წიკლაურის ქუჩა,Andria Tsiklauri Street,улица Андрия Циклаури
ანდრო ბიწაძის ქუჩა,Andro Bitsadze Street,улица Андро Бицадзе
ანდრო გაბუნიას ქუჩა,Andro Gabunia Street,улица Андро Габуния
ანდრო ჟორდანის I გასასვლელი,Andro Zhordani 1st Exit,1-й съезд Андро Жордани
ანდრო ჟორდანის II გასასვლელი,Andro Zhordani 2nd Exit,2-й съезд Андро Жордани
ანდრო ჟორდანის III გასასვლელი,Andro Zhordani 3rd Exit,3-й съезд Андро Жордани
ანდრო ჟორდანის IV გასასვლელი,Andro Zhordani 4th Exit,4-й съезд Андро Жордани
ანდრო ჟორდანის ქუჩა,Andro Zhordani Street,улица Андро Жордани
ანდრო ჭილაიას ქუჩა,Andro Chilaia Street,улица Андро Чилаи
ანზორ აბულაშვილის ქუჩა,Anzor Abulashvili Street,улица Анзора Абулашвили
ანზორ გელდიაშვილის ქუჩა,Anzor Geldiashvili Street,улица Анзора Гелдиашвили
ანზორ ერქომაიშვილის ქუჩა,Anzor Erkomaishvili Street,улица Анзора Эркомаишвили
ანთიმოზ ივერიელის I ჩიხი,Antimoz Iverieli 1st Dead End,1-й тупик Антимоза Ивериели
ანთიმოზ ივერიელის II ჩიხი,Antimoz Iverieli 2nd Dead End,2-й тупик Антимоза Ивериели
ანთიმოზ ივერიელის გასასვლელი,Antimoz Iverieli Exit,съезд Антимоза Имериели
ანთიმოზ ივერიელის ქუჩა,Antimoz Iverieli Street,улица Антимоза Ивериели
ანთიმოზ როგავას ქუჩა,Antimoz Rogava Street,улица Антимоза Рогава
ანნა პოლიტკოვსკაიას ქუჩა,Anna Politkovskaya Street,улица Анны Политковской
ანტიმოზ ივერიელის ქუჩა,Antimoz Iverieli Street,улица Антимоза Ивериели
ანტონ აბულაშვილის ქუჩა,Anton Abulashvili Street,улица Антона Абулашвили
ანტონ კათალიკოსის ქუჩა,Anton Katalikos Street,улица Антона Католикоса
ანტონ კათალიკოსის ჩიხი,Anton Katalikos Dead End,тупик Антона Католикоса
ანტონ მეორის ქუჩა,Anton Meori Street,улица Антона Меори
ანტონ ფურცელაძის ქუჩა,Anton Purtseladze Street,улица Антона Пурцеладзе
ანტონ ფურცელაძის ჩიხი,Anton Purtseladze Dead End,тупик Антона Пурцеладзе
ანტონ ჩეხოვის ქუჩა,Anton Chekhov Street,улица Антона Чехова
აპოლონ ქუთათელაძის ქუჩა,Apolon Kutateladze Street,улица Аполона Кутателадзе
აპოლონ ჯინჭარაძის ქუჩა,Apolon Jincharadze Street,улица Аполона Джинчарадзе
არალეთის ქუჩა,Araleti Street,улица Аралети
არაგვის ქუჩა,Aragvi Street,Арагвская улица
არამ ხაჩატურიანის ქუჩა,Aram Khachaturiani Street,улица Арама Хачатуриани
არარატის ქუჩა,Ararat Street,улица Арарат
არარატის შესახვევი,Ararat Lane,переулок Арарата
არბოს ქუჩა,Arbo Street,улица Арбо
არბოშიკის ქუჩა,Arboshiki Street,улица Арбошики
არგვეთის ქუჩა,Argveti Street,улица Аргвети
არზაყან (დიმიტრი) ემუხვარის I შესახვევი,Arzaqan (Dimitri) Emukhvari 1st Lane,1-й переулок Арзакана (Димитри) Эмухвари
არზაყან (დიმიტრი) ემუხვარის II შესახვევი,Arzaqan (Dimitri) Emukhvari 2nd Lane,2-й переулок Арзакана (Димитри) Эмухвари
არზაყან (დიმიტრი) ემუხვარის III შესახვევი,Arzaqan (Dimitri) Emukhvari 3rd Lane,3-й переулок Арзакана (Димитри) Эмухвари
არზაყან (დიმიტრი) ემუხვარის ქუჩა,Arzaqan (Dimitri) Emukhvari Street,улица Арзакана (Димитри) Эмухвари
ართვინის I ჩიხი,Artvini 1st Dead End,1-й тупик Артвини
ართვინის II ჩიხი,Artvini 2nd Dead End,2-й тупик Артвини
ართვინის ქუჩა,Artvini Street,улица Артвини
არმაზის ქუჩა,Armazi Street,улица Армази
არმაზის შესახვევი,Armazi Lane,переулок Армази
არნოლდ ჩიქობავას ქუჩა,Arnold Chikobava Street,улица Арнольда Чикобавы
არნოლდ ჩიქობავას შესახვევი,Arnold Chikobava Lane,переулок Арнольда Чикобава
არსენ იყალთოელის ქუჩა,Arsen Iqaltoeli Street,улица Арсена Икалтоели
არსენ მეკოკიშვილის I შესახვევი,Arsen Mekokishvili 1st Lane,1-й переулок Арсена Мекокишвили
არსენ მეკოკიშვილის ქუჩა,Arsen Mekokishvili Street,улица Арсена Мекокишвили
არსენ ოქროჯანაშვილის II შესახვევი,Arsen Okrojanashvili 2nd Lane,2-й переулок Арсена Окроджанашвили
არსენ ოქროჯანაშვილის ქუჩა,Arsen Okrojanashvili Street,улица Арсена Окроджанашвили
არსენა მარაბდელის ქუჩა,Arsena Marabdeli Street,улица Арсена Марабдели
არსენა მარაბდელის ჩიხი,Arsena Marabdeli Dead End,тупик Арсена Марабдели
არსენა ოძელაშვილის ქუჩა,Arsena Odzelashvili Street,улица Арсена Одзелашвили
არსენალის მთის ქუჩა,Arsenali Mta Street,улица Арсенали Мта
არსენას I შესახვევი,Arsena 1st Lane,1-й переулок Арсена
არსენას V ჩიხი,Arsena 5th Dead End,5-й тупик Арсена
არსენას VI ჩიხი,Arsena 6th Dead End,6-й тупик Арсена
არსენას ქუჩა,Arsena Street,улица Арсена
არსუკიძის ქუჩა,Arsukidze Street,улица Арсукидзе
არტანუჯის ქუჩა,Artanuji Street,улица Артануджи
არტემ ლუსინიანის ქუჩა,Artem Lusiniani Street,улица Артема Лусиниани
არტემ ლუსინიანის ჩიხი,Artem Lusiniani Dead End,тупик Артема Лусиниани
არტურ ლაისტის ქუჩა,Arthur Leist Street,улица Артура Лейста
არუთინ საიათნოვას ქუჩა,Harutyun Saiatnova Street,улица Арутин Саят-Нова
არქანჯელო ლამბერტის ქუჩა,Archangelo Lambert Street,улица Архангела Ламберта
არქიმანდრიტ ილია კარტოზიას ქუჩა,Arkimandrit Ilia Kartozia Street,улица Архимандрита Илии Картозия
არჩილ ამაღლობელის ქუჩა,Archil Amaghlobeli Street,улица Арчила Амаглобели
არჩილ ბეთანელის ქუჩა,Archil Betaneli Street,улица Арчила Бетанели
არჩილ და გია ქურდიანების ქუჩა,Archil and Gia Kurdiani Street,улица Арчила и Гии Курдиани
არჩილ კერესელიძის ქუჩა,Archil Kereselidze Street,улица Арчила Кереселидзе
არჩილ მეფის I შესახვევი,Archil Mepe 1st Lane,1-й переулок Арчил Мепе
არჩილ მეფის ქუჩა,Archil Mepe Street,улица Арчил Мепе
არჩილ მიშველაძის ქუჩა,Archil Mishveladze Street,улица Арчила Мишвеладзе
არჩილ სულაკაურის ქუჩა,Archil Sulakauri Street,улица Арчила Сулакаури
არჩილ ფირცხელავას I ჩიხი,Archil Pirtskhelava 1st Dead End,1-й тупик Арчила Пирцхелава
არჩილ ფირცხელავას ქუჩა,Archil Pirtskhelava Street,улица Арчила Пирцхелава
არჩილ ცაგარელის ქუჩა,Archil Tsagareli Street,улица Арчила Цагарели
არჩილ ჯორჯაძის ქუჩა,Archil Jorjadze Street,улица Арчила Джорджадзе
არწივის ქუჩა,Artsivi Street,улица Арциви
არჯევან ანანიაშვილის II ჩიხი,Arjevan Ananiashvili 2nd Dead End,2-й тупик Арджевана Ананиашвили
არჯევან ანანიაშვილის ქუჩა,Arjevan Ananiashvili Street,улица Арджевана Ананиашвили
ასი ათასი მოწამის ქუჩა,Asi Atasi Motsami Street,улица Аси Атаси Моцами
ასკანას ქუჩა,Ascana Street,улица Аскана
ასკანის I ჩიხი,Ascana 1st Dead End,1-ый тупик Аскана
ასკანის II ჩიხი,Ascana 2nd Dead End,2-ой тупик Аскана
ასკანის III ჩიხი,Ascana 3rd Dead End,3-ий тупик Аскана
ასკანის IV ჩიხი,Ascana 4th Dead End,4-й тупик Аскана
ასკანის შესახვევი,Ascana Lane,переулок Аскана
ასმათის ქუჩა,Asmati Street,улица Асмати
ასპინძის I ქუჩა,Aspindza 1st Street,1-я улица Аспиндза
ასპინძის ქუჩა,Aspindza Street,улица Аспиндза
ასპინძის შესახვევი,Aspindza Lane,переулок Аспиндза
ასურეთის ქუჩა,Asureti Street,улица Асурети
ასხის ქუჩა,Askhi Street,улица Асхи
ატენის ქუჩა,Ateni Street,улица Атени
ატენის ჩიხი,Ateni Dead End,тупик Атени
ატოცის ქუჩა,Atotsi Street,улица Атоци
აფსაროსის I შესახვევი,Apsarosi 1st Lane,1-й переулок Апсароси
აფსაროსის I ჩიხი,Apsarosi 1st Dead End,1-й тупик Апсароси
აფსაროსის II შესახვევი,Apsarosi 2nd Lane,2-й переулок Апсароси
აფსაროსის II ჩიხი,Apsarosi 2nd Dead End,2-й тупик Апсароси
აფსაროსის III შესახვევი,Apsarosi 3rd Lane,3-й переулок Апсароси
აფსაროსის გზატკეცილი,Apsaros Highway,шоссе Апсарос
აფხაზეთის I შესახვევი,Apkhazeti 1st Lane,1-й переулок Апхазети
აფხაზეთის I ჩიხი,Apkhazeti 1st Dead End,1-й тупик Апхазети
აფხაზეთის II შესახვევი,Apkhazeti 2nd Lane,2-й переулок Апхазети
აფხაზეთის II ჩიხი,Apkhazeti 2nd Dead End,2-й тупик Апхазети
აფხაზეთის III ჩიხი,Apkhazeti 3rd Dead End,3-й тупик Апхазети
აფხაზეთის ქუჩა,Apkhazeti Street,улица Апхазети
აქვსენტი ნაჭყებიას I ჩიხი,Akvsenti Nachqebia 1st Dead End,1-й тупик Аквсентия Начкебии
აქვსენტი ნაჭყებიას ქუჩა,Akvsenti Nachqebia Street,улица Аквсентия Начкебии
აღმართის ქუჩა,Aghmarti Street,улица Агмарти
აღმაშენებლის ქუჩა,Aghmashenebeli Street,улица Агмашенебели
აშოტ კურაპალატის ქუჩა,Ashot Kurapalati Street,улица Ашота Курапалати
აჩაბეთის I შესახვევი,Achabeti 1st Lane,1-й переулок Ачабети
აჩაბეთის II შესახვევი,Achabeti 2nd Lane,2-й переулок Ачабети
აჩაბეთის ქუჩა,Achabeti Street,улица Ачабети
აწყურის ქუჩა,Atsquri Street,улица Ацкури
აწყურის შესახვევი,Atsquri Lane,переулок Ацкури
აჭარის ქუჩა,Adjara Street,улица Аджара
აჭარისწყალის შესახვევი,Acharistsqali Lane,переулок Ачарисцкали
ახალარსენალის I ქუჩა,Akhalarsenali 1st Street,1-я улица Ахаларсенали
ახალგაზრდობას ქუჩა,Akhalgazrdoba Street,улица Ахалгазрдоба
ახალგაზრდობის ქუჩა,Akhalgazrdoba Street,улица Ахалгазрдоба
ახალგორის I ჩიხი,Akhalgori 1st Dead End,1-й тупик Ахалгори
ახალგორის ქუჩა,Akhalgori Street,улица Ахалгори
ახალდაბას I ჩიხი,Akhaldaba 1st Dead End,1-й тупик Ахалдаба
ახალდაბას IV ჩიხი,Akhaldaba 4th Dead End,4-й тупик Ахалдаба
ახალდაბას ქუჩა,Akhaldaba Street,улица Ахалдаба
ახალდაბის ქუჩა,Akhaldabi Street,улица Ахалдаби
ახალდაბის შესახვევი,Akhaldabi Lane,переулок Ахалдаби
ახალი ხეივნის გასასვლელი,Akhali Kheivni Exit,съезд Ахали Хеивни
ახალი ხეივნის ქუჩა,Akhali Kheivni Street,улица Ахали Хеивни
ახალმოწამეთას ქუჩა,Akhalmotsameta Street,улица Ахалмоцамета
ახალმოწამეთას შესახვევი,Akhalmotsameta Lane,переулок Ахалмоцамета
ახალუბანის ქუჩა,Akhalubani Street,улица Ахалубани
ახალქალაქის ქუჩა,Akhalkalaki Street,улица Ахалкалаки
ახალციხის ქუჩა,Akhaltsikhe Street,улица Ахалцихе
ახმედ მელაშვილის ქუჩა,Akhmed Melashvili Street,улица Ахмеда Мелашвили
ახმეთ მელაშვილის I ჩიხი,Akhmet Melashvili 1st Dead End,1-й тупик Ахмета Мелашвили
ახმეთ მელაშვილის ქუჩა,Akhmet Melashvili Street,улица Ахмета Мелашвили
ახმეტის ქუჩა,Akhmeta Street,улица Ахмета
ახმეტის ჩიხი,Akhmeta Dead End,тупик Ахмета
ახტალას გასასვლელი,Akhtala Exit,съезд Ахтала
ახტალის ქუჩა,Akhtala Street,улица Ахтала
ახუთის ქუჩა,Akhuti Street,улица Ахути
აჯამეთის ქუჩა,Ajameti Street,улица Аджамети
აჰმედ ჯავადის I ჩიხი,Ahmed Javadi 1st Dead End,1-й тупик Ахмеда Джавади
აჰმედ ჯავადის II ჩიხი,Ahmed Javadi 2nd Dead End,2-й тупик Ахмеда Джавади
აჰმედ ჯავადის ქუჩა,Ahmed Javadi Street,улица Ахмеда Джавади
ბაგრატ მესამის ქუჩა,Bagrat Mesami Street,улица Баграт Месами
ბაგრატიონის I შესახვევი,Bagrationi 1st Lane,1-й переулок Багратиони
ბაგრატიონის ქუჩა,Bagrationi Street,улица Багратиони
ბაგრატის I შესახვევი,Bagrati 1st Lane,1-й переулок Баграти
ბაგრატის I ჩიხი,Bagrati 1st Dead End,1-й тупик Баграти
ბაგრატის ქუჩა,Bagrati Street,улица Баграти
ბადაგის ქუჩა,Badagi Street,улица Бадаги
ბადიაურის ქუჩა,Badiauri Street,улица Бадиаури
ბადრი ბერანძის ქუჩა,Badri Berandze Street,улица Бадри Берандзе
ბადრი კობახიძის I შესახვევი,Badri Kobakhidze 1st Lane,1-й переулок Бадри Кобахидзе
ბადრი კობახიძის II შესახვევი,Badri Kobakhidze 2nd Lane,2-й переулок Бадри Кобахидзе
ბადრი კობახიძის II ჩიხი,Badri Kobakhidze 2nd Dead End,2-й тупик Бадри Кобахидзе
ბადრი კობახიძის ქუჩა,Badri Kobakhidze Street,улица Бадри Кобахидзе
ბადრი შოშიტაიშვილის ქუჩა,Badri Shoshitaishvili Street,улица Бадри Шошитаишвили
ბაზალეთის ქუჩა,Bazaleti Street,Базалетская улица
ბათლომე ხუციშვილის ქუჩა,Batlome Khutsishvili Street,улица Батломе Хуцишвили
ბათუ კრავეიშვილის ქუჩა,Batu Kraveishvili Street,улица Бату Кравеишвили
ბათუმგორის ქუჩა,Batumgori Street,улица Батумгори
ბათუმის I გასასვლელი,Batumi 1st Exit,1-й Батумский съезд
ბათუმის I შესახვევი,Batumi 1st Lane,1-й Батумский переулок
ბათუმის I ჩიხი,Batumi 1st Dead End,1-й Батумский тупик
ბათუმის II ჩიხი,Batumi 2nd Dead End,2-й Батумский тупик
ბათუმის III ჩიხი,Batumi 3rd Dead End,3-й Батумский тупик
ბათუმის ესტაკადა,Batumi overpass,Батумская эстакада
ბათუმის ქუჩა,Batumi Street,Батумская улица
ბათუმის შესახვევი,Batumi Lane,Батумский переулок
ბათუმის ჩიხი,Batumi Dead End,Батумский тупик
ბაიდაურის შესახვევი,Baidauri Lane,переулок Баидаури
ბაკურიანის ქუჩა,Bakuriani Street,улица Бакуриани
ბაკურციხის ქუჩა,Bakurtsikhi Street,улица Бакурцихи
ბალადანის ქუჩა,Baladani Street,улица Баладани
ბამბის რიგი,Bambis Rigi,Бамбис-риги
ბანაკის დასახლების ქუჩა,Banaki Dasakhleba 1st Street,1-я улица Банаки Дасахлеба
ბარაკონის ქუჩა,Barakoni Street,улица Баракони
ბარალეთის ქუჩა,Baraleti Street,улица Баралети
ბარბარე ბაირამაშვილის ქუჩა,Barbare Bairamashvili Street,улица Барбаре Баирамашвили
ბარბარე გამრეკელის I ჩიხი,Barbare Gamrekeli 1st Dead End,1-й тупик Барбаре Гамрекели
ბარბარე გამრეკელის II ჩიხი,Barbare Gamrekeli 2nd Dead End,2-й тупик Барбаре Гамрекели
ბარბარე გამრეკელის ქუჩა,Barbare Gamrekeli Street,улица Барбаре Гамрекели
ბარბარე ერისთავი-ჯორჯაძის I შესახვევი,Barbare Eristavi-Jorjadze 1st Lane,1-й переулок Барбаре Эристави-Джорджадзе
ბარბარე ერისთავი-ჯორჯაძის II შესახვევი,Barbare Eristavi-Jorjadze 2nd Lane,2-й переулок Барбаре Эристави-Джорджадзе
ბარბარე ერისთავი-ჯორჯაძის ქუჩა,Barbare Eristavi-Jorjadze Street,улица Барбаре Эристави-Джорджадзе
ბარბარე მაჭავარიანი-წერეთლის ქუჩა,Barbare Machavariani-Tsereteli Street,улица Барбаре Мачавариани-Церетели
ბარბარე ყიფიანის ქუჩა,Barbare Qipiani Street,улица Барбаре Кипиани
ბარისახოს ქუჩა,Barisakho Street,улица Барисахо
ბარისახოს შესახვევი,Barisakho Lane,переулок Барисахо
ბარონ დე ბაის ქუჩ,Baron de Baye Street,улица Барона де Бай
ბარცხანის ხიდი,Bartskhana bridge,Барцханский мост
ბაქოს II გასასვლელი,Baku 2nd Exit,2-й Бакинский съезд
ბაქოს ქუჩა,Baku Street,Бакинская улица
ბაღის I შესახვევი,Baghi 1st Lane,1-й переулок Баги
ბაღის I ჩიხი,Baghi 1st Dead End,1-й тупик Баги
ბაღის ქუჩა,Baghi Street,улица Баги
ბაშაურის ქუჩა,Bashauri Street,улица Башаури
ბაჩანა ბრეგვაძის ქუჩა,Bachana Bregvadze Street,улица Бачаны Брегвадзе
ბაჩანას ქუჩა,Bachana Street,улица Бачаны
ბაჩანას ჩიხი,Bachana Dead End,тупик Бачаны
ბაჩუკი კოკაიას ქუჩა,Bachuki Kokaia Street,улица Бачуки Кокаия
ბახვის შესახვევი,Bakhva Lane,переулок Бахва
ბახმაროს ქუჩა,Bakhmaro Street,улица Бахмаро
ბახმაროს შესახვევი,Bakhmaro Lane,переулок Бахмаро
ბახტრიონის ქუჩა,Bakhtrioni Street,улица Бахтриони
ბეგინეთის ქუჩა,Begineti Street,улица Бегинети
ბეგლარ ახოსპირალის I ჩიხი,Beglar Akhospireli 1st Dead End,1-ый тупик Беглара Ахоспирели
ბეგლარ ახოსპირალის II ჩიხი,Beglar Akhospireli 2nd Dead End,2-ой тупик Беглара Ахоспирели
ბეგლარ ახოსპირალის III ჩიხი,Beglar Akhospireli 3rd Dead End,3-ий тупик Беглара Ахоспирели
ბეგლარ ახოსპირალის ქუჩა,Beglar Akhospireli Street,улица Беглара Ахоспирели
ბედიას ქუჩა,Bedia Street,улица Бедия
ბეთანიას I ჩიხი,Betania 1st Dead End,1-й тупик Бетания
ბეთანიას ქუჩა,Betania Street,улица Бетания
ბეთანიის მონასტრის I შესახვევი,Betanii Monasteri 1st Lane,1-й переулок Бетании Монастери
ბეთანიის მონასტრის II შესახვევი,Betanii Monasteri 2nd Lane,2-й переулок Бетании Монастери
ბეთანიის მონასტრის III შესახვევი,Betanii Monasteri 3rd Lane,3-й переулок Бетании Монастери
ბეთანიის მონასტრის IV შესახვევი,Betanii Monasteri 4th Lane,4-й переулок Бетании Монастери
ბეთანიის მონასტრის V შესახვევი,Betanii Monasteri 5th Lane,5-й переулок Бетании Монастери
ბეთანიის მონასტრის VI შესახვევი,Betanii Monasteri 6th Lane,6-й переулок Бетании Монастери
ბეთანიის მონასტრის ქუჩა,Betanii Monasteri Street,улица Бетании Монастери
ბეთანიის ქუჩა,Betania Street,улица Бетаниа
ბეთლემის აღმართი,Betlemi Ascent,подъём Бетлеми
ბეთლემის ქუჩა,Betlemi Street,улица Бетлеми
ბეთლემის ჩიხი,Betlemi Dead End,тупик Бетлеми
ბელა მირიანაშვილის ქუჩა,Bela Mirianashvili Street,улица Белы Мирианашвили
ბელაქნის I შესახვევი,Belakni 1st Lane,1-й переулок Белакни
ბელაქნის ქუჩა,Belakni Street,улица Белакни
ბენედიქტე მაღლაკელიძის ქუჩა,Benedikte Maghlakelidze Street,улица Бенедикте Маглакелидзе
ბენიამინ ჩხიკვიშვილის I ჩიხი,Beniamin Chkhikvishvili 1st Dead End,1-й тупик Бениамина Чхиквишвили
ბენიამინ ჩხიკვიშვილის ქუჩა,Beniamin Chkhikvishvili Street,улица Бениамина Чхиквишвили
ბეჟან კალანდაძის ქუჩა,Bezhan Kalandadze Street,улица Бежана Каландадзе
ბეჟან კალანდაძის ჩიხი,Bezhan Kalandadze Dead End,тупик Бежана Каландадзе
ბერბუკის ქუჩა,Berbuki Street,Бербукская улица
ბერდიანსკის ქუჩა,Berdianski Street,улица Бердянского
ბერთუბნის ქუჩა,Bertubani Street,улица Бертубани
ბერი ალექსანდრე შუშანიას ქუჩა,Beri Aleksandre Shushania Street,улица Бери Александре Шушания
ბერი გაბრიელ სალოსის I შესახვევი,Beri Gabriel Salosi 1st Lane,1-й переулок Бери Габриэл Салоси
ბერი გაბრიელ სალოსის I ჩიხი,Beri Gabriel Salosi 1st Dead End,1-й тупик Бери Габриэл Салоси
ბერი გაბრიელ სალოსის II შესახვევი,Beri Gabriel Salosi 2nd Lane,2-й переулок Бери Габриэл Салоси
ბერი გაბრიელ სალოსის II ჩიხი,Beri Gabriel Salosi 2nd Dead End,2-й тупик Бери Габриэл Салоси
ბერი გაბრიელ სალოსის III შესახვევი,Beri Gabriel Salosi 3rd Lane,3-й переулок Бери Габриэл Салоси
ბერი გაბრიელ სალოსის III ჩიხი,Beri Gabriel Salosi 3rd Dead End,3-й тупик Бери Габриэл Салоси
ბერი გაბრიელ სალოსის IV შესახვევი,Beri Gabriel Salosi 4th Lane,4-й переулок Бери Габриэл Салоси
ბერი გაბრიელ სალოსის IV ჩიხი,Beri Gabriel Salosi 4th Dead End,4-й тупик Бери Габриэл Салоси
ბერი გაბრიელ სალოსის V შესახვევი,Beri Gabriel Salosi 5th Lane,5-й переулок Бери Габриэл Салоси
ბერი გაბრიელ სალოსის VI შესახვევი,Beri Gabriel Salosi 6th Lane,6-й переулок Бери Габриэл Салоси
ბერი გაბრიელ სალოსის VI ჩიხი,Beri Gabriel Salosi 6th Dead End,6-й тупик Бери Габриэл Салоси
ბერი გაბრიელ სალოსის VII შესახვევი,Beri Gabriel Salosi 7th Lane,7-й переулок Бери Габриэл Салоси
ბერი გაბრიელ სალოსის გამზირი,Beri Gabriel Salosi Avenue,проспект Бери Габриэл Салоси
ბერი გაბრიელ სალოსის მოედანი,Beri Gabriel Salosi Square,площадь Бери Габриэл Салоси
ბერი გობრონის ქუჩა,Beri Gobroni Street,улица Бери Гоброни
ბერი ფავლენიშვილის ქუჩა,Beri Pavlenishvili Street,улица Бери Павленишвили
ბერლინის ხეივანი,Berlin Alley,аллея Берлина
ბერტა ფონ ზუტნერის ქუჩა,Bertha Von Zutner Street,улица Берта Фон Зутнер
ბერტა ფონ ზუტნერის ჩიხი,Berta Fon Zutneri Dead End,тупик Берты Фон Зутнери
ბესარიონ ბელინსკის ქუჩა,Besarion Belinski Street,улица Виссариона Белинского
ბესარიონ გოგოლიშვილის ქუჩა,Besarion Gogolishvili Street,улица Бесариона Гоголишвили
ბესარიონ კემულარიას ქუჩა,Besarion Kemularia Street,улица Бесариона Кемулария
ბესარიონ ლომინაძის ქუჩა,Besarion Lominadze Street,улица Бесариона Ломинадзе
ბესარიონ ნიჟარაძის ქუჩა,Besarion Nizharadze Street,улица Бесариона Нижарадзе
ბესარიონ ჟღენტის ქუჩა,Besarion Zhghenti Street,улица Бесариона Жгенти
ბესარიონ ჟღენტის ჩიხი,Besarion Zhghenti Dead End,тупик Бессариона Жгенти
ბესარიონ ქებურიას I ჩიხი,Besarion Keburia 1st Dead End,1-й тупик Бесариона Кебурия
ბესარიონ ქებურიას ქუჩა,Besarion Keburia Street,улица Бесариона Кебурия
ბესარიონ ჭიჭინაძის I ჩიხი,Besarion Chichinadze 1st Dead End,1-й тупик Бесариона Чичинадзе
ბესარიონ ჭიჭინაძის II ჩიხი,Besarion Chichinadze 2nd Dead End,2-й тупик Бесариона Чичинадзе
ბესარიონ ჭიჭინაძის III ჩიხი,Besarion Chichinadze 3rd Dead End,3-й тупик Бесариона Чичинадзе
ბესარიონ ჭიჭინაძის IV ჩიხი,Besarion Chichinadze 4th Dead End,4-й тупик Бесариона Чичинадзе
ბესარიონ ჭიჭინაძის V ჩიხი,Besarion Chichinadze 5th Dead End,5-й тупик Бесариона Чичинадзе
ბესარიონ ჭიჭინაძის VI ჩიხი,Besarion Chichinadze 6th Dead End,6-й тупик Бесариона Чичинадзе
ბესარიონ ჭიჭინაძის ქუჩა,Besarion Chichinadze Street,улица Бесариона Чичинадзе
ბესარიონ ჭიჭინაძის შესახვევი,Besarion Chichinadze Lane,переулок Бесариона Чичинадзе
ბესარიონ ჯანაშიას II შესახვევი,Besarion Janashia 2nd Lane,2-й переулок Бесариона Джанашия
ბესარიონ ჯანაშიას III შესახვევი,Besarion Janashia 3rd Lane,3-й переулок Бесариона Джанашия
ბესარიონ ჯანაშიას ქუჩა,Besarion Janashia Street,улица Бесариона Джанашия
ბესარიონ ჯანაშიას ჩიხი,Besarion Janashia Dead End,тупик Бесариона Джанашия
ბესარიონ ჯუღაშვილის ქუჩა,Besarion Jughashvili Street,улица Виссариона Джугашвили
ბესიკ ბელთაძის ქუჩა,Besik Beltadze Street,улица Бесика Белтадзе
ბესიკ ბურკიაშვილის I ჩიხი,Besik Burkiashvili 1st Dead End,1-й тупик Бесика Буркиашвили
ბესიკ ბურკიაშვილის ქუჩა,Besik Burkiashvili Street,улица Бесика Буркиашвили
ბესიკ გეთიას I ჩიხი,Besik Getia 1st Dead End,1-й тупик Бесика Гетия
ბესიკ გეთიას III ჩიხი,Besik Getia 3rd Dead End,3-й тупик Бесика Гетия
ბესიკ გეთიას ქუჩა,Besik Getia Street,улица Бесика Гетия
ბესიკ კაპანაძის ქუჩა,Besik Kapanadze Street,улица Бесика Капанадзе
ბესიკის I ჩიხი,Besiki 1st Dead End,1-й тупик Бесики
ბესიკის მოედანი,Besiki Lane,переулок Бесики
ბესიკის ქუჩა,Besiki Street,улица Бесики
ბესიკის შესახვევი,Besiki Lane,переулок Бесики
ბესო ბერიას ქუჩა,Beso Beria Street,улица Бесо Берия
ბექა და ბეშქენ ოპიზრების ქუჩა,Beka and Beshken Opizri Street,улица Бека и Бешкена Опизри
ბექა ფილფანის ქუჩა,Beka Pilpani Street,улица Бека Пилпани
ბეღლეთის I შესახვევი,Beghleti 1st Lane,1-й переулок Беглети
ბეღლეთის ქუჩა,Beghleti Street,улица Беглети
ბეშენოვას ქუჩა,Bešeňová Street,улица Бешенёвы
ბეჩოს ქუჩა,Becho Street,улица Бечо
ბზითაგორის ქუჩა,Bzitagora Street,улица Бзитагора
ბზის ქუჩა,Bza Street,улица Бза
ბზიფის ქუჩა,Bzipi Street,улица Бзипи
ბზიფის შესახვევი,Bzipi Lane,переулок Бзипи
ბიოლის ქუჩა,Bioli Street,улица Биоли
ბიძინა ბარათაშვილის I შესახვევი,Bidzina Baratashvili 1st Lane,1-й переулок Бидзины Бараташвили
ბიძინა ბარათაშვილის ქუჩა,Bidzina Baratashvili Street,улица Бидзины Бараташвили
ბიძინა კვერნაძის I შესახვევი,Bidzina Kvernadze 1st Lane,1-й переулок Бидзины Квернадзе
ბიძინა კვერნაძის II შესახვევი,Bidzina Kvernadze 2nd Lane,2-й переулок Бидзины Квернадзе
ბიძინა კვერნაძის ქუჩა,Bidzina Kvernadze Street,улица Бидзины Квернадзе
ბიძინა ნანეიშვილის I გასასვლელი,Bidzina Naneishvili 1st Exit,1-й съезд Бидзины Нанеишвили
ბიძინა ნანეიშვილის ქუჩა,Bidzina Naneishvili Street,улица Бидзины Нанеишвили
ბიძინა ჩოლოყაშვილის ქუჩა,Bidzina Choloqashvili Street,улица Бидзины Чолокашвили
ბიჭვინთას I ჩიხი,Bichvinta 1st Dead End,1-й тупик Бичвинта
ბიჭვინთას II ჩიხი,Bichvinta 2nd Dead End,2-й тупик Бичвинта
ბიჭვინთას III ჩიხი,Bichvinta 3rd Dead End,3-й тупик Бичвинта
ბიჭვინთას IV ჩიხი,Bichvinta 4th Dead End,4-й тупик Бичвинта
ბიჭვინთას ქუჩა,Bichvinta Street,улица Бичвинта
ბიჭვინთას შესახვევი,Bichvinta Lane,переулок Бичвинта
ბნელის ჩიხი,Bneli Dead End,тупик Бнели
ბობ უოლშის I შესახვევი,Bob Walsh 1st Lane,1-й переулок Боба Уолша
ბობ უოლშის II შესახვევი,Bob Walsh 2nd Lane,2-й переулок Боба Уолша
ბობ უოლშის ქუჩა,Bob Walsh Street,улица Боба Уолша
ბოგდან ხმელნიცკის II შესახვევი,Bogdan Khmelnitski 2nd Lane,2-й переулок Богдана Хмельницкого
ბოგდან ხმელნიცკის III შესახვევი,Bogdan Khmelnitski 3rd Lane,3-й переулок Богдана Хмельницкого
ბოგდან ხმელნიცკის IV შესახვევი,Bogdan Khmelnitski 4th Lane,4-й переулок Богдана Хмельницкого
ბოგდან ხმელნიცკის V შესახვევი,Bogdan Khmelnitski 5th Lane,5-й переулок Богдана Хмельницкого
ბოგდან ხმელნიცკის ქუჩა,Bogdan Khmelnitski Street,улица Богдана Хмельницкого
ბოგვის ქუჩა,Bogvi Street,улица Богви
ბოდავის II ქუჩა,Bodavi 2nd Street,2-я улица Бодави
ბოდბეს ქუჩა,Bodbe Street,улица Бодбе
ბოდრელის ქუჩა,Bodreli Street,улица Бодрели
ბოლნისის I ჩიხი,Bolnisi 1st Dead End,1-й тупик Болниси
ბოლნისის ქუჩა,Bolnisi Street,улица Болниси
ბოლნისის ჩიხი,Bolnisi Dead End,тупик Болниси
ბოლო აღმართი,Bolo Ascent,подъём Боло
ბომბორას I ჩიხი,Bombora 1st Dead End,1-й тупик Бомбора
ბომბორას ქუჩა,Bombora Street,улица Бомбора
ბონი ნოღაიდელის ქუჩა,Boni Noghaideli Street,улица Бони Ногаидели
ბონის მოედანი,Boni Square,площадь Бони
ბორბალოს ქუჩა,Borbalo Street,улица Борбало
ბორითის ქუჩა,Boriti Street,улица Борити
ბორის ბერიძის ქუჩა,Boris Beridze Street,улица Бориса Беридзе
ბორის გრიგოლაშვილის ქუჩა,Boris Grigolashvili Street,улица Бориса Григолашвили
ბორის კუფტინის ქუჩა,Boris Kuptin Street,улица Бориса Куптина
ბორის კუფტინის ჩიხი,Boris Kuptin Dead End,тупик Бориса Куптина
ბორის პაიჭაძის I შესახვევი,Boris Paichadze 1st Lane,1-й переулок Бориса Паичадзе
ბორის პაიჭაძის II შესახვევი,Boris Paichadze 2nd Lane,2-й переулок Бориса Паичадзе
ბორის პაიჭაძის ქუჩა,Boris Paichadze Street,улица Бориса Пайчадзе
ბორჯომის I შესახვევი,Borjomi 1st Lane,1-й переулок Борджоми
ბორჯომის II შესახვევი,Borjomi 2nd Lane,2-й переулок Борджоми
ბორჯომის ქუჩა,Borjomi Street,улица Боржоми
ბოსტან-ქალაქის ქუჩა,Bostan-Kalaki Street,улица Бостан-Калаки
ბოტანიკურის ქუჩა,Botanikuri Street,улица Ботаникури
ბოტანიკურის ჩიხი,Botanikuri Dead End,тупик Ботаникури
ბოჩია შელიას ქუჩა,Bochia Shelia Street,улица Бочия Шелия
ბოჭორმის I ჩიხი,Bochormi 1st Dead End,1-й тупик Бочорми
ბოჭორმის ქუჩა,Bochorma Street,улица Бочорма
ბჟოლეთის ქუჩა,Bzholeti Street,улица Бжолети
ბრილების ქუჩა,Brilebi Street,улица Брилеби
ბროწეულას V შესახვევი,Brotseula 5th Lane,5-й переулок Броцеула
ბროწეულას VII შესახვევი,Brotseula 7th Lane,7-й переулок Броцеула
ბროწეულას ქუჩა,Brotseula Street,улица Броцеула
ბროწეულის ქუჩა,Brotseuli Street,улица Броцеули
ბუგეულის I ჩიხი,Bugeuli 1st Dead End,1-й тупик Бугеули
ბუგეულის ქუჩა,Bugeuli Street,улица Бугеули
ბუდაპეშტის I შესახვევი,Budapest 1st Lane,1-й переулок Будапешта
ბუდაპეშტის ქუჩა,Budapest Street,Будапештская улица
ბუკიას ქუჩა,Bukia Street,улица Букиа
ბუკისციხის ქუჩა,Bukistsikhe Street,улица Букисцихе
ბულვარი,Boulevard,Бульвар
ბუქარესტის ქუჩა,Bucharest Street,улица Бухареста
გაბრიელ ათონელის I შესახვევი,Gabriel Atoneli 1st Lane,1-й переулок Габриеля Атонели
გაბრიელ ათონელის I ჩიხი,Gabriel Atoneli 1st Dead End,1-й тупик Габриеля Атонели
გაბრიელ ათონელის II შესახვევი,Gabriel Atoneli 2nd Lane,2-й переулок Габриеля Атонели
გაბრიელ ათონელის III შესახვევი,Gabriel Atoneli 3rd Lane,3-й переулок Габриеля Атонели
გაბრიელ ათონელის IV შესახვევი,Gabriel Atoneli 4th Lane,4-й переулок Габриеля Атонели
გაბრიელ ათონელის VI შესახვევი,Gabriel Atoneli 6th Lane,6-й переулок Габриеля Атонели
გაბრიელ ათონელის ქუჩა,Gabriel Atoneli Street,улица Габриеля Атонели
გაბრიელ გვერდწითელის ქუჩა,Gabriel Gverdtsiteli Street,улица Габриеля Гвердцители
გაბრიელ გვერდწითელის ჩიხი,Gabriel Gverdtsiteli Dead End,тупик Габриеля Гвердцители
გაბრიელ ეპისკოპოსის ქუჩა,Gabriel Episkoposi Street,улица Габриэля Епископоси
გაბრიელ ისაკაძის ქუჩა,Gabriel Isakadze Street,улица Габриэла Исакадзе
გაგრას I ჩიხი,Gagra 1st Dead End,1-й тупик Гагра
გაგრას II ჩიხი,Gagra 2nd Dead End,2-й тупик Гагра
გაგრას III ჩიხი,Gagra 3rd Dead End,3-й тупик Гагра
გაგრას IV ჩიხი,Gagra 4th Dead End,4-й тупик Гагра
გაგრას ქუჩა,Gagra Street,улица Гагры
გადასასვლელი ხიდი,Gadasasvleli Bridge,мост Гадасасвлели
გაზაფხულის I შესახვევი,Gazapkhuli 1st Lane,1-й переулок Газапхули
გაზაფხულის ქუჩა,Gazapkhuli Street,улица Газапхули
გაიანე ხაჩატურიანის ქუჩა,Gaiane Khachaturiani Street,улица Гаиане Хачатуриани
გაინე ხაჩატურიანის ქუჩა,Gaine Khachaturiani Street,улица Гаине Хачатуриани
გაიოზ რექტორის ქუჩა,Gaioz Rektori Street,улица Гаиоз Ректори
გალავანის ქუჩა,Galavani Street,улица Галавани
გალაკტიონ ტაბიძის I შესახვევი,Galaktion Tabidze 1st Lane,1-й переулок Галактиона Табидзе
გალაკტიონ ტაბიძის II შესახვევი,Galaktion Tabidze 2nd Lane,2-й переулок Галактиона Табидзе
გალაკტიონ ტაბიძის III შესახვევი,Galaktion Tabidze 3rd Lane,3-й переулок Галактиона Табидзе
გალაკტიონ ტაბიძის ქუჩა,Galaktion Tabidze Street,улица Галактиона Табидзе
გალაკტიონ ტაბიძის ჩიხი,Galaktion Tabidze Dead End,тупик Галактиона Табидзе
გალაკტიონ ტაბიძის ხიდი,Galaktion Tabidze Bridge,мост Галактиона Табидзе
გალაქტიონ ტაბიძის I შესახვევი,Galaktion Tabidze 1st Lane,1-й переулок Галактиона Табидзе
გალაქტიონ ტაბიძის I ჩიხი,Galaktion Tabidze 1st Dead End,1-й тупик Галактиона Табидзе
გალაქტიონ ტაბიძის II შესახვევი,Galaktion Tabidze 2nd Lane,2-й переулок Галактиона Табидзе
გალაქტიონ ტაბიძის II ჩიხი,Galaktion Tabidze 2nd Dead End,2-й тупик Галактиона Табидзе
გალაქტიონ ტაბიძის ქუჩა,Galaktion Tabidze Street,улица Галактиона Табидзе
გალის ქუჩა,Gali Street,улица Гали
გამარჯვებას I ჩიხი,Gamarjveba 1st Dead End,1-й тупик Гамарджвеба
გამარჯვებას II ჩიხი,Gamarjveba 2nd Dead End,2-й тупик Гамарджвеба
გამარჯვებას ქუჩა,Gamarjveba Street,улица Гамарджвеба
გამარჯვების I ჩიხი,Gamarjveba 1st Dead End,1-й тупик Гамарджвеба
გამარჯვების II ჩიხი,Gamarjveba 2nd Dead End,2-й тупик Гамарджвеба
გამარჯვების III ჩიხი,Gamarjveba 3rd Dead End,3-й тупик Гамарджвеба
გამარჯვების IV ჩიხი,Gamarjveba 4th Dead End,4-й тупик Гамарджвеба
გამარჯვების ქუჩა,Gamarjveba Street,улица Гамарджвеба
გენერალ მაზნიაშვილის ქუჩა,General Mazniashvili Street,улица Генерала Мазниашвили
განთიადის I შესახვევი,Gantiadi 1st Lane,1-й переулок Гантиади
განთიადის II შესახვევი,Gantiadi 2nd Lane,2-й переулок Гантиади
განთიადის ქუჩა,Gantiadi Street,улица Гантиади
გარდაბანის გზატკეცილი,Gardabani Highway,шоссе Гардабани
გარეჯის I ჩიხი,Gareji 1st Dead End,1-й тупик Гареджи
გარეჯის II ჩიხი,Gareji 2nd Dead End,2-й тупик Гареджи
გარეჯის ქუჩა,Gareji Street,улица Гареджи
გარი მერკვილაზის ქუჩა,Gari Merkvilazi Street,улица Гари Мерквилази
გეგუთის ქუჩა,Geguti Street,улица Гегути
გეზათის ქუჩა,Gezati Street,улица Гезати
გელა ბელქანიას ქუჩა,Gela Belkania Street,улица Гелы Белкании
გელა გოგიშვილის I შესახვევი,Gela Gogishvili 1st Lane,1-й переулок Гелы Гогишвили
გელა გოგიშვილის I ჩიხი,Gela Gogishvili 1st Dead End,1-й тупик Гелы Гогишвили
გელა გოგიშვილის ქუჩა,Gela Gogishvili Street,улица Гелы Гогишвили
გელა თუთარაშვილის ქუჩა,Gela Tutarashvili Street,улица Гелы Тутарашвили
გელა მებაღიშვილის ქუჩა,Gela Mebaghishvili Street,улица Гелы Мебагишвили
გელა მინდიკაურის ქუჩა,Gela Mindikauri Street,улица Гелы Миндикаури
გელა მუხაშავრიას ქუჩა,Gela Mukhashavria Street,улица Гелы Мухашаврии
გელა ღურწკაიას ქუჩა,Gela Ghurtskaia Street,улица Гелы Гурцкаи
გელა ღურწკაიას შესახვევი,Gela Ghurtskaia Lane,переулок Гела Гурцкаи
გელა ჭედიას ქუჩა,Gela Chedia Street,улица Гелы Чедии
გელა ჯიქიას ქუჩა,Gela Jikia Street,улица Гелы Джикии
გელაზის I შესახვევი,Gelazi 1st Lane,1-й переулок Гелази
გელაზის I ჩიხი,Gelazi 1st Dead End,1-й тупик Гелази
გელაზის II შესახვევი,Gelazi 2nd Lane,2-й переулок Гелази
გელაზის II ჩიხი,Gelazi 2nd Dead End,2-й тупик Гелази
გელაზის III შესახვევი,Gelazi 3rd Lane,3-й переулок Гелази
გელაზის IV შესახვევი,Gelazi 4th Lane,4-й переулок Гелази
გელაზის ქუჩა,Gelazi Street,улица Гелази
გელათის I ჩიხი,Gelati 1st Dead End,1-й тупик Гелати
გელათის II ჩიხი,Gelati 2nd Dead End,2-й тупик Гелати
გელათის ქუჩა,Gelati Street,улица Гелати
გემბრის შესახვევი,Gembri Lane,переулок Гембри
გენერალ ასლან აბაშიძის I შესახვევი,General Aslan Abashidze 1st Lane,1-й переулок Генерала Аслан Абашидзе
გენერალ ასლან აბაშიძის I ჩიხი,General Aslan Abashidze 1st Dead End,1-й тупик Генерала Аслана Абашидзе
გენერალ ასლან აბაშიძის ქუჩა,General Aslan Abashidze Street,улица Генерала Аслана Абашидзе
გენერალ კვინიტაძის ქუჩა,General Kvinitadze Street,улица Генерала Квинитадзе
გენერალი გიორგი კვინიტაძის ქუჩა,General Giorgi Kvinitadze Street,улица Генерала Гиорги Квинитадзе
გენერალი გიორგი მაზნიაშვილის ქუჩა,General Giorgi Mazniashvili Street,улица Генерала Георгия Мазниашвили
გენო ადამიას ქუჩა,Geno Adamia Street,улица Гено Адамия
გენო ყაზარაშვილის ქუჩა,Geno Qazarashvili Street,улица Гено Казарашвили
გერგეთის ქუჩა,Gergeti Street,улица Гергети
გერგეთის შესახვევი,Gergeti Lane,переулок Гергети
გერონტი ქიქოძის ქუჩა,Geronti Kikodze Street,улица Геронтия Кикодзе
გერცელ ბააზოვის ქუჩა,Gertsel Baazovi Street,улица Герцел Баазови
გვაზაურის I გასასვლელი,Gvazauri 1st Exit,1-й съезд Гвазаури
გვაზაურის I ჩიხი,Gvazauri 1st Dead End,1-й тупик Гвазаури
გვაზაურის II გასასვლელი,Gvazauri 2nd Exit,2-й съезд Гвазаури
გვაზაურის II შესახვევი,Gvazauri 2nd Lane,2-й переулок Гвазаури
გვაზაურის II ჩიხი,Gvazauri 2nd Dead End,2-й тупик Гвазаури
გვაზაურის ქუჩა,Gvazauri Street,улица Гвазаури
გვაზაურის ხევი,Gvazauri Gorge,овраг Гвазаури
გვანჯი ჩიქოვანის ქუჩა,Gvanji Chikovani Street,улица Гванджи Чиковани
გვირილების ქუჩა,Gvirilebi Street,улица Гвирилеби
გზირიშვილის ქუჩა,Gzirishvili Street,улица Гзиришвили
გზისკარის I შესახვევი,Gziskari 1st Lane,1-й переулок Гзискари
გზისკარის II შესახვევი,Gziskari 2nd Lane,2-й переулок Гзискари
გზისკარის III შესახვევი,Gziskari 3rd Lane,3-й переулок Гзискари
გზისკარის IV შესახვევი,Gziskari 4th Lane,4-й переулок Гзискари
გზისკარის ქუჩა,Gziskari Street,улица Гзискари
გია აბესაძის II ჩიხი,Gia Abesadze 2nd Dead End,2-ой тупик Гия Абесадзе
გია აბესაძის ქუჩა,Gia Abesadze Street,улица Гии Абесадзе
გია ბადრიძის ქუჩა,Gia Badridze Street,улица Гии Бадридзе
გია ბაქარაშვილის ქუჩა,Gia Bakarashvili Street,улица Гии Бакарашвили
გია ბერუაშვილის I გასასვლელი,Gia Beruashvili 1st Exit,1-й съезд Гии Беруашвили
გია ბერუაშვილის ქუჩა,Gia Beruashvili Street,улица Гии Беруашвили
გია გულუას ქუჩა,Gia Gulua Street,улица Гии Гулуа
გია მოსეშვილის ქუჩა,Gia Moseshvili Street,улица Гии Мосешвили
გია რომელაშვილის ქუჩა,Gia Romelashvili Street,улица Гии Ромелашвили
გია ტეტელაშვილის ქუჩა,Gia Tetelashvili Street,улица Гии Тетелашвили
გია ქარსელაძის I შესახვევი,Gia Karseladze 1st Lane,1-й переулок Гии Карселадзе
გია ქარსელაძის ქუჩა,Gia Karseladze Street,улица Гии Карселадзе
გია ღვინჯილიას ქუჩა,Gia Ghvinjilia Street,улица Гии Гвинджилия
გია ყანჩელის ქუჩა,Gia Qancheli Street,улица Гии Канчели
გია ჭანტურიას ქუჩა,Gia Chanturia Street,улица Гии Чантурия
გია ხეოშვილის ქუჩა,Gia Kheoshvili Street,улица Гии Хеошвили
გიგა ბათიაშვილის I შესახვევი,Giga Batiashvili 1st Lane,1-й переулок Гиги Батиашвили
გიგა ბათიაშვილის ქუჩა,Giga Batiashvili Street,улица Гиги Батиашвили
გიგა ლორთქიფანიძის ქუჩა,Giga Lortkipanidze Street,улица Гиги Лорткипанизде
გიგა ჩიხლაძის ქუჩა,Giga Chikhladze Street,улица Гиги Чихладзе
გიგა ჯაფარიძის ქუჩა,Giga Japaridze Street,улица Гига Джапаридзе
გიგი ხოჭოლავას I ჩიხი,Gigi Khocholava 1st Dead End,1-й тупик Гиги Хочолава
გიგი ხოჭოლავას ქუჩა,Gigi Khocholava Street,улица Гиги Хочолава
გიგო გაბაშვილის I შესახვევი,Gigo Gabashvili 1st Lane,1-й переулок Гиго Габашвили
გიგო გაბაშვილის II შესახვევი,Gigo Gabashvili 2nd Lane,2-й переулок Гиго Габашвили
გიგო გაბაშვილის ქუჩა,Gigo Gabashvili Street,улица Гиго Габашвили
გიგო დიდიას ქუჩა,Gigo Didia Street,улица Гиго Дидия
გიგო ზაზიაშვილი II შესახვევი,Gigo Zaziashvili 2nd Lane,2-й переулок Гиго Зазиашвили
გიგო ზაზიაშვილი III შესახვევი,Gigo Zaziashvili 3rd Lane,3-й переулок Гиго Зазиашвили
გიგო ზაზიაშვილის ქუჩა,Gigo Zaziashvili Street,улица Гиго Зазиашвили
გიგო ხეჩუაშვილის ქუჩა,Gigo Khechuashvili Street,улица Гиго Хечуашвили
გივი ამილახვარის I ჩიხი,Givi Amilakhvari 1st Dead End,1-й тупик Гиви Амилахвари
გივი ამილახვარის ქუჩა,Givi Amilakhvari Street,улица Гиви Амилахвари
გივი ბერიკაშვილის ქუჩა,Givi Berikashvili Street,улица Гиви Берикашвили
გივი გაჩეჩილაძის ქუჩა,Givi Gachechiladze Street,улица Гиви Гачечиладзе
გივი კარტოზიას ქუჩა,Givi Kartozia Street,улица Гиви Картозии
გივი კვიჭიძის I გასასვლელი,Givi Kvichidze 1st Exit,1-й съезд Гиви Квичидзе
გივი კვიჭიძის I ჩიხი,Givi Kvichidze 1st Dead End,1-й тупик Гиви Квичидзе
გივი კვიჭიძის II ჩიხი,Givi Kvichidze 2nd Dead End,2-й тупик Гиви Квичидзе
გივი კვიჭიძის ქუჩა,Givi Kvichidze Street,улица Гиви Квичидзе
გივი ოდიშარიას ქუჩა,Givi Odisharia Street,улица Гиви Одишария
გივი სვანიძის ქუჩა,Givi Svanidze Street,улица Гиви Сванидзе
გივი ცინცაძის ქუჩა,Givi Tsintsadze Street,улица Гиви Цинцадзе
გივი ძნელაძის ქუჩა,Givi Dzneladze Street,улица Гиви Дзнеладзе
გიზო ნიშნიანიძის ქუჩა,Gizo Nishnianidze Street,улица Гизо Нишнианидзе
გიო ხეციშვილის ქუჩა,Gio Khetsishvili Street,улица Гио Хецишвили
გიორგი (გივი) თურმანაულის ქუჩა,Giorgi (Givi) Turmanauli Street,улица Георгия (Гиви) Турманаули
გიორგი (გოგია) მეყანწიშვილის ქუჩა,Giorgi (Gogia) Meqantsishvili Street,улица Георгия (Гогии) Меканцишвили
გიორგი (გუგა) ნახუცრიშვილის I შესახვევი,Giorgi (Guga) Nakhutsrishvili 1st Lane,1-й переулок Георгия (Гуги) Нахуцришвили
გიორგი (გუგა) ნახუცრიშვილის II შესახვევი,Giorgi (Guga) Nakhutsrishvili 2nd Lane,2-й переулок Георгия (Гуги) Нахуцришвили
გიორგი (გუგა) ნახუცრიშვილის III შესახვევი,Giorgi (Guga) Nakhutsrishvili 3rd Lane,3-й переулок Георгия (Гуги) Нахуцришвили
გიორგი (გუგა) ნახუცრიშვილის ქუჩა,Giorgi (Guga) Nakhutsrishvili Street,улица Георгия (Гуги) Нахуцришвили
გიორგი (ჯორჯ) პაპაშვილის ქუჩა,Giorgi (George) Papashvili Street,улица Георгия (Джорджа) Папашвили
გიორგი აბაშვილის ქუჩა,Giorgi Abashvili Street,улица Георгия Абашвили
გიორგი აბრამიშვილის ქუჩა,Giorgi Abramishvili Street,улица Георгия Абрамишвили
გიორგი ავალიშვილის I ჩიხი,Giorgi Avalishvili 1st Dead End,1-й тупик Георгия Авалишвили
გიორგი ავალიშვილის ქუჩა,Giorgi Avalishvili Street,улица Георгия Авалишвили
გიორგი ათონელის ქუჩა,Giorgi Atoneli Street,улица Георгия Атонели
გიორგი ანწუხელიძის ქუჩა,Giorgi Antsukhelidze Street,улица Георгия Анцухелидзе
გიორგი ანწუხელიძის ქუხა,Giorgi Ankshelidze Street,улица Георгия Анкшелидзе
გიორგი ახვლედიანის ქუჩა,Giorgi Akhvlediani Street,улица Георгия Ахвледиани
გიორგი ბაბილოძის I გასასვლელი,Giorgi Babilodze 1st Exit,1-й съезд Георгия Бабилодзе
გიორგი ბაბილოძის ქუჩა,Giorgi Babilodze Street,улица Георгия Бабилодзе
გიორგი ბერიაშვილის ქუჩა,Giorgi Beriashvili Street,улица Георгия Бериашвили
გიორგი ბერიკაშვილის II ჩიხი,Giorgi Berikashvili 2nd Dead End,2-й тупик Георгия Берикашвили
გიორგი ბერიკაშვილის ქუჩა,Giorgi Berikashvili Street,улица Георгия Берикашвили
გიორგი ბერუაშვილის ქუჩა,Giorgi Beruashvili Street,улица Георгия Беруашвили
გიორგი ბოთერაშვილის ქუჩა,Giorgi Boterashvili Street,улица Георгия Ботерашвили
გიორგი ბოჭორიძის ქუჩა,Giorgi Bochoridze Street,улица Георгия Бочоридзе
გიორგი ბრწყინვალეს I შესახვევი,Giorgi Brtsqinvale 1st Lane,1-й переулок Георгия Брцкинвале
გიორგი ბრწყინვალეს I ჩიხი,Giorgi Brtsqinvale 1st Dead End,1-й тупик Георгия Брцкинвале
გიორგი ბრწყინვალეს II შესახვევი,Giorgi Brtsqinvale 2nd Lane,2-й переулок Георгия Брцкинвале
გიორგი ბრწყინვალეს ქუჩა,Giorgi Brtsqinvale Street,улица Георгия Брцкинвале
გიორგი ბრწყინვალის I შესახვევი,Giorgi Btsqinvale 1st Lane,1-й переулок Георгия Брцкинавле
გიორგი გაგილაძის I გასასვლელი,Giorgi Gagiladze 1st Exit,1-й съезд Георгия Гагиладзе
გიორგი გაგილაძის I ჩიხი,Giorgi Gagiladze 1st Dead End,1-й тупик Георгия Гагиладзе
გიორგი გაგილაძის ქუჩა,Giorgi Gagiladze Street,улица Георгия Гагиладзе
გიორგი გეგეჩკორის ქუჩა,Giorgi Gegechkori Street,улица Георгия Гегечкори
გიორგი გედევანიშვილის ქუჩა,Giorgi Gedevanishvili Street,улица Георгия Гедеванишвили
გიორგი გედევანიშვილის ჩიხი,Giorgi Gedevanishvili Dead End,тупик Георгия Гедеванишвили
გიორგი გეხტმანის I გასასვლელი,Giorgi Gekhtmani 1st Exit,1-й съезд Георгия Гехтмани
გიორგი გეხტმანის II გასასვლელი,Giorgi Gekhtmani 2nd Exit,2-й съезд Георгия Гехтмани
გიორგი გეხტმანის III გასასვლელი,Giorgi Gekhtmani 3rd Exit,3-й съезд Георгия Гехтмани
გიორგი გეხტმანის IV გასასვლელი,Giorgi Gekhtmani 4th Exit,4-й съезд Георгия Гехтмани
გიორგი გეხტმანის V გასასვლელი,Giorgi Gekhtmani 5th Exit,5-й съезд Георгия Гехтмани
გიორგი გეხტმანის VI გასასვლელი,Giorgi Gekhtmani 6th Exit,6-й съезд Георгия Гехтмани
გიორგი გეხტმანის VII გასასვლელი,Giorgi Gekhtmani 7th Exit,7-й съезд Георгия Гехтмани
გიორგი გეხტმანის VIII გასასვლელი,Giorgi Gekhtmani 8th Exit,8-й съезд Георгия Гехтмани
გიორგი გეხტმანის ქუჩა,Giorgi Gekhtmani Street,улица Георгия Гехтмани
გიორგი გვაზავას I შესახვევი,Giorgi Gvazava 1st Lane,1-й переулок Георгия Гвазава
გიორგი გვაზავას I ჩიხი,Giorgi Gvazava 1st Dead End,1-й тупик Георгия Гвазава
გიორგი გვაზავას II ჩიხი,Giorgi Gvazava 2nd Dead End,2-й тупик Георгия Гвазава
გიორგი გვაზავას ქუჩა,Giorgi Gvazava Street,улица Георгия Гвазава
გიორგი გიგაურის ქუჩა,Giorgi Gigauri Street,улица Георгия Гигаури
გიორგი გურამიშვილის I შესახვევი,Giorgi Guramishvili 1st Lane,1-й переулок Георгия Гурамишвили
გიორგი გურამიშვილის I ჩიხი,Giorgi Guramishvili 1st Dead End,1-й тупик Георгия Гурамишвили
გიორგი გურამიშვილის II შესახვევი,Giorgi Guramishvili 2nd Lane,2-й переулок Георгия Гурамишвили
გიორგი გურამიშვილის ქუჩა,Giorgi Guramishvili Street,улица Георгия Гурамишвили
გიორგი გურგენიძის ქუჩა,Giorgi Gurgenidze Street,улица Гиоргия Гургенидзе
გიორგი გურჯიევის I ჩიხი,Giorgi Gurjievi 1st Dead End,1-й тупик Георгия Гурджиеви
გიორგი გურჯიევის ქუჩა,Giorgi Gurjievi Street,улица Георгия Гурджиеви
გიორგი და ზვიად უგრეხელიძეების I შესახვევი,Giorgi and Zviad Ugrekhelidze 1st Lane,1-й переулок Георгия и Звиада Угрехелидзе
გიორგი და ზვიად უგრეხელიძეების II შესახვევი,Giorgi and Zviad Ugrekhelidze 2nd Lane,2-й переулок Георгия и Звиада Угрехелидзе
გიორგი და ზვიად უგრეხელიძეების ქუჩა,Giorgi and Zviad Ugrekhelidze Street,улица Георгия и Звиада Угрехелидзе
გიორგი დანელიას I გასასვლელი,Giorgi Danelia 1st Exit,1-й съезд Георгия Данелии
გიორგი დანელიას ქუჩა,Giorgi Danelia Street,улица Георгия Данелии
გიორგი დეკანოზიშვილის ქუჩა,Giorgi Dekanozishvili Street,улица Георгия Деканозишвили
გიორგი ერისთავის ქუჩა,Giorgi Eristavi Street,улица Георгия Эристави
გიორგი ვატაევის ქუჩა,Giorgi Vataevi Street,улица Георгия Ватаеви
გიორგი ზედგენიძის ქუჩა,Giorgi Zedgenidze Street,улица Георгия Зедгенидзе
გიორგი თავზიშვილის ქუჩა,Giorgi Tavzishvili Street,улица Георгия Тавзишвили
გიორგი თარხნიშვილის I შესახვევი,Giorgi Tarkhnishvili 1st Lane,1-й переулок Георгия Тархнишвили
გიორგი თარხნიშვილის ქუჩა,Giorgi Tarkhnishvili Street,улица Георгия Тархнишвили
გიორგი ირემაშვილის ქუჩა,Giorgi Iremashvili Street,улица Георгия Иремашвили
გიორგი კაჭახიძის ქუჩა,Giorgi Kachakhidze Street,улица Гиорги Качахидзе
გიორგი კვინიტაძის I შესახვევი,Giorgi Kvinitadze 1st Lane,1-й переулок Гиорги Квинитадзе
გიორგი კვინიტაძის I ჩიხი,Giorgi Kvinitadze 1st Dead End,1-й тупик Гиорги Квинитадзе
გიორგი კვინიტაძის ქუჩა,Giorgi Kvinitadze Street,улица Георгия Квинитадзе
გიორგი კოლხიტაშვილის ქუჩა,Giorgi Kolkhitashvili Street,улица Георгия Колхиташвили
გიორგი ლასხიშვილის ქუჩა,Giorgi Laskhishvili Street,улица Георгия Ласхишвили
გიორგი ლეონიძის I შესახვევი,Giorgi Leonidze 1st Lane,1-й переулок Георгия Леонидзе
გიორგი ლეონიძის ქუჩა,Giorgi Leonidze Street,улица Георгия Леонидзе
გიორგი ლეონიძის ჩიხი,Giorgi Leonidze Dead End,тупик Георгия Леонидзе
გენერალ გიორგი მაზნიაშვილის ქუჩა,Giorgi Mazniashivili Street,улица Георгия Мазниашвили
გიორგი მარუაშვილის ქუჩა,Giorgi Maruashvili Street,улица Георгия Маруашвили
გიორგი მაყაშვილის I შესახვევი,Giorgi Maqashvili 1st Lane,1-й переулок Георгия Макашвили
გიორგი მაყაშვილის ქუჩა,Giorgi Maqashvili Street,улица Георгия Макашвили
გიორგი მაჩაბელის I შესახვევი,Giorgi Machabeli 1st Lane,1-й переулок Георгия Мачабели
გიორგი მაჩაბელის ქუჩა,Giorgi Machabeli Street,улица Георгия Мачабели
გიორგი მდივანის I შესახვევი,Giorgi Mdivani 1st Lane,1-й переулок Георгия Мдивани
გიორგი მდივანის ქუჩა,Giorgi Mdivani Street,улица Георгия Мдивани
გიორგი მელიქიშვილის ქუჩა,Giorgi Melikishvili Street,улица Георгия Меликишвили
გიორგი მერჩულეს ქუჩა,Giorgi Merchule Street,улица Георгия Мерчуле
გიორგი მინდელის ხიდი,Giorgi Mindeli Bridge,мост Георгия Миндели
გიორგი მიროტაძის ქუჩა,Giorgi Mirotadze Street,улица Георгия Миротадзе
გიორგი მუხაძის I შესახვევი,Giorgi Mukhadze 1st Lane,1-й переулок Георгия Мухадзе
გიორგი მუხაძის ქუჩა,Giorgi Mukhadze Street,улица Георгия Мухадзе
გიორგი ნადარეიშვილის ქუჩა,Giorgi Nadareishvili Street,улица Георгия Надареишвили
გრიგოლ ნათაძის ქუჩა,Grigol Natadze Street,улица Григола Натадзе
გიორგი ნანეიშვილის ქუჩა,Giorgi Naneishvili Street,улица Георгия Нанеишвили
გიორგი ნიკოლაძის ქუჩა,Giorgi Nikoladze Street,улица Георгия Николадзе
გიორგი ნიორაძის ქუჩა,Giorgi Nioradze Street,улица Георгия Ниорадзе
გიორგი ნიორაძის შესახვევი,Giorgi Nioradze Lane,переулок Георгия Ниорадзе
გიორგი ნიორაძის ჩიხი,Giorgi Nioradze Dead End,тупик Георгия Ниорадзе
გიორგი ოდიშელიძის I შესახვევი,Giorgi Odishelidze 1st Lane,1-й переулок Георгия Одишелидзе
გიორგი ოდიშელიძის I ჩიხი,Giorgi Odishelidze 1st Dead End,1-й тупик Георгия Одишелидзе
გიორგი ოდიშელიძის II ჩიხი,Giorgi Odishelidze 2nd Dead End,2-й тупик Георгия Одишелидзе
გიორგი ოდიშელიძის IV ჩიხი,Giorgi Odishelidze 4th Dead End,4-й тупик Георгия Одишелидзе
გიორგი ოდიშელიძის ქუჩა,Giorgi Odishelidze Street,улица Георгия Одишелидзе
გიორგი რობაქიძის ქუჩა,Giorgi Robakidze Street,улица Георгия Робакидзе
გიორგი სააკაძის I გასასვლელი,Giorgi Saakadze 1st Exit,1-й съезд Георгия Саакадзе
გიორგი სააკაძის I შესახვევი,Giorgi Saakadze 1st Lane,1-й переулок Георгия Саакадзе
გიორგი სააკაძის I ჩიხი,Giorgi Saakadze 1st Dead End,1-й тупик Георгия Саакадзе
გიორგი სააკაძის II გასასვლელი,Giorgi Saakadze 2nd Exit,2-й съезд Георгия Саакадзе
გიორგი სააკაძის II შესახვევი,Giorgi Saakadze 2nd Lane,2-й переулок Георгия Саакадзе
გიორგი სააკაძის II ჩიხი,Giorgi Saakadze 2nd Dead End,2-й тупик Георгия Саакадзе
გიორგი სააკაძის III შესახვევი,Giorgi Saakadze 3rd Lane,3-й переулок Георгия Саакадзе
გიორგი სააკაძის III ჩიხი,Giorgi Saakadze 3rd Dead End,3-й тупик Георгия Саакадзе
გიორგი სააკაძის IV ჩიხი,Giorgi Saakadze 4th Dead End,4-й тупик Георгия Саакадзе
გიორგი სააკაძის V ჩიხი,Giorgi Saakadze 5th Dead End,5-й тупик Георгия Саакадзе
გიორგი სააკაძის დაღმართი,Giorgi Saakadze Descent,спуск Георгия Саакадзе
გიორგი სააკაძის მოედანი,Giorgi Saakadze Square,площадь Георгия Саакадзе
გიორგი სააკაძის ქუჩა,Giorgi Saakadze Street,улица Георгия Саакадзе
გიორგი სააკაძის შესახვევი,Giorgi Saakadze Lane,переулок Георгия Саакадзе
გიორგი სტურუას ქუჩა,Giorgi Sturua Street,улица Георгия Стуруа
გიორგი სტურუას ჩიხი,Giorgi Sturua Dead End,тупик Георгия Стуруа
გიორგი ტერევერკოს I შესახვევი,Giorgi Tereverko 1st Lane,1-й переулок Георгия Тереверко
გიორგი ტერევერკოს II ჩიხი,Giorgi Tereverko 2nd Dead End,2-й тупик Георгия Тереверко
გიორგი ტერევერკოს III ჩიხი,Giorgi Tereverko 3rd Dead End,3-й тупик Георгия Тереверко
გიორგი ტერევერკოს ქუჩა,Giorgi Tereverko Street,улица Георгия Тереверко
გიორგი ტერევერკოს ჩიხი,Giorgi Tereverko Dead End,тупик Георгия Тереверко
გიორგი ტოვსტონოგოვის ქუჩა,Georgy Tovstonogov Street,улица Георгия Товстоногова
გიორგი ქუჩიშვილის ქუჩა,Giorgi Kuchishvili Street,улица Георгия Кучишвили
გიორგი ქუჩიშვილის შესახვევი,Giorgi Kuchishvili Lane,переулок Георгия Кучишвили
გიორგი ქუჩიშვილის ჩიხი,Giorgi Kuchishvili Dead End,тупик Георгия Кучишвили
გიორგი ღვინიაშვილის ქუჩა,Giorgi Ghviniashvili Street,улица Георгия Гвиниашвили
გიორგი შავგულიძის ქუჩა,Giorgi Shavgulidze Street,улица Георгия Шавгулидзе
გიორგი შარვაშიძის ქუჩა,Giorgi Sharvashidze Street,улица Георгия Шарвашидзе
გიორგი შარვაშიძის შესახვევი,Giorgi Sharvashidze Lane,переулок Георгия Шарвашидзе
გიორგი შარვაშიძის ჩიხი,Giorgi Sharvashidze Dead End,тупик Георгия Шарвашидзе
გიორგი შატბერაშვილის I შესახვევი,Giorgi Shatberashvili 1st Lane,1-й переулок Георгия Шатберашвили
გიორგი შატბერაშვილის II შესახვევი,Giorgi Shatberashvili 2nd Lane,2-й переулок Георгия Шатберашвили
გიორგი შატბერაშვილის II ჩიხი,Giorgi Shatberashvili 2nd Dead End,2-й тупик Георгия Шатберашвили
გიორგი შატბერაშვილის ქუჩა,Giorgi Shatberashvili Street,улица Георгия Шатберашвили
გიორგი შატბერაშვილის ხევი,Giorgi Shatberashvili Ravine,овраг Георгия Шатберашвили
გიორგი შენგელაიას ქუჩა,Giorgi Shengelaia Street,улица Георгия Шенгелаия
გიორგი შერვაშიძის I შესახვევი,Giorgi Shervashidze 1st Lane,1-й переулок Георгия Шервашидзе
გიორგი შერვაშიძის II შესახვევი,Giorgi Shervashidze 2nd Lane,2-й переулок Георгия Шервашидзе
გიორგი შერვაშიძის ქუჩა,Giorgi Shervashidze Street,улица Георгия Шервашидзе
გიორგი ჩიკვაიძის I შესახვევი,Giorgi Chikvaidze 1st Lane,1-й переулок Георгия Чикваидзе
გიორგი ჩიკვაიძის II შესახვევი,Giorgi Chikvaidze 2nd Lane,2-й переулок Георгия Чикваидзе
გიორგი ჩიკვაიძის ქუჩა,Giorgi Chikvaidze Street,улица Георгия Чикваидзе
გიორგი ჩიტაიას მოედანი,Giorgi Chitaia Square,площадь Георгия Читаия
გიორგი ჩიტაიას ქუჩა,Giorgi Chitaia Street,улица Георгия Читаия
გიორგი ჩუბინაშვილის ქუჩა,Giorgi Chubinashvili Street,улица Георгия Чубинашвили
გიორგი ცაბაძის ქუჩა,Giorgi Tsabadze Street,улица Георгия Цабадзе
გიორგი ციციშვილის I ჩიხი,Giorgi Tsitsishvili 1st Dead End,1-й тупик Георгия Цицишвили
გიორგი ციციშვილის ქუჩა,Giorgi Tsitsishvili Street,улица Георгия Цицишвили
გიორგი წერეთელის ქუჩა,Giorgi Tsereteli Street,улица Георгия Церетели
გიორგი წერეთლის გასასვლელი,Giorgi Tsereteli Exit,съезд Георгия Церетели
გიორგი წერეთლის ქუჩა,Giorgi Tsereteli Street,улица Георгия Церетели
გიორგი ჭანტურიას I ჩიხი,Giorgi Chanturia 1st Dead End,1-й тупик Георгия Чантурии
გიორგი ჭანტურიას ქუჩა,Giorgi Chanturia Street,улица Георгия Чантурии
გიორგი ჭყონდიდელის I შესახვევი,Giorgi Chqondideli 1st Lane,1-й переулок Георгия Чкондидели
გიორგი ჭყონდიდელის I ჩიხი,Giorgi Chqondideli 1st Dead End,1-й тупик Георгия Чкондидели
გიორგი ჭყონდიდელის ქუჩა,Giorgi Chqondideli Street,улица Георгия Чкондидели
გიორგი ხახუტაშვილის ქუჩა,Giorgi Khakhutashvili Street,улица Георгия Хахуташвили
გიორგი ჯაბაურის შესახვევი,Giorgi Jabauri Lane,переулок Георгия Джабаури
გიორგი ჯავახიშვილის ქუჩა,Giorgi Javakhishvili Street,улица Георгия Джавахишвили
გიორგი ჯიბლაძის ქუჩა,Giorgi Jibladze Street,улица Георгия Джибладзе
გიული ჭოხონელიძის I ჩიხი,Giuli Chokhonelidze 1st Dead End,1-й тупик Гиули Чохонелидзе
გიული ჭოხონელიძის ქუჩა,Giuli Chokhonelidze Street,улица Гиули Чохонелидзе
გლახო ზახაროვის ქუჩა,Glakho Zakharovi Street,улица Глахо Захарови
გლდანის ქუჩა,Gldani Street,улица Глдани
გლდანისხევის ქუჩა,Gldaniskhevi Street,улица Глданисхеви
გლდანულას I შესახვევი,Gldanula 1st Lane,1-й переулок Глданула
გლდანულას II შესახვევი,Gldanula 2nd Lane,2-й переулок Глданула
გლდანულას III შესახვევი,Gldanula 3rd Lane,3-й переулок Глданула
გლდანულას IV შესახვევი,Gldanula 4th Lane,4-й переулок Глданула
გლდანულას ქუჩა,Gldanula Street,улица Глданула
გლდანულას ჩიხი,Gldanula Dead End,тупик Глданула
გმირ ქართველ არტილერისტთა ხიდი,Gmir Kartvel Artileristta Bridge,мост Гмир Картвел Артилеристта
გმირების ქუჩა,Gmirebi Street,улица Гмиреби
გმირთა მოედანი,Heroes' Square,площадь Героев
გმირთას მოედანი,Gmirta Square,площадь Гмирта
გმირი კურსანტების I შესახვევი,Gmiri Kursantebi 1st Lane,1-й переулок Гмири Курсантеби
გმირი კურსანტების II შესახვევი,Gmiri Kursantebi 2nd Lane,2-й переулок Гмири Курсантеби
გმირი კურსანტების III შესახვევი,Gmiri Kursantebi 3rd Lane,3-й переулок Гмири Курсантеби
გმირი კურსანტების ქუჩა,Gmiri Kursantebi Street,улица Гмири Курсантеби
გოგაშენის I შესახვევი,Gogasheni 1st Lane,1-й переулок Гогашени
გოგაშენის ქუჩა,Gogasheni Street,улица Гогашени
გოგი დოლიძის I გასასვლელი,Gogi Dolidze 1st Exit,1-й съезд Гоги Долидзе
გოგი დოლიძის II გასასვლელი,Gogi Dolidze 2nd Exit,2-й съезд Гоги Долидзе
გოგი დოლიძის ქუჩა,Gogi Dolidze Street,улица Гоги Долидзе
გოგი ცაბაძის I შესახვევი,Gogi Tsabadze 1st Lane,1-й переулок Гоги Цабадзе
გოგი ცაბაძის ქუჩა,Gogi Tsabadze Street,улица Гоги Цабадзе
გოგიას ციხის ქუჩა,Gogia Tsikhe Street,улица Гогиа Цихе
გოგნის I ჩიხი,Gogni 1st Dead End,1-й тупик Гогни
გოგნის ქუჩა,Gogni Street,улица Гогни
გოგოთურ აგლაძის I შესახვევი,Gogotur Agladze 1st Lane,1-й переулок Гоготура Агладзе
გოგოთურ აგლაძის ქუჩა,Gogotur Agladze Street,улица Гоготура Агладзе
გოგჩას ქუჩა,Gogcha Street,улица Гогча
გოდერძი ჩოხელის I შესახვევი,Goderdzi Chokheli 1st Lane,1-й переулок Годердзи Чохели
გოდერძი ჩოხელის I ჩიხი,Goderdzi Chokheli 1st Dead End,1-й тупик Годердзи Чохели
გოდერძი ჩოხელის II შესახვევი,Goderdzi Chokheli 2nd Lane,2-й переулок Годердзи Чохели
გოდერძი ჩოხელის II ჩიხი,Goderdzi Chokheli 2nd Dead End,2-й тупик Годердзи Чохели
გოდერძი ჩოხელის III შესახვევი,Goderdzi Chokheli 3rd Lane,3-й переулок Годердзи Чохели
გოდერძი ჩოხელის III ჩიხი,Goderdzi Chokheli 3rd Dead End,3-й тупик Годердзи Чохели
გოდერძი ჩოხელის ქუჩა,Goderdzi Chokheli Street,улица Годердзи Чохели
გომარეთის ქუჩა,Gomareti Street,улица Гомарети
გომბორის ქუჩა,Gombori Street,улица Гомбори
გომის I შესახვევი,Gomi 1st Lane,1-й переулок Гоми
გომის I ჩიხი,Gomi 1st Dead End,1-й тупик Гоми
გომის II შესახვევი,Gomi 2nd Lane,2-й переулок Гоми
გომის ქუჩა,Gomi Street,улица Гоми
გონიოს ქუჩა,Gonio Street,улица Гонио
გორგულის ქუჩა,Gorguli Street,улица Горгули
გორდის ქუჩა,Gordi Street,улица Горди
გორიჯვარის ქუჩა,Gorijvari Street,улица Гориджвари
გორიჯვარის I შესახვევი,Gorijvari 1st Lane,1-й переулок Гориджвари
გორის ქუჩა,Gori Street,улица Гори
გორის შესახვევი,Gori Lane,переулок Гори
გოჩა აბაშიძის ქუჩა,Gocha Abashidze Street,улица Гочи Абашидзе
გოჩა მაჩაიძის ქუჩა,Gocha Machaidze Street,улица Гочи Мачаидзе
გოჩა ონაშვილის ქუჩა,Gocha Onashvili Street,улица Гочи Онашвили
გოჩა ჩოგოვაძის ქუჩა,Gocha Chogovadze Street,улица Гочи Чоговадзе
გოჩა ცქიტიშვილის ქუჩა,Gocha Tskitishvili Street,улица Гочи Цкитишвили
გოჩა ჯიქიას ქუჩა,Gocha Jikia Street,улица Гочи Джикия
გრატოს ხიდი,Grato Bridge,мост Грато
გრაფ შულენბურგის ქუჩა,Graf Shulenburgi Street,улица Граф Шуленбурги
გრემის ქუჩა,Gremi Street,улица Греми
გრემის შესახვევი,Gremi Lane,переулок Греми
გრიგოლ (გრიშა) ბიჩინაშვილის ქუჩა,Grigol (Grisha) Bichinashvili Street,улица Григола (Гриши) Бичинашвили
გრიგოლ აბაშიძის ქუჩა,Grigol Abashidze Street,улица Григола Абашидзе
გრიგოლ აბაშიძის შესახვევი,Grigol Abashidze Lane,переулок Григола Абашидзе
გრიგოლ ანთელავას ქუჩა,Grigol Antelava Street,улица Григола Антелава
გრიგოლ აფშინაშვილის ქუჩა,Grigol Apshinashvili Street,улица Григола Апшинашвили
გრიგოლ გიორგაძის ქუჩა,Grigol Giorgadze Street,улица Григола Гиоргадзе
გრიგოლ გულბანის I შესახვევი,Grigol Gulbani 1st Lane,1-й переулок Григола Гулбани
გრიგოლ გულბანის I ჩიხი,Grigol Gulbani 1st Dead End,1-й тупик Григола Гулбани
გრიგოლ გულბანის ქუჩა,Grigol Gulbani Street,улица Григола Гулбани
გრიგოლ გურიელის ქუჩა,Grigol Gurieli Street,улица Григола Гуриэли
გრიგოლ ელიავას ქუჩა,Grigol Eliava Street,улица Григола Элиава
გრიგოლ ვოლსკის ქუჩა,Grigol Volski Street,улица Григола Волски
გრიგოლ კობახიძის ქუჩა,Grigol Kobakhidze Street,улица Григола Кобахидзе
გრიგოლ კოკაიას ხეივანი,Grigol Kokaia Alley,аллея Григола Кокаия
გრიგოლ ლორთქიფანიძის გასასვლელი,Grigol Lortkipanidze Exit,съезд Григола Лорткипанидзе
გრიგოლ ლორთქიფანიძის ქუჩა,Grigol Lortkipanidze Street,улица Григола Лорткипанидзе
გრიგოლ მათიაშვილის ქუჩა,Grigol Matiashvili Street,улица Григола Матиашвили
გრიგოლ მუხაძის ქუჩა,Grigol Mukhadze Street,улица Григола Мухадзе
გრიგოლ ნათაძის ქუჩა,Grigol Natadze Street,улица Григола Натадзе
გრიგოლ ორბელიანის I ჩიხი,Grigol Orbeliani 1st Dead End,1-й тупик Григола Орбелиани
გრიგოლ ორბელიანის II ჩიხი,Grigol Orbeliani 2nd Dead End,2-й тупик Григола Орбелиани
გრიგოლ ორბელიანის III ჩიხი,Grigol Orbeliani 3rd Dead End,3-й тупик Григола Орбелиани
გრიგოლ ორბელიანის V ჩიხი,Grigol Orbeliani 5th Dead End,5-й тупик Григола Орбелиани
გრიგოლ ორბელიანის ქუჩა,Grigol Orbeliani Street,улица Григола Орбелиани
გრიგოლ ოშკელის I შესახვევი,Grigol Oshkeli 1st Lane,1-й переулок Григола Ошкели
გრიგოლ ოშკელის ქუჩა,Grigol Oshkeli Street,улица Григола Ошкели
გრიგოლ რობაქიძის I შესახვევი,Grigol Robakidze 1st Lane,1-й переулок Григола Робакидзе
გრიგოლ რობაქიძის I ჩიხი,Grigol Robakidze 1st Dead End,1-й тупик Григола Робакидзе
გრიგოლ რობაქიძის II შესახვევი,Grigol Robakidze 2nd Lane,2-й переулок Григола Робакидзе
გრიგოლ რობაქიძის III შესახვევი,Grigol Robakidze 3rd Lane,3-й переулок Григола Робакидзе
გრიგოლ რობაქიძის გამზირი,Grigol Robakidze Avenue,проспект Григола Робакидзе
გრიგოლ რობაქიძის ქუჩა,Grigol Robakidze Street,улица Григола Робакидзе
გრიგოლ სხულუხიას ქუჩა,Grigol Skhulukhia Street,улица Григория Схулухия
გრიგოლ ფერაძის I შესახვევი,Grigol Peradze 1st Lane,1-й переулок Григория Перадзе
გრიგოლ ფერაძის I ჩიხი,Grigol Peradze 1st Dead End,1-й тупик Григория Перадзе
გრიგოლ ფერაძის II შესახვევი,Grigol Peradze 2nd Lane,2-й переулок Григория Перадзе
გრიგოლ ფერაძის ქუჩა,Grigol Peradze Street,улица Григория Перадзе
გრიგოლ ჩხიკვაძის ქუჩა,Grigol Chkhikvadze Street,улица Григол Чхиквадзе
გრიგოლ ცხადაიას ქუჩა,Grigol Tskhadaia Street,улица Григола Цхадаи
გრიგოლ ხანძთელის I ჩიხი,Grigol Khandzteli 1st Dead End,1-й тупик Григола Хандзтели
გრიგოლ ხანძთელის II ჩიხი,Grigor Khandzteli 2nd Dead End,2-ой тупик Григола Хандзтели
გრიგოლ ხანძთელის III ჩიხი,Grigol Khandzteli 3rd Dead End,3-й тупик Григола Хандзтели
გრიგოლ ხანძთელის IV ჩიხი,Grigol Khandzteli 4th Dead End,4-й тупик Григола Хандзтели
გრიგოლ ხანძთელის VI ჩიხი,Grigol Khandzteli 6th Dead End,6-й тупик Григола Хандзтели
გრიგოლ ხანძთელის VII ჩიხი,Grigol Khandzteli 7th Dead End,7-й тупик Григола Хандзтели
გრიგოლ ხანძთელის ქუჩა,Grigol Khandzteli Street,улица Григола Хандзтели
გრიგოლ ხანძთელის შესახვევი,Grigol Khandzteli Lane,переулок Григола Хандзтели
გროზნოს ქუჩა,Grozno Street,улица Грозно
გროზნოს შესახვევი,Grozno Lane,переулок Грозно
გრძელიძის ქუჩა,Grdzelidze Street,улица Грдзелидзе
გუბაზ მეფეს ქუჩა,Gubaz Mepe Street,улица Губаз Мепе
გუდამაყარის ქუჩა,Gudamaqari Street,улица Гудамакари
გუდამაყარის შესახვევი,Gudamaqari Lane,переулок Гудамакари
გუდარეხის II ჩიხი,Gudarekhi 2nd Dead End,2-й тупик Гударехи
გუდარეხის ქუჩა,Gudarekhi Street,улица Гударехи
გუდაუთას ქუჩა,Gudauta Street,улица Гудауты
გუდაურის ქუჩა,Gudauri Street,улица Гудаури
გუდელისის ქუჩა,Gudelisi Street,улица Гуделиси
გუთანის ქუჩა,Gutni Street,улица Гутни
გუთნის I შესახვევი,Gutni 1st Lane,1-й переулок Гутни
გუთნის I ჩიხი,Gutni 1st Dead End,1-й тупик Гутни
გუთნის II ჩიხი,Gutni 2nd Dead End,2-й тупик Гутни
გულო აღა კაიკაციშვილის ქუჩა,Gulo Agha Kaikatsishvili Street,улица Гуло Ага Каикацишвили
გულრიფშის ქუჩა,Gulripshi Street,улица Гульрипши
გულრიფშის შესახვევი,Gulripshi Lane,переулок Гульрипши
გუმათის ქუჩა,Gumati Street,улица Гумати
გუმათჰესის I შესახვევი,Gumathesi 1st Lane,1-й переулок Гуматхеси
გუმათჰესის ქუჩა,Gumathesi Street,улица Гуматхеси
გუმბათების წყაროს I შესახვევი,Gumbatebi Tsqaro 1st Lane,1-й переулок Гумбатеби Цкаро
გუმბათების წყაროს ქუჩა,Gumbatebi Tsqaro Street,улица Гумбатеби Цкаро
გუმბრის I ჩიხი,Gumbri 1st Dead End,1-й тупик Гумбри
გუმბრის II ჩიხი,Gumbri 2nd Dead End,2-й тупик Гумбри
გუმბრის ქუჩა,Gumbri Street,улица Гумбри
გუმისთას ქუჩა,Gumista Street,улица Гумиста
გურამ აბრამიშვილის ქუჩა,Guram Abramishvili Street,улица Гурама Абрамишвили
გურამ ასათიანის I შესახვევი,Guram Asatiani 1st Lane,1-й переулок Гурама Асатиани
გურამ ასათიანის II შესახვევი,Guram Asatiani 2nd Lane,2-й переулок Гурама Асатиани
გურამ ასათიანის ქუჩა,Guram Asatiani Street,улица Гурама Асатиани
გურამ ბზვანელის ქუჩა,Guram Bzvaneli Street,улица Гурама Бзванели
გურამ გაბესკირიას I ჩიხი,Guram Gabeskiria 1st Dead End,1-й тупик Гурама Габескирия
გურამ გაბესკირიას ქუჩა,Guram Gabeskiria Street,улица Гурама Габескирия
გურამ გაბისკირიას ქუჩა,Guram Gabiskiria Street,улица Гурама Габискирия
გურამ დოჩანაშვილის ხიდი,Guram Dochanashvili Bridge,мост Гурама Дочанашвили
გურამ თიკანაძის ქუჩა,Guram Tikanadze Street,улица Гурама Тиканадзе
გურამ თოფჩიშვილის I ჩიხი,Guram Topchishvili 1st Dead End,1-й тупик Гурама Топчишвили
გურამ თოფჩიშვილის II ჩიხი,Guram Topchishvili 2nd Dead End,2-й тупик Гурама Топчишвили
გურამ თოფჩიშვილის III ჩიხი,Guram Topchishvili 3rd Dead End,3-й тупик Гурама Топчишвили
გურამ თოფჩიშვილის V ჩიხი,Guram Topchishvili 5th Dead End,5-й тупик Гурама Топчишвили
გურამ თოფჩიშვილის VI ჩიხი,Guram Topchishvili 6th Dead End,6-й тупик Гурама Топчишвили
გურამ თოფჩიშვილის ქუჩა,Guram Topchishvili Street,улица Гурама Топчишвили
გურამ ნიჟარაძის I შესახვევი,Guram Nizharadze 1st Lane,1-й переулок Гурама Нижарадзе
გურამ ნიჟარაძის ქუჩა,Guram Nizharadze Street,улица Гурама Нижарадзе
გურამ პატარაიას ქუჩა,Guram Pataraia Street,улица Гурама Патараия
გურამ რჩეულიშვილის I შესახვევი,Guram Rcheulishvili 1st Lane,1-й переулок Гурама Рчеулишвили
გურამ რჩეულიშვილის II ჩიხი,Guram Rcheulishvili 2nd Dead End,2-й тупик Гурама Рчеулишвили
გურამ რჩეულიშვილის III შესახვევი,Guram Rcheulishvili 3rd Lane,3-й переулок Гурама Рчеулишвили
გურამ რჩეულიშვილის III ჩიხი,Guram Rcheulishvili 3rd Dead End,3-й тупик Гурама Рчеулишвили
გურამ რჩეულიშვილის IV ჩიხი,Guram Rcheulishvili 4th Dead End,4-й тупик Гурама Рчеулишвили
გურამ რჩეულიშვილის V ჩიხი,Guram Rcheulishvili 5th Dead End,5-й тупик Гурама Рчеулишвили
გურამ რჩეულიშვილის ქუჩა,Guram Rcheulishvili Street,улица Гурама Рчеулишвили
გურამ საღარაძის ქუჩა,Guram Sagharadze Street,улица Гурама Сагарадзе
გურამ ტატიშვილის ქუჩა,Guram Tatishvili Street,улица Гурама Татишвили
გურამ ფანჯიკიძის I შესახვევი,Guram Panjikidze 1st Lane,1-й переулок Гурама Панджикидзе
გურამ ფანჯიკიძის II შესახვევი,Guram Panjikidze 2nd Lane,2-й переулок Гурама Панджикидзе
გურამ ფანჯიკიძის ქუჩა,Guram Panjikidze Street,улица Гурама Панджикидзе
გურამ ქუთათელაძის I შესახვევი,Guram Kutateladze 1st Lane,1-й переулок Гурама Кутателадзе
გურამ ქუთათელაძის II შესახვევი,Guram Kutateladze 2nd Lane,2-й переулок Гурама Кутателадзе
გურამ ქუთათელაძის ქუჩა,Guram Kutateladze Street,улица Гурама Кутателадзе
გურიას ქუჩა,Guria Street,улица Гурия
გურიის I შესახვევი,Guria 1st Lane,1-й переулок Гурии
გურიის I ჩიხი,Guria 1st Dead End,1-й тупик Гурии
გურიის II შესახვევი,Guria 2nd Lane,2-й переулок Гурии
გურიის II ჩიხი,Guria 2nd Dead End,2-й тупик Гурии
გურიის III ჩიხი,Guria 3rd Dead End,3-й тупик Гурии
გურიის IV ჩიხი,Guria 4th Dead End,4-й тупик Гурии
გურიის V ჩიხი,Guria 5th Dead End,5-й тупик Гурии
გურიის VI ჩიხი,Guria 6th Dead End,6-й тупик Гурии
გურიის VII ჩიხი,Guria 7th Dead End,7-й тупик Гурии
გურიის VIII ჩიხი,Guria 8th Dead End,8-й тупик Гурии
გურიის ქუჩა,Guria Street,улица Гурии
გურჯაანის ქუჩა,Gurjaani Street,улица Гурджаани
გურჯაანის შესახვევი,Gurjaani Lane,переулок Гурджаани
გურჯაანის ჩიხი,Gurjaani Dead End,тупик Гурджаани
დაბაკნეთის I ჩიხი,Dabakneti 1st Dead End,1-й тупик Дабакнети
დაბაკნეთის ქუჩა,Dabakneti Street,улица Дабакнети
დაბახინის ქუჩა,Dabakhini Street,улица Дабахини
დადიანეთის ქუჩა,Dadianeti Street,улица Дадианети
დადო აბაშიძის II ჩიხი,Dado Abashidze 2nd Dead End,2-й тупик Дадо Абашидзе
დადო აბაშიძის IV ჩიხი,Dado Abashidze 4th Dead End,4-й тупик Дадо Абашидзе
დადო აბაშიძის ქუჩა,Dado Abashidze Street,улица Дадо Абашидзе
დავარის ქუჩა,Davari Street,улица Давари
დავით ანდღულაძის ქუჩა,David Andghuladze Street,улица Давида Андгуладзе
დავით ართმელაძის ქუჩა,David Artmeladze Street,улица Давида Артмеладзе
დავით ართმელიძის ქუჩა,David Artmelidze Street,улица Давида Артмелидзе
დავით აღმაშენებელის ქუჩა,David Aghmashenebeli Street,улица Давида Агмашенебели
დავით აღმაშენებლის I გასასვლელი,David Aghmashenebeli 1st Exit,1-й съезд Давида Агмашенебели
დავით აღმაშენებლის I შესახვევი,David Aghmashenebeli 1st Lane,1-й переулок Давида Агмашенебели
დავით აღმაშენებლის I ჩიხი,David Aghmashenebeli 1st Dead End,1-й тупик Давида Агмашенебели
დავით აღმაშენებლის II გასასვლელი,David Aghmashenebeli 2nd Exit,2-й съезд Давида Агмашенебели
დავით აღმაშენებლის II შესახვევი,David Aghmashenebeli 2nd Lane,2-й переулок Давида Агмашенебели
დავით აღმაშენებლის II ჩიხი,David Aghmashenebeli 2nd Dead End,2-й тупик Давида Агмашенебели
დავით აღმაშენებლის III გასასვლელი,David Aghmashenebeli 3rd Exit,3-й съезд Давида Агмашенебели
დავით აღმაშენებლის III შესახვევი,David Aghmashenebeli 3rd Lane,3-й переулок Давида Агмашенебели
დავით აღმაშენებლის III ჩიხი,David Aghmashenebeli 3rd Dead End,3-й тупик Давида Агмашенебели
დავით აღმაშენებლის IV გასასვლელი,David Aghmashenebeli 4th Exit,4-й съезд Давида Агмашенебели
დავით აღმაშენებლის IV შესახვევი,David Aghmashenebeli 4th Lane,4-й переулок Давида Агмашенебели
დავით აღმაშენებლის IV ჩიხი,David Aghmashenebeli 4th Dead End,4-й тупик Давида Агмашенебели
დავით აღმაშენებლის V გასასვლელი,David Aghmashenebeli 5th Exit,5-й съезд Давида Агмашенебели
დავით აღმაშენებლის V ჩიხი,David Aghmashenebeli 5th Dead End,5-й тупик Давида Агмашенебели
დავით აღმაშენებლის VI გასასვლელი,David Aghmashenebeli 6th Exit,6-й съезд Давида Агмашенебели
დავით აღმაშენებლის VI ჩიხი,David Aghmashenebeli 6th Dead End,6-й тупик Давида Агмашенебели
დავით აღმაშენებლის VII ჩიხი,David Aghmashenebeli 7th Dead End,7-й тупик Давида Агмашенебели
დავით აღმაშენებლის VIII ჩიხი,David Aghmashenebeli 8th Dead End,8-й тупик Давида Агмашенебели
დავით აღმაშენებლის გამზირი,David Aghmashenebeli Avenue,проспект Давида Агмашенебели
დავით აღმაშენებლის ქუჩა,David Aghmashenebeli Street,улица Давида Агмашенебели
დავით აღმაშენებლის ჩიხი,David Aghmashenebeli Dead End,тупик Давида Агмашенебели
დავით აღმაშენებლის ხეივანი,David Aghmashenebeli Alley,аллея Давида Агмашенебели
დავით ბააზოვის ქუჩა,David Baazov Street,улица Давида Баазова
დავით ბატონიშვილის I შესახვევი,David Batonishvili 1st Lane,1-й переулок Давида Батонишвили
დავით ბატონიშვილის II შესახვევი,David Batonishvili 2nd Lane,2-й переулок Давида Батонишвили
დავით ბატონიშვილის ქუჩა,David Batonishvili Street,улица Давида Батонишвили
დავით ბაქრაძის ქუჩა,David Bakradze Street,улица Давида Бакрадзе
დავით ბერიაშვილის I ჩიხი,David Beriashvili 1st Dead End,1-й тупик Давида Бериашвили
დავით ბერიაშვილის ქუჩა,David Beriashvili Street,улица Давида Бериашвили
დავით გამრეკელის ქუჩა,David Gamrekeli Street,улица Давида Гамрекели
დავით გარეჯელის ქუჩა,David Garejeli Street,улица Давида Гареджели
დავით გარეჯის ქუჩა,David Gareji Street,улица Давида Гареджи
დავით გარეჯის ჩიხი,David Gareji Dead End,тупик Давида Гареджи
დავით გივიშვილის ქუჩა,David Givishvili Street,улица Давида Гивишвили
დავით გურამიშვილის I შესახვევი,Davit Guramishvili 1st Lane,1-й переулок Давида Гурамишвили
დავით გურამიშვილის II შესახვევი,Davit Guramishvili 2nd Lane,2-й переулок Давида Гурамишвили
დავით გურამიშვილის II ჩიხი,Davit Guramishvili 2nd Dead End,2-й тупик Давида Гурамишвили
დავით გურამიშვილის III ჩიხი,Davit Guramishvili 3rd Dead End,3-й тупик Давида Гурамишвили
დავით გურამიშვილის IV ჩიხი,Davit Guramishvili 4th Dead End,4-й тупик Давида Гурамишвили
დავით გურამიშვილის გამზირი,Davit Guramishvili Avenue,проспект Давида Гурамишвили
დავით გურამიშვილის ქუჩა,Davit Guramishvili Street,улица Давида Гурамишвили
დავით გურამიშვილის შესახვევი,Davit Guramishvili Lane,переулок Давида Гурамишвили
დავით გურამიშვილის ჩიხი,Davit Guramishvili Dead End,тупик Давида Гурамишвили
დავით თავხელიძის ქუჩა,David Tavkhelidze Street,улица Давида Тавхелидзе
დავით იოსელიანის I შესახვევი,David Ioseliani 1st Lane,1-й переулок Давида Иоселиани
დავით იოსელიანის II შესახვევი,David Ioseliani 2nd Lane,2-й переулок Давида Иоселиани
დავით იოსელიანის ქუჩა,David Ioseliani Street,улица Давида Иоселиани
დავით კაკაბაძის I შესახვევი,David Kakabadze 1st Lane,1-й переулок Давида Какабадзе
დავით კაკაბაძის II შესახვევი,David Kakabadze 2nd Lane,2-й переулок Давида Какабадзе
დავით კაკაბაძის ქუჩა,David Kakabadze Street,улица Давида Какабадзе
დავით კვაჭანტირაძის ქუჩა,David Kvachantiradze Street,улица Давида Квачантирадзе
დავით კლდიაშვილის ქუჩა,David Kldiashvili Street,улица Давида Клдиашвили
დავით კლდიაშვილის ჩიხი,David Kldiashvili Dead End,тупик Давида Клдиашвили
დავით კობახიძის I შესახვევი,David Kobakhidze 1st Lane,1-й переулок Давида Кобахидзе
დავით კობახიძის II შესახვევი,David Kobakhidze 2nd Lane,2-й переулок Давида Кобахидзе
დავით კობახიძის ქუჩა,David Kobakhidze Street,улица Давида Кобахидзе
დავით მაისურაძის ქუჩა,David Maisuradze Street,улица Давида Маисурадзе
დავით მამულაძის I შესახვევი,David Mamuladze 1st Lane,1-й переулок Давида Мамуладзе
დავით მამულაძის ქუჩა,David Mamuladze Street,улица Давида Мамуладзе
დავით მგელაძის ქუჩა,David Mgeladze Street,улица Давида Мгеладзе
დავით ნიშნიანიძის ქუჩა,David Nishnianidze Street,улица Давида Нишнианидзе
დავით რონდელის გასასვლელი,David Rondeli Exit,съезд Давида Рондели
დავით რონდელის ქუჩა,David Rondeli Street,улица Давида Рондели
დავით სარაჯიშვილის I შესახვევი,David Sarajishvili 1st Lane,1-й переулок Давида Сараджишвили
დავით სარაჯიშვილის I ჩიხი,David Sarajishvili 1st Dead End,1-й тупик Давида Сараджишвили
დავით სარაჯიშვილის II შესახვევი,David Sarajishvili 2nd Lane,2-й переулок Давида Сараджишвили
დავით სარაჯიშვილის II ჩიხი,David Sarajishvili 2nd Dead End,2-й тупик Давида Сараджишвили
დავით სარაჯიშვილის III შესახვევი,David Sarajishvili 3rd Lane,3-й переулок Давида Сараджишвили
დავით სარაჯიშვილის III ჩიხი,David Sarajishvili 3rd Dead End,3-й тупик Давида Сараджишвили
დავით სარაჯიშვილის IV ჩიხი,David Sarajishvili 4th Dead End,4-й тупик Давида Сараджишвили
დავით სარაჯიშვილის IX ჩიხი,David Sarajishvili 9th Dead End,9-й тупик Давида Сараджишвили
დავით სარაჯიშვილის VI ჩიხი,David Sarajishvili 6th Dead End,6-й тупик Давида Сараджишвили
დავით სარაჯიშვილის VII ჩიხი,David Sarajishvili 7th Dead End,7-й тупик Давида Сараджишвили
დავით სარაჯიშვილის X ჩიხი,David Sarajishvili 10th Dead End,10-й тупик Давида Сараджишвили
დავით სარაჯიშვილის ქუჩა,David Sarajishvili Street,улица Давида Сараджишвили
დავით სულიაშვილის ქუჩა,David Suliashvili Street,улица Давида Сулиашвили
დავით ყიფიანის ქუჩა,David Qipiani Street,улица Давида Кипиани
დავით ჩუბინიშვილის ქუჩა,David Chubinashvili Street,улица Давида Чубинашвили
დავით ციმაკურიძის I შესახვევი,David Tsimakuridze 1st Lane,I-й переулок Давида Цимакуридзе
დავით ციმაკურიძის ქუჩა,David Tsimakuridze Street,улица Давида Цимакуридзе
დავით წერედიანის ქუჩა,David Tserediani Street,улица Давида Цередиани
დავით ხახუტაიშვილის ქუჩა,David Khakhutaishvili Street,улица Давида Хахутаишвили
დავით ხელთუფლიშვილის ქუჩა,David Kheltuplishvili Street,улица Давида Хелтуплишвили
დავით ჯაბიძის ქუჩა,David Jabidze Street,улица Давида Джабидзе
დავით ჯავრიშვილის I შესახვევი,David Javrishvili 1st Lane,1-й переулок Давида Джавришвили
დავით ჯავრიშვილის II შესახვევი,David Javrishvili 2nd Lane,2-й переулок Давида Джавришвили
დავით ჯავრიშვილის ქუჩა,David Javrishvili Street,улица Давида Джавришвили
დავით ჯანაშიას III შესახვევი,David Janashia 3rd Lane,3-й переулок Давида Джанашия
დავით ჯიქიას II შესახვევი,David Jikia 2nd Lane,2-й переулок Давида Джикия
დავით ჯიქიას III შესახვევი,David Jikia 3rd Lane,3-й переулок Давида Джикия
დავით ჯიქიას IV შესახვევი,David Jikia 4th Lane,4-й переулок Давида Джикия
დავით ჯიქიას ქუჩა,David Jikia Street,улица Давида Джикия
დავით ჯიქიას ჩიხი,David Jikia Dead End,тупик Давида Джикия
დავით ჯოხაძის ქუჩა,David Jokhadze Street,улица Давида Джохадзе
დათა გულუას აღმართი,Data Gulua Ascent,подъём Дата Гулуа
დათო ყიფიანის I შესახვევი,Dato Qipiani 1st Lane,1-й переулок Дато Кипиани
დათო ყიფიანის ქუჩა,Dato Qipiani Street,улица Дато Кипиани
დაისის I შესახვევი,Daisi 1st Lane,1-й переулок Даиси
დაისის II შესახვევი,Daisi 2nd Lane,2-й переулок Даиси
დაისის ქუჩა,Daisi Street,улица Даиси
დანიელ ჭონქაძის I შესახვევი,Daniel Chonkadze 1st Lane,1-й переулок Даниеля Чонкадзе
დანიელ ჭონქაძის I ჩიხი,Daniel Chonkadze 1st Dead End,1-й тупик Даниеля Чонкадзе
დანიელ ჭონქაძის II ჩიხი,Daniel Chonkadze 2nd Dead End,2-й тупик Даниеля Чонкадзе
დანიელ ჭონქაძის ქუჩა,Daniel Chonkadze Street,улица Даниела Чонкадзе
დარიალის ქუჩა,Dariali Street,улица Дариали
დარიალის შესახვევი,Dariali Lane,переулок Дариали
დარკვეთის ქუჩა,Darkveti Street,улица Дарквети
დაჩი უჯარმელის ქუჩა,Dachi Ujarmeli Street,улица Дачи Уджармели
დგებუაძის ქუჩა,Dgebuadze Street,улица Дгебуадзе
დგებუაძის შესახვევი,Dgebuadze Lane,переулок Дгебуадзе
დები იშხნელების ქუჩა,Debi Ishkhnelebi Street,улица Деби Ишхнелеби
დედოფალი ელენე და მეფე კონსტანტინეს I ჩიხი,Dedopali Elene and Mepe Konstantine 1st Dead End,1-й тупик Дедопали Элене и Мепе Константине
დედოფალი ელენე და მეფე კონსტანტინეს ქუჩა,Dedopali Elene and Mepe Konstantine Street,улица Дедопали Элене и Мепе Константине
დედოფლისწყაროს II შესახვევი,Dedoplistsqaro 2nd Lane,2-й переулок Дедоплисцкаро
დედოფლისწყაროს ქუჩა,Dedoplistsqaro Street,улица Дедоплисцкаро
დევი აბაშიძის ქუჩა,Devi Abashidze Street,улица Деви Абашидзе
დეკაბრისტების გასასვლელი,Decembrists Exit,съезд Декабристов
დელისის ქუჩა,Delisi Street,улица Делиси
დემეტრე თავდადებულის I შესახვევი,Demetre Tavdadebuli 1st Lane,1-й переулок Деметре Тавдадебули
დემეტრე თავდადებულის I ჩიხი,Demetre Tavdadebuli 1st Dead End,1-й тупик Деметре Тавдадебули
დემეტრე თავდადებულის II შესახვევი,Demetre Tavdadebuli 2nd Lane,2-й переулок Деметре Тавдадебули
დემეტრე თავდადებულის II ჩიხი,Demetre Tavdadebuli 2nd Dead End,2-й тупик Деметре Тавдадебули
დემეტრე თავდადებულის ქუჩა,Demetre Tavdadebuli Street,улица Деметре Тавдадебули
დემეტრე თავდადებულის შესახვევი,Demetre Tavdadebuli Lane,переулок Деметре Тавдадебули
დემეტრე თავდადებულის ჩიხი,Demetre Tavdadebuli Dead End,тупик Деметре Тавдадебули
დემეტრე პირველის ქუჩა,Demetre Pirveli Street,улица Деметре Пирвели
დემნა შენგელაიას I შესახვევი,Demna Shengelaia 1st Lane,1-й переулок Демна Шенгелаия
დემნა შენგელაიას I ჩიხი,Demna Shengelaia 1st Dead End,1-й тупик Демны Шенгелаия
დემნა შენგელაიას II შესახვევი,Demna Shengelaia 2nd Lane,2-й переулок Демна Шенгелаия
დემნა შენგელაიას ქუჩა,Demna Shengelaia Street,улица Демны Шенгелаия
დემნა შენგელიას I შესახვევი,Demna Shengelia 1st Lane,1-й переулок Демна Шенгелия
დემნა შენგელიას III შესახვევი,Demna Shengelia 3rd Lane,3-й переулок Демна Шенгелия
დეპოს ქუჩა,Depo Street,улица Депо
დესპინე გელოვანის (ბონოვანი) ქუჩა,Despine Gelovani (Bonovani) Street,улица Деспине Геловани (Боновани)
დვირის ქუჩა,Dviri Street,улица Двири
დიდაჭარას I ჩიხი,Didachara 1st Dead end,1-й тупик Дидачара
დიდაჭარას ქუხა,Didachara Street,улица Дидачара
დიდგორის I გასასვლელი,Didgori 1st Exit,1-й съезд Дидгори
დიდგორის I შესახვევი,Didgori 1st Lane,1-й переулок Дидгори
დიდგორის I ჩიხი,Didgori 1st Dead End,1-й тупик Дидгори
დიდგორის II შესახვევი,Didgori 2nd Lane,2-й переулок Дидгори
დიდგორის II ჩიხი,Didgori 2nd Dead End,2-й тупик Дидгори
დიდგორის III შესახვევი,Didgori 3rd Lane,3-й переулок Дидгори
დიდგორის III ჩიხი,Didgori 3rd Dead End,3-й тупик Дидгори
დიდგორის IV შესახვევი,Didgori 4th Lane,4-й переулок Дидгори
დიდგორის IV ჩიხი,Didgori 4th Dead End,4-й тупик Дидгори
დიდგორის IX ჩიხი,Didgori 9th Dead End,9-й тупик Дидгори
დიდგორის V შესახვევი,Didgori 5th Lane,5-й переулок Дидгори
დიდგორის V ჩიხი,Didgori 5th Dead End,5-й тупик Дидгори
დიდგორის VI ჩიხი,Didgori 6th Dead End,6-й тупик Дидгори
დიდგორის VII ჩიხი,Didgori 7th Dead End,7-й тупик Дидгори
დიდგორის VIII ჩიხი,Didgori 8th Dead End,8-й тупик Дидгори
დიდგორის ქუჩა,Didgori Street,улица Дидгори
დიდების I შესახვევი,Dideba 1st Lane,1-й переулок Дидеба
დიდების I ჩიხი,Dideba 1st Dead End,1-й тупик Дидеба
დიდების II შესახვევი,Dideba 2nd Lane,2-й переулок Дидеба
დიდების II ჩიხი,Dideba 2nd Dead End,2-й тупик Дидеба
დიდების ქუჩა,Dideba Street,улица Дидеба
დიდი ხეივნის I შესახვევი,Didi Kheivni 1st Lane,1-й переулок Диди Хеивни
დიდი ხეივნის ქუჩა,Didi Kheivni Street,улица Диди Хеивни
დიდი ჯიხაიშის II შესახვევი,Didi Jikhaishi 2nd Lane,2-й переулок Диди Джихаиши
დიდი ჯიხაიშის ქუჩა,Didi Jikhaishi Street,улица Диди Джихаиши
დიდიმ მირცხულავას ქუჩა,Didim Mirtskhulava Street,улица Дидима Мирцхулавы
დიდუბის დასახლებას ქუჩა,Didubi Dasakhleba Street,улица Дидуби Дасахлеба
დიდხევის დაღმართი,Didkhevi Downhill,склон Дидхеви
დიმიტრი (დიმა) ბათიაშვილის ქუჩა,Dimitri (Dima) Batiashvili Street,улица Димитри (Димы) Батиашвили
დიმიტრი ალექსიძის ქუჩა,Dimitri Aleksidze Street,улица Дмитрия Алексидзе
დიმიტრი ამილახვარის I შესახვევი,Dimitri Amilakhvari 1st Lane,1-й переулок Димитри Амилахвари
დიმიტრი ამილახვარის III ჩიხი,Dimitri Amilakhvari 3rd Dead End,3-й тупик Димитри Амилахвари
დიმიტრი ამილახვარის IV ჩიხი,Dimitri Amilakhvari 4th Dead End,4-й тупик Димитри Амилахвари
დიმიტრი ამილახვარის V ჩიხი,Dimitri Amilakhvari 5th Dead End,5-й тупик Димитри Амилахвари
დიმიტრი ამილახვარის ქუჩა,Dimitri Amilakhvari Street,улица Дмитрия Амилахвари
დიმიტრი არაყიშვილის I გასასვლელი,Dimitri Araqishvili 1st Exit,1-й съезд Димитри Аракишвили
დიმიტრი არაყიშვილის II გასასვლელი,Dimitri Araqishvili 2nd Exit,2-й съезд Димитри Аракишвили
დიმიტრი არაყიშვილის II ჩიხი,Dimitri Araqishvili 2nd Dead End,2-й тупик Димитрия Аракишвили
დიმიტრი არაყიშვილის III გასასვლელი,Dimitri Araqishvili 3rd Exit,3-й съезд Димитри Аракишвили
დიმიტრი არაყიშვილის ქუჩა,Dimitri Araqishvili Street,улица Димитрия Аракишвили
დიმიტრი ბაქრაძის ქუჩა,Dimitri Bakradze Street,улица Дмитрия Бакрадзе
დიმიტრი ბაქრაძის ჩიხი,Dimitri Bakradze Dead End,тупик Дмитрия Бакрадзе
დიმიტრი გარსევანიშვილის ქუჩა,Dimitri Garsevanishvili Street,улица Дмитрия Гарсеванишвили
დიმიტრი გიგაშვილის ქუჩა,Dimitri Gigashvili Street,улица Дмитрия Гигашвили
დიმიტრი გულიას I ჩიხი,Dimitri Gulia 1st Dead End,1-й тупик Димитрия Гулиа
დიმიტრი გულიას მოედანი,Dimitri Gulia Square,площадь Димитрия Гулиа
დიმიტრი გულიას ქუჩა,Dimitri Gulia Street,улица Димитрия Гулиа
დიმიტრი გულიას ხიდი,Dimitri Gulia Bridge,мост Димитри Гулиа
დიმიტრი გულიას მოედანი,Dimitri Gulia Square,площадь Димитрия Гулиа
დიმიტრი ერმაკოვის I ჩიხი,Dimitri Ermakovi 1st Dead End,1-й тупик Димитри Эрмакови
დიმიტრი ერმაკოვის ქუჩა,Dimitri Ermakovi Street,улица Димитри Эрмакови
დიმიტრი ჟღენტის გასასვლელი,Dimitri Zhghenti Exit,съезд Дмитрия Жгенти
დიმიტრი ჟღენტის ქუჩა,Dimitri Zhghenti Street,улица Дмитрия Жгенти
დიმიტრი ჟღენტის შესახვევი,Dimitri Zhghenti Lane,переулок Димитри Жгенти
დიმიტრი სვიშევსკის I შესახვევი,Dimitri Svishevsky 1st Lane,1-й переулок Димитрия Свишевского
დიმიტრი სვიშევსკის I ჩიხი,Dimitri Svishevsky 1st Dead End,1-й тупик Димитрия Свишевского
დიმიტრი სვიშევსკის ქუჩა,Dimitri Svishevsky Street,улица Димитрия Свишевского
დიმიტრი უზნაძის I შესახვევი,Dimitri Uznadze 1st Lane,1-й переулок Димитри Узнадзе
დიმიტრი უზნაძის II შესახვევი,Dimitri Uznadze 2nd Lane,2-й переулок Димитри Узнадзе
დიმიტრი უზნაძის ქუჩა,Dimitri Uznadze Street,улица Дмитрия Узнадзе
დიმიტრი ქააძის ქუჩა,Dimitri Kaadze Street,улица Димитри Каадзе
დიმიტრი ყიფიანის ქუჩა,Dimitri Kipiani Street,улица Дмитрия Кипиани
დიმიტრი ყიფიანის ჩიხი,Dimitri Kipiani Dead End,тупик Дмитрия Кипиани
დიმიტრი ჩრდილელის ქუჩა,Dimitri Chrdileli Street,улица Димитри Чрдилели
დიოსკურიის I შესახვევი,Dioskurii 1st Lane,1-й переулок Диоскурии
დიოსკურიის ქუჩა,Dioskurii Street,улица Диоскурии
დირსიჭალას ქუჩა,Dirsichala Street,улица Дирсичала
დისევის I ჩიხი,Disevi 1st Dead End,1-й тупик Дисеви
დისევის ქუჩა,Disevi Street,улица Дисеви
დიღმის ველის ქუჩა,Dighmi Veli Street,улица Дигми Вели
დიღმის ქედის ქუჩა,Dighmi Kedi Street,улица Дигми Кеди
დიღმის წყლის ქუჩა,Dighmi Tsqali Street,улица Дигми Цкали
დიღმურას ქუჩა,Dighmura Street,улица Дигмура
დიღომბარის ქუჩა,Dighombari Street,улица Дигомбари
დიღომბარის შესახვევი,Dighombari Lane,переулок Дигомбари
დმანისის ქუჩა,Dmanisi Street,улица Дманиси
დმანისის შესახვევი,Dmanisi Lane,переулок Дманиси
დოდო აბაშიძის I შესახვევი,Dodo Abashidze 1st Lane,1-й переулок Додо Абашидзе
დოდო აბაშიძის II შესახვევი,Dodo Abashidze 2nd Lane,2-й переулок Додо Абашидзе
დოდო აბაშიძის ქუჩა,Dodo Abashidze Street,улица Додо Абашидзе
დოდო და კოტე ხიმშიაშვილების ქუჩა,Dodo and Kote Khimshiashvili Street,улица Додо и Коте Химшиашвили
დოდო ჭიჭინაძის ქუჩა,Dodo Chichinadze Street,улица Додо Чичинадзе
დოლაბაურის I ხევი,Dolabauri 1st Gorge,1-й овраг Долабаури
დოლაბაურის II ჩიხი,Dolabauri 2nd Dead End,2-й тупик Долабаури
დოლაბაურის II ხევი,Dolabauri 2nd Gorge,2-й овраг Долабаури
დოლაბაურის III ხევი,Dolabauri 3rd Gorge,3-й овраг Долабаури
დოლაბაურის ხევი,Dolabauri Gorge,овраг Долабаури
დომინიკა ერისთავის (განდეგილის) I შესახვევი,Dominika Eristavi (Gandegili) 1st Lane,1-й переулок Доминика Эристави (Гандегили)
დომინიკა ერისთავის (განდეგილის) ქუჩა,Dominika Eristavi (Gandegili) Street,улица Доминика Эристави (Гандегили)
დონეცკელი მეტალურგების I გასასვლელი,Donetskeli Metalurgebi 1st Exit,1-й съезд Донецкели Металургеби
დონეცკელი მეტალურგების II გასასვლელი,Donetskeli Metalurgebi 2nd Exit,2-й съезд Донецкели Металургеби
დონეცკელი მეტალურგების III გასასვლელი,Donetskeli Metalurgebi 3rd Exit,3-й съезд Донецкели Металургеби
დონეცკელი მეტალურგების ქუჩა,Donetskeli Metalurgebi Street,улица Донецкели Металургеби
დოსითეოს ქუთათელის I ჩიხი,Dositeo Kutateli 1st Dead End,1-й тупик Доситео Кутатели
დოსითეოს ქუთათელის ქუჩა,Dositeo Kutateli Street,улица Доситео Кутатели
დოქის შესახვევი,Doki Lane,переулок Доки
დრანდის ქუჩა,Drandi Street,улица Дранди
დუდუ დადიანის ქუჩა,Dudu Dadiani Street,улица Дуду Дадиани
დურმიშხან ბერუაშვილის ქუჩა,Durmishkhan Beruashvili Street,улица Дурмишхана Беруашвили
დურსუნ ბალაძის ქუჩა,Dursun Baladze Street,улица Дурсуна Баладзе
დუტუ მეგრელის ქუჩა,Dutu Megreli Street,улица Дуту Мегрели
დუტუ მეგრელის შესახვევი,Dutu Megreli Lane,переулок Дуту Мегрели
დუშეთის ქუჩა,Dusheti Street,Душетская улица
დუშელების ქუჩა,Dushelebi Street,улица Душелеби
ეგნატე და ვახტანგ ფიფიების ქუჩა,Egnate and Vakhtang Pipia Street,улица Эгнате и Вахтанга Пипия
ეგნატე ნინოშვილის I შესახვევი,Egnate Ninoshvili 1st Lane,1-й переулок Эгнате Ниношвили
ეგნატე ნინოშვილის II შესახვევი,Egnate Ninoshvili 2nd Lane,2-й переулок Эгнате Ниношвили
ეგნატე ნინოშვილის ქუჩა,Egnate Ninoshvili Street,улица Эгнате Ниношвили
ეგნატე ნინოშვილის ჩიხი,Egnate Ninoshvili Dead End,тупик Эгнате Ниношвили
ეგნატე ფიფიას I შესახვევი,Egnate Pipia 1st Lane,1-й переулок Эгнате Пипия
ეგნატე ფიფიას I ჩიხი,Egnate Pipia 1st Dead End,1-й тупик Эгнате Пипия
ეგნატე ფიფიას II შესახვევი,Egnate Pipia 2nd Lane,2-й переулок Эгнате Пипия
ეგნატე ფიფიას II ჩიხი,Egnate Pipia 2nd Dead End,2-й тупик Эгнате Пипия
ეგნატე ფიფიას III შესახვევი,Egnate Pipia 3rd Lane,3-й переулок Эгнате Пипия
ეგნატე ფიფიას ქუჩა,Egnate Pipia Street,улица Эгнате Пипия
ეგრისის I შესახვევი,Egrisi 1st Lane,1-й переулок Эгриси
ეგრისის II შესახვევი,Egrisi 2nd Lane,2-й переулок Эгриси
ეგრისის ქუჩა,Egrisi Street,улица Эгриси
ედისის ქუჩა,Edisi Street,улица Эдиси
ედიშერ გარაყანიძის I შესახვევი,Edisher Garaqanidze 1st Lane,1-й переулок Эдишера Гараканидзе
ედიშერ გარაყანიძის II ჩიხი,Edisher Garaqanidze 2nd Dead End,2-й тупик Эдишера Гараканидзе
ედიშერ გარაყანიძის ქუჩა,Edisher Garaqanidze Street,улица Эдишера Гараканидзе
ედიშერ მაღალაშვილის ქუჩა,Edisher Maghalashvili Street,улица Эдишера Магалашвили
ედიშერ ჩარგაზიას ქუჩა,Edisher Chargazia Street,улица Эдишера Чаргазия
ევგენი აფხაზავას I შესახვევი,Evgeni Apkhazava 1st Lane,1-й переулок Евгения Апхазава
ევგენი აფხაზავას II შესახვევი,Evgeni Apkhazava 2nd Lane,2-й переулок Евгения Апхазава
ევგენი აფხაზავას III შესახვევი,Evgeni Apkhazava 3rd Lane,3-й переулок Евгения Апхазава
ევგენი აფხაზავას IV შესახვევი,Evgeni Apkhazava 4th Lane,4-й переулок Евгения Апхазава
ევგენი აფხაზავას V შესახვევი,Evgeni Apkhazava 5th Lane,5-й переулок Евгения Апхазава
ევგენი აფხაზავას VI შესახვევი,Evgeni Apkhazava 6th Lane,6-й переулок Евгения Апхазава
ევგენი აფხაზავას ქუჩა,Evgeni Apkhazava Street,улица Евгения Апхазава
ევგენი გეგეჭკორის I შესახვევი,Evgeni Gegechkor 1st Lane,1-й переулок Евгения Гегечкори
ევგენი გეგეჭკორის II შესახვევი,Evgeni Gegechkor 2nd Lane,2-й переулок Евгения Гегечкори
ევგენი გეგეჭკორის ქუჩა,Evgeni Gegechkor Street,улица Евгения Гегечкори
ევგენი მიქელაძის I ჩიხი,Evgeni Mikeladze 1st Dead End,1-й тупик Евгения Микеладзе
ევგენი მიქელაძის II ჩიხი,Evgeni Mikeladze 2nd Dead End,2-й тупик Евгения Микеладзе
ევგენი მიქელაძის ქუჩა,Evgeni Mikeladze Street,улица Евгения Микеладзе
ევგენი ღვალაძის ქუჩა,Evgeni Ghvaladze Street,улица Эвгени Гваладзе
ევგენი ხარაძის ქუჩა,Evgeni Kharadze Street,улица Эвгени Харадзе
ევგენია მაისურაძის ქუჩა,Evgenia Maisuradze Street,улица Евгении Маисурадзе
ევროპას ქუჩა,Evropa Street,улица Эвропа
ევროპის I ჩიხი,Europe 1st Dead End,1-й тупик Европы
ევროპის მოედანი,Europe Square,площадь Европы
ევროპის ქუჩა,Europe Street,улица Европы
ევსტათი მცხეთელის I შესახვევი,Evstati Mtskheteli 1st Lane,1-й переулок Эвстати Мцхетели
ევსტათი მცხეთელის ქუჩა,Evstati Mtskheteli Street,улица Эвстати Мцхетели
ევტიხი ჟვანიას ქუჩა,Evtikhi Zhvania Street,улица Эвтихи Жвания
ეთერ ბოცვაძის ქუჩა,Eter Botsvadze Street,улица Этера Боцвадзе
ეთერ კაკულიას I შესახვევი,Eter Kakulia 1st Lane,1-й переулок Этера Какулия
ეთერ კაკულიას ქუჩა,Eter Kakulia Street,улица Этера Какулия
ეკა ბეჟანიშვილის I გასასვლელი,Eka Bezhanishvili 1st Exit,1-й съезд Эки Бежанишвили
ეკა ბეჟანიშვილის I შესახვევი,Eka Bezhanishvili 1st Lane,1-й переулок Эки Бежанишвили
ეკა ბეჟანიშვილის II გასასვლელი,Eka Bezhanishvili 2nd Exit,2-й съезд Эки Бежанишвили
ეკა ბეჟანიშვილის ქუჩა,Eka Bezhanishvili Street,улица Эки Бежанишвили
ეკატერინე ბაღდავაძის I შესახვევი,Ekaterine Baghdavadze 1st Lane,1-й переулок Екатерине Багдавадзе
ეკატერინე ბაღდავაძის I ჩიხი,Ekaterine Baghdavadze 1st Dead End,1-й тупик Екатерине Багдавадзе
ეკატერინე ბაღდავაძის II ჩიხი,Ekaterine Baghdavadze 2nd Dead End,2-й тупик Екатерине Багдавадзе
ეკატერინე ბაღდავაძის III ჩიხი,Ekaterine Baghdavadze 3rd Dead End,3-й тупик Екатерине Багдавадзе
ეკატერინე ბაღდავაძის IV ჩიხი,Ekaterine Baghdavadze 4th Dead End,4-й тупик Екатерине Багдавадзе
ეკატერინე ბაღდავაძის V ჩიხი,Ekaterine Baghdavadze 5th Dead End,5-й тупик Екатерине Багдавадзе
ეკატერინე ბაღდავაძის ქუჩა,Ekaterine Baghdavadze Street,улица Екатерины Багдавадзе
ეკატერინე გაბაშვილის ქუჩა,Ekaterine Gabashvili Street,улица Екатерины Габашвили
ეკატერინე გაბაშვილის I ჩიხი,Ekaterine Gabashvili 1st Dead End,1-й тупик Екатерины Габашвили
ეკატერინე გაბაშვილის III ჩიხი,Ekaterine Gabashvili 2nd Dead End,2-й тупик Екатерины Габашвили
ეკატერინე გაბაშვილის III ჩიხი,Ekaterine Gabashvili 3rd Dead End,3-й тупик Екатерины Габашвили
ეკატერინე მელიქიშვილის ქუჩა,Ekaterine Melikishvili Street,улица Экатерине Меликишвили
ეკატერინე ფორაქიშვილი-სარაჯიშვილის I შესახვევი,Ekaterine Porakishvili-Sarajishvili 1st Lane,1-й переулок Екатерине Поракишвили-Сараджишвили
ეკატერინე ფორაქიშვილი-სარაჯიშვილის ქუჩა,Ekaterine Porakishvili-Sarajishvili Street,улица Екатерине Поракишвили-Сараджишвили
ეკატერინე ჩოლოყაშვილის I ჩიხი,Ekaterine Choloqashvili 1st Dead End,1-й тупик Экатерине Чолокашвили
ეკატერინე ჩოლოყაშვილის ქუჩა,Ekaterine Choloqashvili Street,улица Экатерине Чолокашвили
ეკატერინე ჭავჭავაძის I შესახვევი,Ekaterine Chavchavadze 1st Lane,1-й переулок Екатерине Чавчавадзе
ეკატერინე ჭავჭავაძის I ჩიხი,Ekaterine Chavchavadze 1st Dead End,1-й тупик Екатерины Чавчавадзе
ეკატერინე ჭავჭავაძის ქუჩა,Ekaterine Chavchavadze Street,улица Екатерины Чавчавадзе
ეკატერინე ჯუღაშვილის ქუჩა,Ekaterine Jughashvili Street,улица Екатерины Джугашвили
ეკლესიის ქუჩა,Eklesi Street,улица Эклэси
ელადას ქუჩა,Elada Street,улица Элада
ელგუჯა ამაშუკელის ქუჩა,Elguja Amashukeli Street,улица Элгуджи Амашукели
ელგუჯა ამაშუკელის შესახვევი,Elguja Amashukeli Lane,переулок Элгуджи Амашукели
ელდარის ქუჩა,Eldari Street,улица Элдари
ელენე ახვლედიანის აღმართი,Elene Achvlediani Rise,подъём Елены Ахвледиани
ელენე ახვლედიანის ქუჩა,Elene Akhvlediani Street,улица Елены Ахвледиани
ელენე ახვლედიანის შესახვევი,Elene Akhvlediani Lane,переулок Элене Ахвледиани
ელენე გოკიელის I შესახვევი,Elene Gokieli 1st Lane,1-й переулок Элене Гокиели
ელენე გოკიელის ქუჩა,Elene Gokieli Street,улица Элене Гокиели
ელენე ვირსალაძის I ჩიხი,Elene Virsaladze 1st Dead End,1-й тупик Елены Вирсаладзе
ელენე ვირსალაძის ქუჩა,Elene Virsaladze Street,улица Елены Вирсаладзе
ელენე ვირსელაძის ქუჩა,Elene Virseladze Street,улица Элене Вирселадзе
ელენე მეტრეველის I შესახვევი,Elene Metreveli 1st Lane,1-й переулок Элене Метревели
ელენე მეტრეველის II შესახვევი,Elene Metreveli 2nd Lane,2-й переулок Элене Метревели
ელენე მეტრეველის III შესახვევი,Elene Metreveli 3rd Lane,3-й переулок Элене Метревели
ელენე მეტრეველის ქუჩა,Elene Metreveli Street,улица Элене Метревели
ელეონორა ტერ-ფარსეგოვა-მახვილაძის I შესახვევი,Eleonora Ter-Parsegova-Makhviladze 1st Lane,1-й переулок Элеоноры Тер-Парсегова-Махвиладзе
ელეონორა ტერ-ფარსეგოვა-მახვილაძის ქუჩა,Eleonora Ter-Parsegova-Makhviladze Street,улица Элеоноры Тер-Парсегова-Махвиладзе
ელეფთერ ანდრონიკაშვილის I შესახვევი,Elephter Andronikashvili 1st Lane,1-й переулок Элевтера Андроникашвили
ელეფთერ ანდრონიკაშვილის I ჩიხი,Elephter Andronikashvili 1st Dead End,1-й тупик Элевтера Андроникашвили
ელეფთერ ანდრონიკაშვილის II შესახვევი,Elephter Andronikashvili 2nd Lane,2-й переулок Элевтера Андроникашвили
ელეფთერ ანდრონიკაშვილის II ჩიხი,Elephter Andronikashvili 2nd Dead End,2-й тупик Элевтера Андроникашвили
ელეფთერ ანდრონიკაშვილის III შესახვევი,Elephter Andronikashvili 3rd Lane,3-й переулок Элевтера Андроникашвили
ელეფთერ ანდრონიკაშვილის III ჩიხი,Elephter Andronikashvili 3rd Dead End,3-й тупик Элевтера Андроникашвили
ელეფთერ ანდრონიკაშვილის V ჩიხი,Elephter Andronikashvili 5th Dead End,5-й тупик Элевтера Андроникашвили
ელეფთერ ანდრონიკაშვილის VI ჩიხი,Elephter Andronikashvili 6th Dead End,6-й тупик Элевтера Андроникашвили
ელეფთერ ანდრონიკაშვილის VII ჩიხი,Elephter Andronikashvili 7th Dead End,7-й тупик Элевтера Андроникашвили
ელეფთერ ანდრონიკაშვილის VIII ჩიხი,Elephter Andronikashvili 8th Dead End,8-й тупик Элевтера Андроникашвили
ელეფთერ ანდრონიკაშვილის ქუჩა,Elephter Andronikashvili Street,улица Элевтера Андроникашвили
ელეფთერ ანდრონიკაშვილის ჩიხი,Elephter Andronikashvili Dead End,тупик Элевтера Андроникашвили
ელვერ კუპატაძის ქუჩა,Elver Kupatadze Street,улица Элвера Купатадзе
ელიას მთის ქუჩა,Elia Mta Street,улица Элия Мта
ელიზბარ და ვლადიმერ უბილავების ქუჩა,Elizbar and Vladimer Ubilava Street,улица Элизбара и Владимера Убилава
ელიზბარ ზედგინიძის ქუჩა,Elizbar Zedgenidze Street,улица Элизбара Зедгенидзе
ელიზბარ მინდელის ქუჩა,Elizbar Mindeli Street,улица Элизбара Миндели
ელიოზიშვილის ქუჩა,Eliozishvili Street,улица Элиозишвили
ელისაბედ ორბელიანის ქუჩა,Elizabeth Orbeliani Street,улица Элисабет Орбелиани
ელისაბედ ჩერქეზიშვილის ქუჩა,Elisabed Cherkezishvili Street,улица Елизаветы Черкезишвили
ელისო ჭიპაშვილის I შესახვევი,Eliso Chipashvili 1st Lane,1-й переулок Элисо Чипашвили
ელისო ჭიპაშვილის ქუჩა,Eliso Chipashvili Street,улица Элисо Чипашвили
ელო ანდრონიკაშვილის I შესახვევი,Elo Andronikashvili 1st Lane,1-й переулок Эло Андроникашвили
ელო ანდრონიკაშვილის II შესახვევი,Elo Andronikashvili 2nd Lane,2-й переулок Эло Андроникашвили
ელო ანდრონიკაშვილის ქუჩა,Elo Andronikashvili Street,улица Эло Андроникашвили
ემა ლალაევა-ედიბერიძის ქუჩა,Ema Lalaeva-Ediberidze Street,улица Эмы Лалаева-Эдиберидзе
ემანუელ აფხაიძის I შესახვევი,Emanuel Apkhaidze 1st Lane,1-й переулок Эмануела Апхаидзе
ემანუელ აფხაიძის ქუჩა,Emanuel Apkhaidze Street,улица Эмануела Апхаидзе
ემზარ გელანტიას I გასასვლელი,Emzar Gelantia 1st Exit,1-й съезд Эмзара Гелантия
ემზარ გელანტიას ქუჩა,Emzar Gelantia Street,улица Эмзара Гелантии
ემზარ ონიანის ქუჩა,Emzar Oniani Street,улица Эмзара Ониани
ემზარ სულაქველიძის ქუჩა,Emzar Sulakvelidze Street,улица Эмзара Сулакверидзе
ემილ ვერჰარნის I ჩიხი,Emile Verhaeren 1st Dead End,1-й тупик Эмиля Верхарна
ემილ ვერჰარნის ქუჩა,Emile Verhaeren Street,улица Эмиля Верхарна
ემილ ვერჰარნის შესახვევი,Emile Verhaeren Lane,переулок Эмиля Верхарна
ემირ ბურჯანაძის I გასასვლელი,Emir Burjanadze 1st Exit,1-й съезд Эмира Бурджанадзе
ემირ ბურჯანაძის I შესახვევი,Emir Burjanadze 1st Lane,1-й переулок Эмира Бурджанадзе
ემირ ბურჯანაძის I ჩიხი,Emir Burjanadze 1st Dead End,1-й тупик Эмира Бурджанадзе
ემირ ბურჯანაძის II შესახვევი,Emir Burjanadze 2nd Lane,2-й переулок Эмира Бурджанадзе
ემირ ბურჯანაძის II ჩიხი,Emir Burjanadze 2nd Dead End,2-й тупик Эмира Бурджанадзе
ემირ ბურჯანაძის III შესახვევი,Emir Burjanadze 3rd Lane,3-й переулок Эмира Бурджанадзе
ემირ ბურჯანაძის III ჩიხი,Emir Burjanadze 3rd Dead End,3-й тупик Эмира Бурджанадзе
ემირ ბურჯანაძის IV შესახვევი,Emir Burjanadze 4th Lane,4-й переулок Эмира Бурджанадзе
ემირ ბურჯანაძის V შესახვევი,Emir Burjanadze 5th Lane,5-й переулок Эмира Бурджанадзе
ემირ ბურჯანაძის ქუჩა,Emir Burjanadze Street,улица Эмира Бурджанадзе
ენგურის I შესახვევი,Enguri 1st Lane,1-й переулок Энгури
ენგურის ქუჩა,Enguri Street,улица Энгури
ენგურჰესის ქუჩა,Engurhesi Street,улица Энгурхеси
ენვერ ხაბაძის ქუჩა,Enver Khabadze Street,улица Энвера Хабадзе
ენისელის ქუჩა,Eniseli Street,улица Енисели
ერედვის ქუჩა,Eredvi Street,улица Эредви
ერევნის I შესახვევი,Erevani 1st Lane,1-й переулок Еревани
ერევნის ქუჩა,Erivan Street,улица Еревана
ერეკლე I ჩიხი,Erekle Pirveli Dead End,тупик Эрекле Пирвели
ერეკლე II შესახვევი,Erekle Meori 2nd Lane,2-ой переулок Эрекле Меори
ერეკლე დანელიას ქუჩა,Erekle Danelia Street,улица Эрекле Данелии
ერეკლე მეორეს I შესახვევი,Erekle Meore 1st Lane,1-й переулок Эрекле Меоре
ერეკლე მეორეს I ჩიხი,Erekle Meore 1st Dead End,1-й тупик Эрекле Меоре
ერეკლე მეორეს II შესახვევი,Erekle Meore 2nd Lane,2-й переулок Эрекле Меоре
ერეკლე მეორეს II ჩიხი,Erekle Meore 2nd Dead End,2-й тупик Эрекле Меоре
ერეკლე მეორეს III შესახვევი,Erekle Meore 3rd Lane,3-й переулок Эрекле Меоре
ერეკლე მეორეს III ჩიხი,Erekle Meore 3rd Dead End,3-й тупик Эрекле Меоре
ერეკლე მეორეს IV ჩიხი,Erekle Meore 4th Dead End,4-й тупик Эрекле Меоре
ერეკლე მეორეს V შესახვევი,Erekle Meore 5th Lane,5-й переулок Эрекле Меоре
ერეკლე მეორეს ქუჩა,Erekle Meore Street,улица Эрекле Меоре
ერეკლე მეორეს ჩიხი,Erekle Meore Dead End,тупик Эрекле Меоре
ერეკლე მეორის მოედანი,Erekle Meori Square,площадь Эрекле Меори
ერეკლე მეორის ქუჩა,Erekle II Street,улица Эрекле Меори
ერეკლე ტატიშვილის ქუჩა,Erekle Tatishvili Street,улица Ираклия Татишвили
ერეკლეს I შესახვევი,Erekle 1st Lane,1-й переулок Эрекле
ერეკლეს ქუჩა,Erekle Street,улица Эрекле
ერთობის I შესახვევი,Ertobi 1st Lane,1-й переулок Эртоби
ერთობის II შესახვევი,Ertobi 2nd Lane,2-й переулок Эртоби
ერთობის ქუჩა,Ertoba Street,улица Эртоба
ერისთავის ქუჩა,Eristavi Street,улица Эристави
ერმალოზ კობერიძის ქუჩა,Ermaloz Koberidze Street,улица Эрмалоза Коберидзе
ერმალოზ კობერიძის ჩიხი,Ermaloz Koberidze Dead End,тупик Эрмалоза Коберидзе
ერმილე ბედიას ქუჩა,Ermile Bedia Street,улица Эрмиле Бедия
ერონი ინაურის ქუჩა,Eroni Inauri Street,улица Эрони Инаури
ეროსი მანჯგალაძის I შესახვევი,Erosi Manjgaladze 1st Lane,1-й переулок Эроси Манджгаладзе
ეროსი მანჯგალაძის II შესახვევი,Erosi Manjgaladze 2nd Lane,2-й переулок Эроси Манджгаладзе
ეროსი მანჯგალაძის ქუჩა,Erosi Manjgaladze Street,улица Эроси Манджгаладзе
ერწოს ქუჩა,Ertso Street,улица Эрцо
ესებუას ქუჩა,Esebua Street,улица Эсебуа
ესმა ონიანის I ჩიხი,Esma Oniani 1st Dead End,1-й тупик Эсмы Ониани
ესმა ონიანის ქუჩა,Esma Oniani Street,улица Эсмы Ониани
ესტონეთის გამზირი,Estoneti Avenue,проспект Эстонети
ეფრემ ეშბას ქუჩა,Efrem Eshba Street,улица Ефрема Эшба
ეფრემ ზაქარაიას I შესახვევი,Efrem Zakaraia 1st Lane,1-й переулок Ефрема Закараия
ეფრემ ზაქარაიას II შესახვევი,Efrem Zakaraia 2nd Lane,2-й переулок Ефрема Закараия
ეფრემ ზაქარაიას III შესახვევი,Efrem Zakaraia 3rd Lane,3-й переулок Ефрема Закараия
ეფრემ ზაქარაიას ქუჩა,Efrem Zakaraia Street,улица Ефрема Закараия
ეფრემ მცირეს ქუჩა,Efrem Mtsire Street,улица Ефрема Мцире
ექვთიმე თაყაიშვილის I შესახვევი,Ekvtime Taqaishvili 1st Lane,1-й переулок Эквтиме Такаишвили
ექვთიმე თაყაიშვილის I ჩიხი,Ekvtime Taqaishvili 1st Dead End,1-й тупик Эквтиме Такаишвили
ექვთიმე თაყაიშვილის II ჩიხი,Ekvtime Taqaishvili 2nd Dead End,2-й тупик Эквтиме Такаишвили
ექვთიმე თაყაიშვილის III ჩიხი,Ekvtime Taqaishvili 3rd Dead End,3-й тупик Эквтиме Такаишвили
ექვთიმე თაყაიშვილის ქუჩა,Ekvtime Taqaishvili Street,улица Эквтиме Такаишвили
ექვთიმე მთაწმინდელის I ჩიხი,Ekvtime Mtatsmindeli 1st Dead End,1-й тупик Эквтиме Мтацминдели
ექვთიმე მთაწმინდელის ქუჩა,Ekvtime Mtatsmindeli Street,улица Эквтиме Мтацминдели
ექვთიმე ხელაძის ქუჩა,Ekvtime Kheladze Street,улица Эквтиме Хеладзе
ექიმის გასასვლელი,Ekimi Exit,съезд Экими
ვაგან მამასახლისოვის ქუჩა,Vagan Mamasakhlisov Street,улица Вагана Мамасахлисова
ვაგზალის ქუჩა,Vagzali Street,улица Вагзали
ვაზიანის ქუჩა,Vaziani Street,улица Вазиани
ვაზის ქუჩა,Vazi Street,улица Вази
ვაზისუბნის ქუჩა,Vazisubani Street,улица Вазисубани
ვალენტინ გიგინეიშვილის ქუჩა,Valentin Gigineishvili Street,улица Валентина Гигинеишвили
ვალენტინ თოფურიძის I გასასვლელი,Valentin Topuridze 1st Exit,1-й съезд Валентина Топуридзе
ვალენტინ თოფურიძის I შესახვევი,Valentin Topuridze 1st Lane,1-й переулок Валентина Топуридзе
ვალენტინ თოფურიძის II გასასვლელი,Valentin Topuridze 2nd Exit,2-й съезд Валентина Топуридзе
ვალენტინ თოფურიძის II შესახვევი,Valentin Topuridze 2nd Lane,2-й переулок Валентина Топуридзе
ვალენტინ თოფურიძის III გასასვლელი,Valentin Topuridze 3rd Exit,3-й съезд Валентина Топуридзе
ვალენტინ თოფურიძის ქუჩა,Valentin Topuridze Street,улица Валентина Топуридзе
ვალერი გეგიძის ქუჩა,Valeri Gegidze Street,улица Валери Гегидзе
ვალერი უტიაშვილის I გასასვლელი,Valeri Utiashvili 1st Exit,1-й съезд Валерия Утиашвили
ვალერი უტიაშვილის ქუჩა,Valeri Utiashvili Street,улица Валерия Утиашвили
ვალერიან გაფრინდაშვილის ქუჩა,Valerian Gaprindashvili Street,улица Валериана Гаприндашвили
ვალერიან გუნიას I გასასვლელი,Valerian Gunia 1st Exit,1-й съезд Валериана Гуниа
ვალერიან გუნიას II გასასვლელი,Valerian Gunia 2nd Exit,2-й съезд Валериана Гуниа
ვალერიან გუნიას ქუჩა,Valerian Gunia Street,улица Валериана Гуниа
ვალერიან გუნიას შესახვევი,Valerian Gunia Lane,переулок Валериана Гуниа
ვალერიან კანდელაკის ქუჩა,Valerian Kandelaki Street,улица Валериана Канделаки
ვალიკო ჯუღელის გზატკეცილი,Valiko Jugheli Highway,шоссе Валико Джугели
ვანიონ დარასელის ქუჩა,Vanion Daraseli Street,улица Ваниона Дарасели
ვანის ქუჩა,Vani Street,улица Вани
ვანლერ დაისელის I ჩიხი,Vanler Daiseli 1st Dead End,1-й тупик Ванлера Даисели
ვანლერ დაისელის ქუჩა,Vanler Daiseli Street,улица Ванлера Даисели
ვანო მიდელაურის ქუჩა,Vano Midelauri Street,улица Вано Миделаури
ვანო მჭედლიშვილის I გასასვლელი,Vano Mchedlishvili 1st Exit,1-й съезд Вано Мчедлишвили
ვანო მჭედლიშვილის I ჩიხი,Vano Mchedlishvili 1st Dead End,1-й тупик Вано Мчедлишвили
ვანო სარაჯიშვილის II ჩიხი,Vano Sarajishvili 2nd Dead End,2-й тупик Вано Сараджишвили
ვანო სარაჯიშვილის III ჩიხი,Vano Sarajishvili 3rd Dead End,3-й тупик Вано Сараджишвили
ვანო სარაჯიშვილის ქუჩა,Vano Sarajishvili Street,улица Вано Сараджишвили
ვანო წამალაშვილის I შესახვევი,Vano Tsamalashvili 1st Lane,1-й переулок Вано Цамалашвили
ვანო წამალაშვილის II შესახვევი,Vano Tsamalashvili 2nd Lane,2-й переулок Вано Цамалашвили
ვანო წამალაშვილის ქუჩა,Vano Tsamalashvili Street,улица Вано Цамалашвили
ვანო ხორანაულის ქუჩა,Vano Khoranauli Street,улица Вано Хоранаули
ვაჟა აბრამიშვილის ქუჩა,Vazha Abramishvili Street,улица Важи Абрамишвили
ვაჟა ბანეთიშვილის ქუჩა,Vazha Banetishvili Street,улица Важи Банетишвили
ვაჟა გვანცელაძის ქუჩა,Vazha Gvantseladze Street,улица Важи Гванцеладзе
ვაჟა ივერიელის ქუჩა,Vazha Iverieli Street,улица Важа Ивериели
ვაჟა სიჭინავას ქუჩა,Vazha Sitchinava Street,улица Важи Сичинава
ვაჟა სიჭინავას შესახვევი,Vazha Sitchinava Lane,переулок Важи Сичинава
ვაჟა ჩაჩავას ქუჩა,Vazha Chachava Street,улица Важи Чачавы
ვაჟა-ფშაველას I გასასვლელი,Vazha-Pshavela 1st Exit,1-й съезд Важи-Пшавелы
ვაჟა-ფშაველას I შესახვევი,Vazha-Pshavela 1st Lane,1-й переулок Важи-Пшавелы
ვაჟა-ფშაველას I ჩიხი,Vazha-Pshavela 1st Dead End,1-й тупик Важи-Пшавелы
ვაჟა-ფშაველას II გასასვლელი,Vazha-Pshavela 2nd Exit,2-й съезд Важи-Пшавелы
ვაჟა-ფშაველას II შესახვევი,Vazha-Pshavela 2nd Lane,2-й переулок Важи-Пшавелы
ვაჟა-ფშაველას III შესახვევი,Vazha-Pshavela 3rd Lane,3-й переулок Важи-Пшавелы
ვაჟა-ფშაველას III ჩიხი,Vazha-Pshavela 3rd Dead End,3-й тупик Важи-Пшавелы
ვაჟა-ფშაველას IV შესახვევი,Vazha-Pshavela 4th Lane,4-й переулок Важи-Пшавелы
ვაჟა-ფშაველას IV ჩიხი,Vazha-Pshavela 4th Dead End,4-й тупик Важи-Пшавелы
ვაჟა-ფშაველას გამზირი,Vazha-Pshavela Avenue,проспект Важи-Пшавелы
ვაჟა-ფშაველას მოედანი,Vazha-Pshavela Square,площадь Важи-Пшавелы
ვაჟა-ფშაველას ქუჩა,Vazha-Pshavela Street,улица Важи-Пшавелы
ვაჟა-ფშაველას ჩიხი,Vazha-Pshavela Dead End,тупик Важи-Пшавелы
ვაჟიკა ფხოველის I გასასვლელი,Vazhika Pkhoveli 1st Exit,1-й съезд Важика Пховели
ვაჟიკა ფხოველის II გასასვლელი,Vazhika Pkhoveli 2nd Exit,2-й съезд Важика Пховели
ვაჟიკა ფხოველის III გასასვლელი,Vazhika Pkhoveli 3rd Exit,3-й съезд Важика Пховели
ვაჟიკა ფხოველის ქუჩა,Vazhika Pkhoveli Street,улица Важика Пховели
ვარაზისხევის ქუჩა,Varaziskhevi Street,улица Варазисхеви
ვარდან წულუკიძის I ჩიხი,Vardan Tsulukidze 1st Dead End,1-й тупик Вардана Цулукидзе
ვარდან წულუკიძის ქუჩა,Vardan Tsulukidze Street,улица Вардана Цулукидзе
ვარდევანის ქუჩა,Vardevani Street,улица Вардевани
ვარდევანის ჩიხი,Vardevani Dead End,тупик Вардевани
ვარდის მოედანი,Vardi Square,площадь Варди
ვარდისუბნის I შესახვევი,Vardisubani 1st Lane,1-й переулок Вардисубани
ვარდისუბნის II შესახვევი,Vardisubani 2nd Lane,2-й переулок Вардисубани
ვარდისუბნის II ჩიხი,Vardisubani 2nd Dead End,2-й тупик Вардисубани
ვარდისუბნის III შესახვევი,Vardisubani 3rd Lane,3-й переулок Вардисубани
ვარდისუბნის III ჩიხი,Vardisubani 3rd Dead End,3-й тупик Вардисубани
ვარდისუბნის IV შესახვევი,Vardisubani 4th Lane,4-й переулок Вардисубани
ვარდისუბნის IV ჩიხი,Vardisubani 4th Dead End,4-й тупик Вардисубани
ვარდისუბნის IX ჩიხი,Vardisubani 9th Dead End,9-й тупик Вардисубани
ვარდისუბნის V შესახვევი,Vardisubani 5th Lane,5-й переулок Вардисубани
ვარდისუბნის V ჩიხი,Vardisubani 5th Dead End,5-й тупик Вардисубани
ვარდისუბნის VI ჩიხი,Vardisubani 6th Dead End,6-й тупик Вардисубани
ვარდისუბნის VII ჩიხი,Vardisubani 7th Dead End,7-й тупик Вардисубани
ვარდისუბნის VIII ჩიხი,Vardisubani 8th Dead End,8-й тупик Вардисубани
ვარდისუბნის X ჩიხი,Vardisubani 10th Dead End,10-й тупик Вардисубани
ვარდისუბნის ქუჩა,Vardisubani Street,улица Вардисубани
ვარლამ თოფურიას ქუჩა,Varlam Topuria Street,улица Варлама Топурия
ვარლამ მგალობლიშვილის ქუჩა,Varlam Mgaloblishvili Street,улица Варлама Мгалоблишвили
ვარლამ ჩერქეზიშვილის ქუჩა,Varlam Cherkezishvili Street,улица Варлама Черкезишвили
ვარლამ ჩიქავას ქუჩა,Varlam Chikava Street,улица Варлама Чикава
ვარლამ ჩიქავას ჩიხი,Varlam Chikava Dead End,тупик Варлама Чикава
ვარშავას ქუჩა,Varshava Street,улица Варшавы
ვასილ ბარნოვის I ჩიხი,Vasil Barnovi 1st Dead End,1-й тупик Василия Барнова
ვასილ ბარნოვის II ჩიხი,Vasil Barnovi 2nd Dead End,2-й тупик Василия Барнова
ვასილ ბარნოვის ქუჩა,Vasil Barnovi Street,улица Василия Барнова
ვასილ გულისაშვილის ქუჩა,Vasil Gulisashvili Street,улица Василя Гулисашвили
ვასილ თამარაშვილის I შესახვევი,Vasil Tamarashvili 1st Lane,1-й переулок Василя Тамарашвили
ვასილ თამარაშვილის II შესახვევი,Vasil Tamarashvili 2nd Lane,2-й переулок Василя Тамарашвили
ვასილ თამარაშვილის გასასვლელი,Vasil Tamarashvili Exit,съезд Василя Тамарашвили
ვასილ თამარაშვილის ქუჩა,Vasil Tamarashvili Street,улица Василя Тамарашвили
ვასილ კაკაბაძის ქუჩა,Vasil Kakabadze Street,улица Василя Какабадзе
ვასილ კახნიაშვილის I ჩიხი,Vasil Kakhniashvili 1st Dead End,1-й тупик Василия Кахниашвили
ვასილ კახნიაშვილის ქუჩა,Vasil Kakhniashvili Street,улица Василия Кахниашвили
ვასილ კოპცოვის I ჩიხი,Vasili Koptsov 1st Dead End,1-й тупик Василия Копцова
ვასილ კოპცოვის II ჩიხი,Vasili Koptsov 2nd Dead End,2-й тупик Василия Копцова
ვასილ კოპცოვის ქუჩა,Vasili Koptsov Street,улица Василия Копцова
ვასილ მოლოკოვის ქუჩა,Vasil Molokovi Street,улица Василя Молокови
ვასილ პეტრიაშვილის ქუჩა,Vasil Petriashvili Street,улица Василя Петриашвили
ვასილ პეტრიაშვილის შესახვევი,Vasil Petriashvili Lane,переулок Василя Петриашвили
ვასილ ყუშიტაშვილის ქუჩა,Vasil Qushitashvili Street,улица Василя Кушиташвили
ვასო აბაშიძის I ჩიხი,Vaso Abashidze 1st Dead End,1-й тупик Васо Абашидзе
ვასო აბაშიძის II ჩიხი,Vaso Abashidze 2nd Dead End,2-й тупик Васо Абашидзе
ვასო აბაშიძის ქუჩა,Vaso Abashidze Street,улица Васо Абашидзе
ვასო გოძიაშვილის I გასასვლელი,Vaso Godziashvili 1st Exit,1-й съезд Васо Годзиашвили
ვასო გოძიაშვილის I ჩიხი,Vaso Godziashvili 1st Dead End,1-й тупик Васо Годзиашвили
ვასო გოძიაშვილის II შესახვევი,Vaso Godziashvili 2nd Lane,2-й переулок Васо Годзиашвили
ვასო გოძიაშვილის II ჩიხი,Vaso Godziashvili 2nd Dead End,2-й тупик Васо Годзиашвили
ვასო გოძიაშვილის III შესახვევი,Vaso Godziashvili 3rd Lane,3-й переулок Васо Годзиашвили
ვასო გოძიაშვილის III ჩიხი,Vaso Godziashvili 3rd Dead End,3-й тупик Васо Годзиашвили
ვასო გოძიაშვილის IV შესახვევი,Vaso Godziashvili 4th Lane,4-й переулок Васо Годзиашвили
ვასო გოძიაშვილის IV ჩიხი,Vaso Godziashvili 4th Dead End,4-й тупик Васо Годзиашвили
ვასო გოძიაშვილის V შესახვევი,Vaso Godziashvili 5th Lane,5-й переулок Васо Годзиашвили
ვასო გოძიაშვილის V ჩიხი,Vaso Godziashvili 5th Dead End,5-й тупик Васо Годзиашвили
ვასო გოძიაშვილის VI ჩიხი,Vaso Godziashvili 6th Dead End,6-й тупик Васо Годзиашвили
ვასო გოძიაშვილის ქუჩა,Vaso Godziashvili Street,улица Васо Годзиашвили
ვაშლის ბაღების I შესახვევი,Vashli Baghebi 1st Lane,1-й переулок Вашли Багеби
ვაშლის ბაღების I ჩიხი,Vashli Baghebi 1st Dead End,1-й тупик Вашли Багеби
ვაშლის ბაღების ქუჩა,Vashli Baghebi Street,улица Вашли Багеби
ვაშლოვანის ქუჩა,Vashlovani Street,улица Вашловани
ვახტანგ VI ქუჩა,Vakhtang Meekvse Street,улица Вахтанга Мееквсе
ვახტანგ VI ჩიხი,Vakhtang Meekvse Dead End,тупик Вахтанга Мееквсе
ვახტანგ აბაშიძის ქუჩა,Vakhtang Abashidze Street,улица Вахтанга Абашидзе
ვახტანგ აბრამაშვილის ქუჩა,Vakhtang Abramashvili Street,улица Вахтанга Абрамашвили
ვახტანგ ბერიძის ქუჩა,Vakhtang Beridze Street,улица Вахтанга Беридзе
ვახტანგ ბოჭორიშვილის I შესახვევი,Vakhtang Bochorishvili 1st Lane,1-й переулок Вахтанга Бочоришвили
ვახტანგ ბოჭორიშვილის II შესახვევი,Vakhtang Bochorishvili 2nd Lane,2-й переулок Вахтанга Бочоришвили
ვახტანგ ბოჭორიშვილის IV შესახვევი,Vakhtang Bochorishvili 4th Lane,4-й переулок Вахтанга Бочоришвили
ვახტანგ ბოჭორიშვილის ქუჩა,Vakhtang Bochorishvili Street,улица Вахтанга Бочоришвили
ვახტანგ გორგასალის I შესახვევი,Vakhtang Gorgasali 1st Lane,1-й переулок Вахтанга Горгасали
ვახტანგ გორგასალის I ჩიხი,Vakhtang Gorgasali 1st Dead End,1-й тупик Вахтанга Горгасали
ვახტანგ გორგასალის II შესახვევი,Vakhtang Gorgasali 2nd Lane,2-й переулок Вахтанга Горгасали
ვახტანგ გორგასალის II ჩიხი,Vakhtang Gorgasali 2nd Dead End,2-й тупик Вахтанга Горгасали
ვახტანგ გორგასალის III შესახვევი,Vakhtang Gorgasali 3rd Lane,3-й переулок Вахтанга Горгасали
ვახტანგ გორგასალის III ჩიხი,Vakhtang Gorgasali 3rd Dead End,3-й тупик Вахтанга Горгасали
ვახტანგ გორგასალის IV შესახვევი,Vakhtang Gorgasali 4th Lane,4-й переулок Вахтанга Горгасали
ვახტანგ გორგასალის IV ჩიხი,Vakhtang Gorgasali 4th Dead End,4-й тупик Вахтанга Горгасали
ვახტანგ გორგასალის IX ჩიხი,Vakhtang Gorgasali 9th Dead End,9-й тупик Вахтанга Горгасали
ვახტანგ გორგასალის V ჩიხი,Vakhtang Gorgasali 5th Dead End,5-й тупик Вахтанга Горгасали
ვახტანგ გორგასალის VI ჩიხი,Vakhtang Gorgasali 6th Dead End,6-й тупик Вахтанга Горгасали
ვახტანგ გორგასალის VII ჩიხი,Vakhtang Gorgasali 7th Dead End,7-й тупик Вахтанга Горгасали
ვახტანგ გორგასალის VIII ჩიხი,Vakhtang Gorgasali 8th Dead End,8-й тупик Вахтанга Горгасали
ვახტანგ გორგასალის X ჩიხი,Vakhtang Gorgasali 10th Dead End,10-й тупик Вахтанга Горгасали
ვახტანგ გორგასალის XI ჩიხი,Vakhtang Gorgasali 11th Dead End,11-й тупик Вахтанга Горгасали
ვახტანგ გორგასალის XII ჩიხი,Vakhtang Gorgasali 12th Dead End,12-й тупик Вахтанга Горгасали
ვახტანგ გორგასალის მოედანი,Vakhtang Gorgasali Square,площадь Вахтанга Горгасали
ვახტანგ გორგასალის ქუჩა,Vakhtang Gorgasali Street,улица Вахтанга Горгасали
ვახტანგ გორგასლის I შესახვევი,Vakhtang Gorgasali 1st Lane,1-й переулок Вахтанга Горгасали
ვახტანგ გორგასლის II შესახვევი,Vakhtang Gorgasali 2nd Lane,2-й переулок Вахтанга Горгасали
ვახტანგ გორგასლის ქუჩა,Vakhtang Gorgasali Street,улица Вахтанга Горгасали
ვახტანგ გორგასლის ჩიხი,Vakhtang Gorgasali Dead End,тупик Вахтанга Горгасали
ვახტანგ და ამირან კაპანაძეების I შესახვევი,Vakhtang and Amiran Kapanadze 1st Lane,1-й переулок Вахтанга и Амирана Капанадзе
ვახტანგ და ამირან კაპანაძეების II შესახვევი,Vakhtang and Amiran Kapanadze 2nd Lane,2-й переулок Вахтанга и Амирана Капанадзе
ვახტანგ და ამირან კაპანაძეების ქუჩა,Vakhtang and Amiran Kapanadze Street,улица Вахтанга и Амирана Капанадзе
ვახტანგ და ბადრი გზირიშვილების ქუჩა,Vakhtang and Badri Gzirishvili Street,улица Вахтанга и Бадри Гзиришвили
ვახტანგ ვაციტაძის ქუჩა,Vakhtang Vatsitadze Street,улица Вахтанга Вацитадзе
ვახტანგ თედიაშვილის I ჩიხი,Vakhtang Tediashvili 1st Dead End,1-й тупик Вахтанга Тедиашвили
ვახტანგ თედიაშვილის ქუჩა,Vakhtang Tediashvili Street,улица Вахтанга Тедиашвили
ვახტანგ კვარაცხელიას ქუჩა,Vakhtang Kvaratskhelia Street,улица Вахтанга Кварацхелия
ვახტანგ კოტეტიშვილის ქუჩა,Vakhtang Kotetishvili Street,улица Вахтанга Котетишвили
ვახტანგ კოტეტიშვილის შესახვევი,Vakhtang Kotetishvili Lane,переулок Вахтанга Котетишвили
ვახტანგ ლეჟავას ქუჩა,Vakhtang Lezhava Street,улица Вахтанга Лежава
ვახტანგ მალაყმაძის ქუჩა,Vakhtang Malaqmadze Street,улица Вахтанга Малакмадзе
ვახტანგ მახალდიანის ქუჩა,Vakhtang Makhaldiani Street,улица Вахтанга Махалдиани
ვახტანგ მახალდიანის შესახვევი,Vakhtang Makhaldiani Lane,переулок Вахтанга Махалдиани
ვახტანგ მეექვსის ქუჩა,Vakhtang Meekvsi Street,улица Вахтанг Мееквси
ვახტანგ მოსიძის ქუჩა,Vakhtang Mosidze Street,улица Вахтанга Мосидзе
ვახტანგ ნინუას ქუჩა,Vakhtang Ninua Street,улица Вахтанга Нинуа
ვახტანგ ორბელიანი ქუჩა,Vakhtang Orbeliani Street,улица Вахтанга Орбелиани
ვახტანგ ორბელიანი შესახვევი,Vakhtang Orbeliani Lane,переулок Вахтанга Орбелиани
ვახტანგ სონღულაშვილის I შესახვევი,Vakhtang Songhulashvili 1st Lane,1-й переулок Вахтанга Сонгулашвили
ვახტანგ სონღულაშვილის ქუჩა,Vakhtang Songhulashvili Street,улица Вахтанга Сонгулашвили
ვახტანგ ტაბლიაშვილის I ჩიხი,Vakhtang Tabliashvili 1st Dead End,1-й тупик Вахтанга Таблиашвили
ვახტანგ ტაბლიაშვილის ქუჩა,Vakhtang Tabliashvili Street,улица Вахтанга Таблиашвили
ვახტანგ ფირცხალავას ქუჩა,Vakhtang Pirtskhalava Street,улица Вахтанга Пирцхалава
ვახტანგ ფიფიას I შესახვევი,Vakhtang Pipia 1st Lane,1-й переулок Вахтанга Пипия
ვახტანგ ფიფიას II შესახვევი,Vakhtang Pipia 2nd Lane,2-й переулок Вахтанга Пипия
ვახტანგ ფიფიას ქუჩა,Vakhtang Pipia Street,улица Вахтанга Пипия
ვახტანგ ქარსელაძის ქუჩა,Vakhtang Karseladze Street,улица Вахтанга Карселадзе
ვახტანგ შამილაძის I ჩიხი,Vakhtang Shamiladze 1st Dead End,1-й тупик Вахтанга Шамиладзе
ვახტანგ შამილაძის II ჩიხი,Vakhtang Shamiladze 2nd Dead End,2-й тупик Вахтанга Шамиладзе
ვახტანგ შამილაძის III ჩიხი,Vakhtang Shamiladze 3rd Dead End,3-й тупик Вахтанга Шамиладзе
ვახტანგ შამილაძის ქუჩა,Vakhtang Shamiladze Street,улица Вахтанга Шамиладзе
ვახტანგ შანავას I შესახვევი,Vakhtang Shanava 1st Lane,1-й переулок Вахтанга Шанава
ვახტანგ შანავას ქუჩა,Vakhtang Shanava Street,улица Вахтанга Шанава
ვახტანგ ჩიქოვანის I შესახვევი,Vakhtang Chikovani 1st Lane,1-й переулок Вахтанга Чиковани
ვახტანგ ჩიქოვანის II შესახვევი,Vakhtang Chikovani 2nd Lane,2-й переулок Вахтанга Чиковани
ვახტანგ ჩიქოვანის ქუჩა,Vakhtang Chikovani Street,улица Вахтанга Чиковани
ვახტანგ ცინცაძის I ჩიხი,Vakhtang Tsintsadze 1st Dead End,1-й тупик Вахтанга Цинцадзе
ვახტანგ ცინცაძის II ჩიხი,Vakhtang Tsintsadze 2nd Dead End,2-й тупик Вахтанга Цинцадзе
ვახტანგ ცინცაძის ქუჩა,Vakhtang Tsintsadze Street,улица Вахтанга Цинцадзе
ვახტანგ ჭაბუკიანის ქუჩა,Vakhtang Chabukiani Street,улица Вахтанга Чабукиани
ვახტანგ ჭელიძის ქუჩა,Vakhtang Chelidze Street,улица Вахтанга Челидзе
ვახუშტი ბაგრატიონის ქუჩა,Vakhushti Bagrationi Street,улица Вахушти Багратиони
ვახუშტი ბაგრატიონის ხიდი,Vakhushti Bagrationi Bridge,Мост Вахушти Багратиони
ვახუშტი ბატონიშვილის I ჩიხი,Vakhushti Batonishvili 1st Dead End,1-й тупик Вахушти Батонишвили
ვახუშტი ბატონიშვილის II ჩიხი,Vakhushti Batonishvili 2nd Dead End,2-й тупик Вахушти Батонишвили
ვახუშტი ბატონიშვილის ქუჩა,Vakhushti Batonishvili Street,улица Вахушти Батонишвили
ვახუშტის ქუჩა,Vakhushti Street,улица Вахушти
ველის I შესახვევი,Veli 1st Lane,1-й переулок Вели
ველის ქუჩა,Veli Street,улица Вели
ველისთავის ქუჩა,Velistavi Street,улица Велистави
ველისციხის ქუჩა,Velistsikhe Street,улица Велисцихе
ვენერა მეტრეველის ქუჩა,Venera Metreveli Street,улица Венеры Метревели
ვენერა ურუშაძის I შესახვევი,Venera Urushadze 1st Lane,1-й переулок Венеры Урушадзе
ვენერა ურუშაძის ქუჩა,Venera Urushadze Street,улица Венеры Урушадзе
ვერა ბარდაველიძის ქუჩა,Vera Bardavelidze Street,улица Веры Бардавелидзе
ვერა ვარაზაშვილის ქუჩა,Vera Varazashvili Street,улица Веры Варазашвили
ვერიკო ანჯაფარიძის ქუჩა,Veriko Anjaparidze Street,улица Верико Анджапаридзе
ვერცხლის I ჩიხი,Vertskhli 1st Dead End,1-ый тупик Верцхли
ვერცხლის II ჩიხი,Vertskhli 2nd Dead End,2-ой тупик Верцхли
ვერცხლის III ჩიხი,Vertskhli 3rd Dead End,3-ий тупик Верцхли
ვერცხლის ქუჩა,Vertskhli Street,улица Верцхли
ვერცხლის შესახვევი,Vertskhli Lane,переулок Верцхли
ვეფხისტყაოსანის ქუჩა,Vepkhistqaosani Street,улица Вепхисткаосани
ვეძათხევის ქუჩა,Vedzatkhevi Street,улица Ведзатхеви
ვეძათხევის შესახვევი,Vedzatkhevi Lane,переулок Ведзатхеви
ვეძინის I გასასვლელი,Vedzini 1st Exit,1-й съезд Ведзини
ვეძინის II გასასვლელი,Vedzini 2nd Exit,2-й съезд Ведзини
ვეძინის III გასასვლელი,Vedzini 3rd Exit,3-й съезд Ведзини
ვეძინის IV გასასვლელი,Vedzini 4th Exit,4-й съезд Ведзини
ვეძინის ქუჩა,Vedzini Street,улица Ведзини
ვიკტორ ტრეტიაკოვის ქუჩა,Viktor Tretiakov Street,улица Виктора Третьякова
ვინარი სხულუხიას I შესახვევი,Vinari Skhulukhia 1st Lane,1-й переулок Винари Схулухия
ვინარი სხულუხიას II შესახვევი,Vinari Skhulukhia 2nd Lane,2-й переулок Винари Схулухия
ვინარი სხულუხიას ქუჩა,Vinari Skhulukhia Street,улица Винария Схулухия
ვიტალი დარასელიას I ჩიხი,Vitali Daraselia 1st Dead End,1-й тупик Витали Дараселия
ვიტალი დარასელიას ქუჩა,Vitali Daraselia Street,улица Витали Дараселия
ვიქტორ გაბესკირიას მოედანი,Viktor Gabeskiria Square,площадь Виктора Габескирия
ვიქტორ გაბესკირიას ქუჩა,Viktor Gabeskiria Street,улица Виктора Габескирия
ვიქტორ დოლიძის ქუჩა,Viktor Dolidze Street,улица Виктора Долидзе
ვიქტორ კრატასიუკის ქუჩა,Viktor Kratasiuki Street,улица Виктора Кратасиуки
ვიქტორ კუპრაძის ქუჩა,Viktor Kupradze Street,улица Виктора Купрадзе
ვიქტორ ნანეიშვილის ქუჩა,Viktor Naneishvili Street,улица Виктора Нанеишвили
ვიქტორ ნინიძის ქუჩა,Viktor Ninidze Street,улица Виктора Нинидзе
ვიქტორ ნოზაძის ქუჩა,Viktor Nozadze Street,улица Виктора Нозадзе
ვიქტორ ჯორბენაძის ქუჩა,Victor Jorbenadze Street,улица Виктора Джорбенадзе
ვლადიმერ ავალიანის ქუჩა,Vladimer Avaliani Street,улица Владимера Авалиани
ვლადიმერ აღნიაშვილის ქუჩა,Vladimer Aghniashvili Street,улица Владимера Агниашвили
ვლადიმერ გაბაშვილის ქუჩა,Vladimer Gabashvili Street,улица Владимера Габашвили
ვლადიმერ გარაყანიძის ქუჩა,Vladimer Garaqanidze Street,улица Владимера Гараканидзе
ვლადიმერ დავითაშვილის I შესახვევი,Vladimer Davitashvili 1st Lane,1-й переулок Владимира Давиташвили
ვლადიმერ დავითაშვილის I ჩიხი,Vladimer Davitashvili 1st Dead End,1-й тупик Владимира Давиташвили
ვლადიმერ დავითაშვილის II ჩიხი,Vladimer Davitashvili 2nd Dead End,2-й тупик Владимира Давиташвили
ვლადიმერ დავითაშვილის ქუჩა,Vladimer Davitashvili Street,улица Владимира Давиташвили
ვლადიმერ ვეკუას ქუჩა,Vladimer Vekua Street,улица Владимера Векуа
ვლადიმერ ვორონოვის ქუჩა,Vladimir Voronov Street,улица Владимира Воронова
ვლადიმერ ზამბახიძის ქუჩა,Vladimer Zambakhidze Street,улица Владимера Замбахидзе
ვლადიმერ კანკავას ქუჩა,Vladimer Kankava Street,улица Владимира Канкава
ვლადიმერ კოკინაკის ქუჩა,Vladimer Kokinaki Street,улица Владимера Кокинаки
ვლადიმერ კომაროვის ქუჩა,Vladimer Komarovi Street,улица Владимера Комарови
ვლადიმერ ლობჟანიძის ქუჩა,Vladimer Lobzhanidze Street,улица Владимера Лобжанидзе
ვლადიმერ ლუბოვსკის ქუჩა,Vladimer Lubovski Street,улица Владимира Лубовского
ვლადიმერ მაიაკოვსკის გასასვლელი,Vladimir Mayakovskiy Exit,съезд Владимира Маяковского
ვლადიმერ მაიაკოვსკის ქუჩა,Vladimir Mayakovski Street,улица Владимира Маяковского
ვლადიმერ მაყაშვილის I ჩიხი,Vladimer Maqashvili 1st Dead End,1-й тупик Владимера Макашвили
ვლადიმერ მაყაშვილის ქუჩა,Vladimer Maqashvili Street,улица Владимера Макашвили
ვლადიმერ მესხიშვილის I გასასვლელი,Vladimer Meskhishvili 1st Exit,1-й съезд Владимера Месхишвили
ვლადიმერ მესხიშვილის II გასასვლელი,Vladimer Meskhishvili 2nd Exit,2-й съезд Владимера Месхишвили
ვლადიმერ მესხიშვილის III გასასვლელი,Vladimer Meskhishvili 3rd Exit,3-й съезд Владимера Месхишвили
ვლადიმერ მესხიშვილის ქუჩა,Vladimer Meskhishvili Street,улица Владимера Месхишвили
ვლადიმერ მზარეულას ქუჩა,Vladimer Mzareula Street,улица Владимера Мзареула
ვლადიმერ ნანეიშვილის ქუჩა,Vladimer Naneishvili Street,улица Владимира Нанейшвили
ვლადიმერ ჟღნეტის I შესახვევი,Vladimer Zhghneti 1st Lane,1-й переулок Владимера Жгнети
ვლადიმერ ჟღნეტის ქუჩა,Vladimer Zhghneti Street,улица Владимера Жгнети
ვლადიმერ რუბაშვილის ქუჩა,Vladimer Rubashvili Street,улица Владимера Рубашвили
ვლადიმერ უგრეხელიძის I შესახვევი,Vladimer Ugrekhelidze 1st Lane,1-й переулок Владимира Угрехелидзе
ვლადიმერ უგრეხელიძის ქუჩა,Vladimer Ugrekhelidze Street,улица Владимира Угрехелидзе
ვლადიმერ წითლანაძის I შესახვევი,Vladimer Tsitlanadze 1st Lane,1-й переулок Владимера Цитланадзе
ვლადიმერ წითლანაძის II შესახვევი,Vladimer Tsitlanadze 2nd Lane,2-й переулок Владимера Цитланадзе
ვლადიმერ წითლანაძის ქუჩა,Vladimer Tsitlanadze Street,улица Владимера Цитланадзе
ვლადიმერ ხორავას I შესახვევი,Vladimer Khorava 1st Lane,1-й переулок Владимера Хорава
ვლადიმერ ხორავას ქუჩა,Vladimer Khorava Street,улица Владимера Хорава
ვლადიმერ ხორავას შესახვევი,Vladimer Khorava Lane,переулок Владимера Хорава
ვლადიმერ ჯანჯღავას I შესახვევი,Vladimer Janjghava 1st Lane,1-й переулок Владимера Джанджгава
ვლადიმერ ჯანჯღავას I ჩიხი,Vladimer Janjghava 1st Dead End,1-й тупик Владимера Джанджгава
ვლადიმერ ჯანჯღავას II შესახვევი,Vladimer Janjghava 2nd Lane,2-й переулок Владимера Джанджгава
ვლადიმერ ჯანჯღავას II ჩიხი,Vladimer Janjghava 2nd Dead End,2-й тупик Владимера Джанджгава
ვლადიმერ ჯანჯღავას III შესახვევი,Vladimer Janjghava 3rd Lane,3-й переулок Владимера Джанджгава
ვლადიმერ ჯანჯღავას ქუჩა,Vladimer Janjghava Street,улица Владимера Джанджгава
ვლადიმირ მაიაკოვსკის I ჩიხი,Vladimir Mayakovsky 1st Dead End,1-й тупик Владимира Маяковского
ვლადიმირ მაიაკოვსკის III ჩიხი,Vladimir Mayakovsky 3rd Dead End,3-й тупик Владимира Маяковского
ვლადიმირ მაიაკოვსკის IV ჩიხი,Vladimir Mayakovsky 4th Dead End,4-й тупик Владимира Маяковского
ვლადიმირ მაიაკოვსკის ქუჩა,Vladimir Mayakovsky Street,улица Владимира Маяковского
ვლასა მგელაძის ქუჩა,Vlasa Mgeladze Street,улица Власа Мгеладзе
ვოლგოგრადის ქუჩა,Volgograd Street,улица Волгоградская
ვუკოლ ბერიძის ქუჩა,Vukol Beridze Street,улица Вукола Беридзе
ზაალ დუმბაძის ქუჩა,Zaal Dumbadze Street,улица Заала Думбадзе
ზაალ ქიქოძის ქუჩა,Zaal Kikodze Street,улица Заала Кикодзе
ზაზა ალექსიძის ქუჩა,Zaza Aleksidze Street,улица Зазы Алексидзе
ზაზა ბენდელიანის ქუჩა,Zaza Bendeliani Street,улица Зазы Бенделиани
ზაზა გამგებელის ქუჩა,Zaza Gamgebelia Street,улица Зазы Гамгебели
ზაზა და საულ კახიანების ქუჩა,Zaza and Saul Kakhianebi Street,улица Зазы и Саула Кахиани
ზაზა დამენიას I გასასვლელი,Zaza Damenia 1st Exit,1-й съезд Зазы Дамения
ზაზა დამენიას I შესახვევი,Zaza Damenia 1st Lane,1-й переулок Зазы Дамения
ზაზა დამენიას I ჩიხი,Zaza Damenia 1st Dead End,1-й тупик Зазы Дамения
ზაზა დამენიას II შესახვევი,Zaza Damenia 2nd Lane,2-й переулок Зазы Дамения
ზაზა დამენიას II ჩიხი,Zaza Damenia 2nd Dead End,2-й тупик Зазы Дамения
ზაზა დამენიას III ჩიხი,Zaza Damenia 3rd Dead End,3-й тупик Зазы Дамения
ზაზა დამენიას ქუჩა,Zaza Damenia Street,улица Зазы Дамения
ზაზა ურუშაძის ქუჩა,Zaza Urushadze Street,улица Зазы Урушадзе
ზაზა ფანასკერტელ-ციციშვილის ქუჩა,Zaza Panaskertel-Tsitsishvili Street,улица Заза Панаскертел-Цицишвили
ზაირა არსენიშვილის I შესახვევი,Zaira Arsenishvili 1st Lane,1-й переулок Заира Арсенишвили
ზაირა არსენიშვილის I ჩიხი,Zaira Arsenishvili 1st Dead End,1-й тупик Заира Арсенишвили
ზაირა არსენიშვილის ქუჩა,Zaira Arsenishvili Street,улица Заира Арсенишвили
ზაირა კიკვიძის I შესახვევი,Zaira Kikvidze 1st Lane,1-й переулок Заира Киквидзе
ზაირა კიკვიძის ქუჩა,Zaira Kikvidze Street,улица Заира Киквидзе
ზამთრიანის ქუჩა,Zamtriani Street,улица Замтриани
ზარბეგ ბერიაშვილის I ჩიხი,Zarbeg Beriashvili 1st Dead End,1-й тупик Зарбега Бериашвили
ზარბეგ ბერიაშვილის ქუჩა,Zarbeg Beriashvili Street,улица Зарбега Бериашвили
ზარზმის ქუჩა,Zarzmi Street,улица Зарзми
ზარწემის ქუჩა,Zartsemi Street,улица Зарцеми
ზაურ ბოლქვაძის ქუჩა,Zaur Bolkvadze Street,улица Заура Болквадзе
ზაურ მახარაშვილის I გასასვლელი,Zaur Makharashvili 1st Exit,1-й съезд Заура Махарашвили
ზაურ მახარაშვილის ქუჩა,Zaur Makharashvili Street,улица Заура Махарашвили
ზაურ უჩაძის I შესახვევი,Zaur Uchadze 1st Lane,1-й переулок Заура Учадзе
ზაურ უჩაძის ქუჩა,Zaur Uchadze Street,улица Заура Учадзе
ზაქარაიას ქუჩა,Zakaraia Street,улица Закараия
ზაქარაიას ჩიხი,Zakaraia Dead End,тупик Закараия
ზაქარია ბაქრაძის I შესახვევი,Zakaria Bakradze 1st Lane,1-й переулок Закария Бакрадзе
ზაქარია ბაქრაძის I ჩიხი,Zakaria Bakradze 1st Dead End,1-й тупик Закария Бакрадзе
ზაქარია ბაქრაძის II შესახვევი,Zakaria Bakradze 2nd Lane,2-й переулок Закария Бакрадзе
ზაქარია ბაქრაძის III შესახვევი,Zakaria Bakradze 3rd Lane,3-й переулок Закария Бакрадзе
ზაქარია ბაქრაძის ქუჩა,Zakaria Bakradze Street,улица Закария Бакрадзе
ზაქარია ვეშაპურის ქუჩა,Zakaria Veshapuri Street,улица Закарии Вешапури
ზაქარია ვეშაპურის შესახვევი,Zakaria Veshapuri Lane,переулок Закарии Вешапури
ზაქარია მაისურაძის I შესახვევი,Zakaria Maisuradze 1st Lane,1-й переулок Закарии Маисурадзе
ზაქარია მაისურაძის III შესახვევი,Zakaria Maisuradze 3rd Lane,3-й переулок Закарии Маисурадзе
ზაქარია მაისურაძის გასასვლელი,Zakaria Maisuradze Exit,съезд Закарии Маисурадзе
ზაქარია მაისურაძის ქუჩა,Zakaria Maisuradze Street,улица Закарии Маисурадзе
ზაქარია მხარგრძელის I ჩიხი,Zakaria Mkhargrdzeli 1st Dead End,1-й тупик Закарии Мхаргрдзели
ზაქარია მხარგრძელის II ჩიხი,Zakaria Mkhargrdzeli 2nd Dead End,2-й тупик Закарии Мхаргрдзели
ზაქარია მხარგრძელის ქუჩა,Zakaria Mkhargrdzeli Street,улица Закарии Мхаргрдзели
ზაქარია სარაჯიშვილის ქუჩა,Zakaria Sarajishvili Street,улица Закарии Сараджишвили
ზაქარია ფალიაშვილის ქუჩა,Zakaria Paliashvili Street,улица Захария Палиашвили
ზაქარია ქურდიანის I ჩიხი,Zakaria Kurdiani 1st Dead End,1-й тупик Закарии Курдиани
ზაქარია ქურდიანის II ჩიხი,Zakaria Kurdiani 2nd Dead End,2-й тупик Закарии Курдиани
ზაქარია ქურდიანის III ჩიხი,Zakaria Kurdiani 3rd Dead End,3-й тупик Закарии Курдиани
ზაქარია ქურდიანის ქუჩა,Zakaria Kurdiani Street,улица Закарии Курдиани
ზაქარია ჩიჩინაძის ქუჩა,Zakaria Chichinadze Street,улица Закария Чичинадзе
ზაქარია ჭიჭინაძის ქუჩა,Zakaria Chichinadze Street,улица Закария Чичинадзе
ზაქარია ჭიჭინაძის ჩიხი,Zakaria Chichinadze Dead End,тупик Закария Чичинадзе
ზაქარია ჯორჯაძის I გასასვლელი,Zakaria Jorjadze 1st Exit,1-й съезд Закарии Джорджадзе
ზაქარია ჯორჯაძის ქუჩა,Zakaria Jorjadze Street,улица Закарии Джорджадзе
ზეგანის შესახვევი,Zegani Lane,переулок Зегани
ზედაზენის გასასვლელი,Zedazeni Exit,съезд Зедазени
ზედაზენის ქუჩა,Zedazeni Street,улица Зедазени
ზედაზენის ჩიხი,Zedazeni Dead End,тупик Зедазени
ზედამზის I შესახვევი,Zedamzi 1st Lane,1-й переулок Зедамзи
ზედამზის II შესახვევი,Zedamzi 2nd Lane,2-й переулок Зедамзи
ზედამზის გასასვლელი,Zedamzi Exit,съезд Зедамзи
ზედამზის ქუჩა,Zedamzi Street,улица Зедамзи
ზედაუბანის I შესახვევი,Zedaubani 1st Lane,1-й переулок Зедаубани
ზედაუბანის ქუჩა,Zedaubani Street,улица Зедаубани
ზედაღელის ქუჩა,Zedageli Street,улица Зедагели
ზეზვა გაფრინდაულის ქუჩა,Zezva Gaprindauli Street,улица Зезвы Гаприндаули
ზეთისხილის I შესახვევი,Zetiskhili 1st Lane,1-й переулок Зетисхили
ზეთისხილის II შესახვევი,Zetiskhili 2nd Lane,2-й переулок Зетисхили
ზეთისხილის III შესახვევი,Zetiskhili 3rd Lane,3-й переулок Зетисхили
ზეთისხილის ქუჩა,Zetiskhili Street,улица Зетисхили
ზეინაბ ბოცვაძის ქუჩა,Zеinab Botsvadze Street,улица Зейнаб Боцвадзе
ზეკარის ქუჩა,Zekari Street,улица Зекари
ზემო ვეძისის I ჩიხი,Zemo Vedzisi 1st Dead End,1-й тупик Земо Ведзиси
ზემო ვეძისის II ჩიხი,Zemo Vedzisi 2nd Dead End,2-й тупик Земо Ведзиси
ზემო ვეძისის ქუჩა,Zemo Vedzisi Street,улица Земо Ведзиси
ზემო მეტალურგიულის ქუჩა,Zemo Metalurgiuli Street,улица Земо Металургиули
ზესტაფონის ქუჩა,Zestaponi Street,улица Зестапони
ზესტაფონის შესახვევი,Zestaponi Lane,переулок Зестапони
ზვარეთის ქუჩა,Zvareti Street,улица Зварети
ზვიად ბარბაქაძის ქუჩა,Zviad Barbakadze Street,улица Звиада Барбакадзе
ზვიად გამსახურდიას I შესახვევი,Zviad Gamsakhurdia 1st Lane,1-й переулок Звиада Гамсахурдии
ზვიად გამსახურდიას გამზირი,Zviad Gamsakhurdia Avenue,проспект Звиада Гамсахурдии
ზვიად გამსახურდიას მოედანი,Zviad Gamsakhurdia Square,площадь Звиада Гамсахурдии
ზვიად გამსახურდიას სანაპირო,Zviad Gamsakhurdia Embankment,набережная Звиада Гамсахурдии
ზვიად გამსახურდიას ქუჩა,Zviad Gamsakhurdia Street,улица Звиада Гамсахурдии
ზვიად გამსახურდიას ხეივანი,Zviad Gamsakhurdia Alley,аллея Звиада Гамсахурдии
ზვიად დათუაშვილის ქუჩა,Zviad Datuashvili Street,улица Звиада Датуашвили
ზვიად ჩიჩუას ქუჩა,Zviad Chichua Street,улица Звиада Чичуа
ზიარის ქუჩა,Ziari Street,улица Зиари
ზიგზაგის I ქუჩა,Zigzagi 1st Street,1-я улица Зигзаги
ზიგზაგის I ქუჩის ჩიხი,1st Zigzagi Street Dead End,тупик 1-й улицы Зигзаги
ზიგზაგის II ქუჩა,Zigzagi 2nd Street,2-я улица Зигзаги
ზიგზაგის ჩიხი,Zigzagi Dead End,тупик Зигзаги
ზინდისის ქუჩა,Zindisi Street,улица Зиндиси
ზნაკვის I ჩიხი,Znakvi 1st Dead End,1-й тупик Знакви
ზნაკვის II ჩიხი,Znakvi 2nd Dead End,2-й тупик Знакви
ზნაკვის ქუჩა,Znakvi Street,улица Знакви
ზოვრეთის ქუჩა,Zovreti Street,улица Зоврети
ზონკარის ქუჩა,Zonkari Street,улица Зонкари
ზოჰესის ქუჩა,Zohesi Street,улица Зохеси
ზუგდიდის ქუჩა,Zugdidi Street,улица Зугдиди
ზურა ავალიშვილის ქუჩა,Zura Avalishvili Street,улица Зуры Авалишвили
ზურა მირაქიშვილის ქუჩა,Zura Mirakishvili Street,улица Зуры Миракишвили
ზურაბ აბულაძის ქუჩა,Zurab Abuladze Street,улица Зураба Абуладзе
ზურაბ ანტონოვის ქუჩა,Zurab Antonov Street,улица Зураб Антонова
ზურაბ ანჩაბაძის ქუჩა,Zurab Anchabadze Street,улица Зураба Анчабадзе
ზურაბ ანჯაფარიძის I შესახვევი,Zurab Anjaparidze 1st Lane,1-й переулок Зураба Анджапаридзе
ზურაბ ანჯაფარიძის II შესახვევი,Zurab Anjaparidze 2nd Lane,2-й переулок Зураба Анджапаридзе
ზურაბ ანჯაფარიძის ქუჩა,Zurab Anjaparidze Street,улица Зураба Анджапаридзе
ზურაბ ბეგიაშვილის I ჩიხი,Zurab Begiashvili 1st Dead End,1-й тупик Зураба Бегиашвили
ზურაბ ბეგიაშვილის II ჩიხი,Zurab Begiashvili 2nd Dead End,2-й тупик Зураба Бегиашвили
ზურაბ ბეგიაშვილის III ჩიხი,Zurab Begiashvili 3rd Dead End,3-й тупик Зураба Бегиашвили
ზურაბ ბეგიაშვილის IV ჩიხი,Zurab Begiashvili 4th Dead End,4-й тупик Зураба Бегиашвили
ზურაბ ბეგიაშვილის V ჩიხი,Zurab Begiashvili 5th Dead End,5-й тупик Зураба Бегиашвили
ზურაბ ბეგიაშვილის ქუჩა,Zurab Begiashvili Street,улица Зураба Бегиашвили
ზურაბ ბერიძის ქუჩა,Zurab Beridze Street,улица Зураба Беридзе
ზურაბ ბერიძის შესახვევი,Zurab Beridze Lane,переулок Зураба Беридзе
ზურაბ გორგილაძის ქუჩა,Zurab Gorgiladze Street,улица Зураба Горгиладзе
ზურაბ და თეიმურაზ ზალდასტანიშვილების ქუჩა,Zurab and Teimuraz Zaldastanishvili Street,улица Зураба и Теймураза Залдастанишвили
ზურაბ დობორჯგინიძის ქუჩა,Zurab Doborjginidze Street,улица Зураба Доборджгинидзе
ზურაბ ეფაძის ქუჩა,Zurab Epadze Street,улица Зураба Эпадзе
ზურაბ ვადაჭკორიას ქუჩა,Zurab Vadachkoria Street,улица Зураба Вадачкория
ზურაბ იარაჯულის I ჩიხი,Zurab Iarajuli 1st Dead End,1-й тупик Зураба Иараджули
ზურაბ იარაჯულის ქუჩა,Zurab Iarajuli Street,улица Зураба Иараджули
ზურაბ მაჩხანელის ქუჩა,Zurab Machkhaneli Street,улица Зураба Мачханели
ზურაბ მუზაშვილის ქუჩა,Zurab Muzashvili Street,улица Зураба Музашвили
ზურაბ ნაირაშვილის I შესახვევი,Zurab Nairashvili 1st Lane,1-й переулок Зураба Наирашвили
ზურაბ ნაირაშვილის ქუჩა,Zurab Nairashvili Street,улица Зураба Наирашвили
ზურაბ ნამორაძის ქუჩა,Zurab Namoradze Street,улица Зураба Наморадзе
ზურაბ ნანავას ქუჩა,Zurab Nanava Street,улица Зураба Нанава
ზურაბ ნაჭყებიას ქუჩა,Zurab Nachqebia Street,улица Зураба Начкебия
ზურაბ პატარიძის ქუჩა,Zurab Pataridze Street,улица Зураба Патаридзе
ზურაბ ჟვანიას მოედანი,Zurab Zhvania Square,площадь Зураба Жвании
ზურაბ ჟვანიას ქუჩა,Zurab Zhvania Street,улица Зураба Жвании
ზურაბ ჟვანიას შესახვევი,Zurab Zhvania Lane,переулок Зураба Жвании
ზურაბ საკანდელიძის ქუჩა,Zurab Sakandelidze Street,улица Зураба Саканделидзе
ზურაბ სარსანიას ქუჩა,Zurab Sarsania Street,улица Зураба Сарсания
ზურაბ სოტკილავას ქუჩა,Zurab Sotkilava Street,улица Зураба Соткилава
ზურაბ ქაფიანიძის ქუჩა,Zurab Kapianidze Street,улица Зураба Капианидзе
ზურაბ ქვლივიძის ქუჩა,Zurab Kvlividze Street,улица Зураба Квливидзе
ზურაბ ქუქჩიშვილის ქუჩა,Zurab Kukchishvili Street,улица Зураба Кукчишвили
ზურაბ ჩაჩუას I გასასვლელი,Zurab Chachua 1st Exit,1-й съезд Зураба Чачуа
ზურაბ ჩაჩუას II გასასვლელი,Zurab Chachua 2nd Exit,2-й съезд Зураба Чачуа
ზურაბ ჩაჩუას ქუჩა,Zurab Chachua Street,улица Зураба Чачуа
ზურაბ ჭავჭავძის ქუჩა,Zurab Chavchavadze Street,улица Зураба Чавчавадзе
ზღვისპირის ქუჩა,Zghvispiris Street,улица Згхвиспирис
თაბორის მთის ქუჩა,Tabori Mta Street,улица Табори Мта
თაბორის ქუჩა,Tabori Street,улица Табори
თაბუკაშვილი რეზოს ქუჩა,Rezo Tabukashvili Street,улица Резо Табукашвили
თავისუფლებას III შესახვევი,Tavisupleba 3rd Lane,3-й переулок Тависуплеба
თავისუფლებას ჩიხი,Tavisupleba Dead End,тупик Тависуплеба
თავისუფლების I შესახვევი,Tavisuplebi 1st Lane,1-й переулок Тависуплеби
თავისუფლების I ჩიხი,Tavisuplebi 1st Dead End,1-й тупик Тависуплеби
თავისუფლების II შესახვევი,Tavisupleba 2nd Lane,2-й переулок Тависуплеба
თავისუფლების აღმართი,Tavisupleba Ascent,подъём Тависуплеба
თავისუფლების მოედანი,Freedom Square,площадь Свободы
თავისუფლების ქუჩა,Tavisupleba Street,улица Тависуплеба
თავკვერის ქუჩა,Tavkveri Street,улица Тавквери
თაკვერის ქუჩა,Takveri Street,улица Таквери
თამაზ ბეჟანიშვილის ქუჩა,Tamaz Bezhanishvili Street,улица Тамаза Бежанишвили
თამაზ ბუაჩიძის ქუჩა,Tamaz Buachidze Street,улица Тамаза Буачидзе
თამაზ გამყრელიძის ქუჩა,Tamaz Gamqrelidze Street,улица Тамаза Гамкрелидзе
თამაზ თოხაძის ქუჩა,Tamaz Tokhadze Street,улица Тамаза Тохадзе
თამაზ კაკულიას ქუჩა,Tamaz Kakulia Street,улица Тамаза Какулия
თამაზ მუჯირიშვილის ქუჩა,Tamaz Mujirishvili Street,улица Тамаза Муджиришвили
თამაზ ნადარეიშვილის ქუჩა,Tamaz Nadareishvili Street,улица Тамаза Надареишвили
თამაზ პაპიაშვილის I გასასვლელი,Tamaz Papiashvili 1st Exit,1-й съезд Тамаза Папиашвили
თამაზ პაპიაშვილის II გასასვლელი,Tamaz Papiashvili 2nd Exit,2-й съезд Тамаза Папиашвили
თამაზ პაპიაშვილის ქუჩა,Tamaz Papiashvili Street,улица Тамаза Папиашвили
თამაზ სეფერთელაძის ქუჩა,Tamaz Seperteladze Street,улица Тамаза Сепертеладзе
თამაზ ტოროშელიძის ქუჩა,Tamaz Toroshelidze Street,улица Тамаза Торошелидзе
თამაზ ძიძიგურის I ჩიხი,Tamaz Dzidziguri 1st Dead End,1-й тупик Тамаза Дзидзигури
თამაზ ძიძიგურის ქუჩა,Tamaz Dzidziguri Street,улица Тамаза Дзидзигури
თამაზ ჭილაძის ქუჩა,Tamaz Chiladze Street,улица Тамаза Чиладзе
თამაზ ხვიტიას ქუჩა,Tamaz Khvitia Street,улица Тамаза Хвития
თამარ აბაკელიას ქუჩა,Tamar Abakelia Street,улица Тамары Абакелии
თამარ და აკაკი პაპავების ქუჩა,Tamar and Akaki Papava Street,улица Тамар и Акаки Папава
თამარ დეკანოსიძის I შესახვევი,Tamar Dekanosidze 1st Lane,1-й переулок Тамар Деканосидзе
თამარ დეკანოსიძის ქუჩა,Tamar Dekanosidze Street,улица Тамар Деканосидзе
თამარ ვახვახიშვილის ქუჩა,Tamar Vakhvakhishvili Street,улица Тамар Вахвахишвили
თამარ მამულაშვილის ქუჩა,Tamar Mamulashvili Street,улица Тамар Мамулашвили
თამარ მეფეს I შესახვევი,Tamar Mepe 1st Lane,1-й переулок Тамар Мепе
თამარ მეფეს I ჩიხი,Tamar Mepe 1st Dead End,1-й тупик Тамар Мепе
თამარ მეფეს II შესახვევი,Tamar Mepe 2nd Lane,2-й переулок Тамар Мепе
თამარ მეფეს III შესახვევი,Tamar Mepe 3rd Lane,3-й переулок Тамар Мепе
თამარ მეფეს IV შესახვევი,Tamar Mepe 4th Lane,4-й переулок Тамар Мепе
თამარ მეფეს V შესახვევი,Tamar Mepe 5th Lane,5-й переулок Тамар Мепе
თამარ მეფეს ქუჩა,Tamar Mepe Street,улица Тамар Мепе
თამარ მეფის I შესახვევი,Tamar Mepe 1st Lane,1-й переулок Тамар Мепе
თამარ მეფის I ჩიხი,Tamar Mepe 1st Dead End,1-й тупик Тамар Мепе
თამარ მეფის II შესახვევი,Tamar Mepe 2nd Lane,2-й переулок Тамар Мепе
თამარ მეფის II ჩიხი,Tamar Mepe 2nd Dead End,2-й тупик Тамар Мепе
თამარ მეფის III შესახვევი,Tamar Mepe 3rd Lane,3-й переулок Тамар Мепе
თამარ მეფის III ჩიხი,Tamar Mepe 3rd Dead End,3-й тупик Тамар Мепе
თამარ მეფის IV შესახვევი,Tamar Mepe 4th Lane,4-й переулок Тамар Мепе
თამარ მეფის IV ჩიხი,Tamar Mepe 4th Dead End,4-й тупик Тамар Мепе
თამარ მეფის V შესახვევი,Tamar Mepe 5th Lane,5-й переулок Тамар Мепе
თამარ მეფის V ჩიხი,Tamar Mepe 5th Dead End,5-й тупик Тамар Мепе
თამარ მეფის VI შესახვევი,Tamar Mepe 6th Lane,6-й переулок Тамар Мепе
თამარ მეფის VII ჩიხი,Tamar Mepe 7th Dead End,7-й тупик Тамар Мепе
თამარ მეფის გამზირი,Tamar Mepe Avenue,проспект Тамар Мепе
თამარ მეფის ქუჩა,Tamar Mepe Street,улица Тамар Мепе
თამარ მეფის ხიდი,Tamar Mepe Bridge,мост Тамар Мепе
თამარ სხირტლაძის ქუჩა,Tamar Skhirtladze Street,улица Тамар Схиртладзе
თამარ ღვალაძის I შესახვევი,Tamar Ghvaladze 1st Lane,1-й переулок Тамар Гваладзе
თამარ ღვალაძის II შესახვევი,Tamar Ghvaladze 2nd Lane,2-й переулок Тамар Гваладзе
თამარ ღვალაძის ქუჩა,Tamar Ghvaladze Street,улица Тамар Гваладзе
თამარ ყუფუნიას ქუჩა,Tamar Qupunia Street,улица Тамар Купуниа
თამარ ჭავჭავაძის ქუჩა,Tamar Chavchavadze Street,улица Николы Теслы
თამარ ჭოველიძის ქუჩა,Tamar Chovelidze Street,улица Тамары Човелидзе
თამარაშენის ქუჩა,Tamarasheni Street,улица Тамарашени
თამარაშენის ჩიხი,Tamarasheni Dead End,тупик Тамарашени
თამარის ქუჩა,Tamari Street,улица Тамари
თამარის ხიდი,Queen Tamara bridge,мост Царицы Тамары
თამრო ვაშლოვნელის ქუჩა,Tamro Vashlovneli Street,улица Тамро Вашловнели
თამუნა დოლიძის ქუჩა,Tamuna Dolidze Street,улица Тамуна Долидзе
თბილისი-კოჯორის გზატკეცილი,Tbilisi-Kojori Highway,шоссе Тбилиси-Коджори
თბილისი-კოჯორის გზატკეცილის I ჩიხი,Tbilisi-Kojori Highway's 1st Dead End,1-й тупик шоссе Тбилиси-Коджори
თბილისი-კოჯორის გზატკეცილის II ჩიხი,Tbilisi-Kojori Highway's 2nd Dead End,2-й тупик шоссе Тбилиси-Коджори
თბილისი-კოჯორის გზატკეცილის III ჩიხი,Tbilisi-Kojori Highway's 3rd Dead End,3-й тупик шоссе Тбилиси-Коджори
თბილისი-კოჯორის გზატკეცილის IV ჩიხი,Tbilisi-Kojori Highway's 4th Dead End,4-й тупик шоссе Тбилиси-Коджори
თბილისი-კოჯორის გზატკეცილის IX ჩიხი,Tbilisi-Kojori Highway's 9th Dead End,9-й тупик шоссе Тбилиси-Коджори
თბილისი-კოჯორის გზატკეცილის V ჩიხი,Tbilisi-Kojori Highway's 5th Dead End,5-й тупик шоссе Тбилиси-Коджори
თბილისი-კოჯორის გზატკეცილის VI ჩიხი,Tbilisi-Kojori Highway's 6th Dead End,6-й тупик шоссе Тбилиси-Коджори
თბილისი-კოჯორის გზატკეცილის VII ჩიხი,Tbilisi-Kojori Highway's 7th Dead End,7-й тупик шоссе Тбилиси-Коджори
თბილისი-კოჯორის გზატკეცილის VIII ჩიხი,Tbilisi-Kojori Highway's 8th Dead End,8-й тупик шоссе Тбилиси-Коджори
თბილისი-კოჯორის გზატკეცილის X ჩიხი,Tbilisi-Kojori Highway's 10th Dead End,10-й тупик шоссе Тбилиси-Коджори
თბილისი-კოჯორის გზატკეცილის XI ჩიხი,Tbilisi-Kojori Highway's 11th Dead End,11-й тупик шоссе Тбилиси-Коджори
თბილისი-კოჯორის გზატკეცილის XII ჩიხი,Tbilisi-Kojori Highway's 12th Dead End,12-й тупик шоссе Тбилиси-Коджори
თბილისი-კოჯორის გზატკეცილის XIII ჩიხი,Tbilisi-Kojori Highway's 13th Dead End,13-й тупик шоссе Тбилиси-Коджори
თბილისი-კოჯორის გზატკეცილის XIV ჩიხი,Tbilisi-Kojori Highway's 14th Dead End,14-й тупик шоссе Тбилиси-Коджори
თბილისი-კოჯორის გზატკეცილის XVI ჩიხი,Tbilisi-Kojori Highway's 16th Dead End,16-й тупик шоссе Тбилиси-Коджори
თბილისი-კოჯორის შესახვევის I ჩიხი,Tbilisi-Kojori Lane's 1st Dead End,1-й переулок шоссе Тбилиси-Коджори
თბილისის I შესახვევი,Tbilisi 1st Lane,1-й Тбилисский переулок
თბილისის I ჩიხი,Tbilisi 1st Dead End,1-й Тбилисский тупик
თბილისის II შესახვევი,Tbilisi 2nd Lane,2-й Тбилисский переулок
თბილისის II ჩიხი,Tbilisi 2nd Dead End,2-й Тбилисский тупик
თბილისის III შესახვევი,Tbilisi 3rd Lane,3-й Тбилисский переулок
თბილისის IV შესახვევი,Tbilisi 4th Lane,4-й Тбилисский переулок
თბილისის IV ჩიხი,Tbilisi 4th Dead End,4-й Тбилисский тупик
თბილისის V შესახვევი,Tbilisi 5th Lane,5-й Тбилисский переулок
თბილისის VI ჩიხი,Tbilisi 6th Dead End,6-й Тбилисский тупик
თბილისის VII ჩიხი,Tbilisi 7th Dead End,7-й Тбилисский тупик
თბილისის VIII ჩიხი,Tbilisi 8th Dead End,8-й Тбилисский тупик
თბილისის ზღვის I შესახვევი,Tbilisis Zghva 1st Lane,1-й переулок Тбилисис Згва
თბილისის ზღვის II შესახვევი,Tbilisis Zghva 2nd Lane,2-й переулок Тбилисис Згва
თბილისის ზღვის III შესახვევი,Tbilisis Zghva 3rd Lane,3-й переулок Тбилисис Згва
თბილისის ზღვის IV შესახვევი,Tbilisis Zghva 4th Lane,4-й переулок Тбилисис Згва
თბილისის ზღვის ქუჩა,Tbilisis Zghva Street,улица Тбилисис Згва
თბილისის ზღვის ჩიხი,Tbilisis Zghva Dead End,тупик Тбилисис Згва
თბილისის მოედანი,Tbilisi Square,Тбилисская площадь
თბილისის ქუჩა,Tbilisi Street,Тбилисская улица
თბილისის შემოსავლელი გზა,Tbilisi Bypass Road,Тбилисская объездная автодорога
თბილისის ჩიხი,Tbilisi Dead End,Тбилисский тупик
თეატრის I შესახვევი,Teatri 1st Lane,1-й переулок Театри
თეატრის ქუჩა,Teatri Street,улица Театри
თედო ჟორდანიას ქუჩა,Tedo Zhordania Street,улица Тедо Жорданиа
თედო რაზიკაშვილის ქუჩა,Tedo Razikashvili Street,улица Тедо Разикашвили
თედო რაზიკაშვილის შესახვევი,Tedo Razikashvili Lane,переулок Тедо Разикашвили
თედო რაზიკაშვილის ჩიხი,Tedo Razikashvili Dead End,тупик Тедо Разикашвили
თედო სახოკიას I შესახვევი,Tedo Sakhokia 1st Lane,1-й переулок Тедо Сахокия
თედო სახოკიას I ჩიხი,Tedo Sakhokia 1st Dead End,1-й тупик Тедо Сахокия
თედო სახოკიას II შესახვევი,Tedo Sakhokia 2nd Lane,2-й переулок Тедо Сахокия
თედო სახოკიას ქუჩა,Tedo Sakhokia Street,улица Тедо Сахокия
თევდორე მღვდელის ქუჩა,Tevdore Mghvdeli Street,улица Тевдоре Мгвдели
თევდორე მღვდლის I ჩიხი,Tevdore Mghvdeli 1st Dead End,1-й тупик Тевдоре Мгвдели
თევდორე მღვდლის II ჩიხი,Tevdore Mghvdeli 2nd Dead End,2-й тупик Тевдоре Мгвдели
თევდორე მღვდლის ქუჩა,Tevdore Mghvdeli Street,улица Тевдоре Мгвдели
თევდორე მღვდლის შესახვევი,Tevdore Mghvdeli Lane,переулок Тевдоре Мгвдели
თევდორე ტირონის I ჩიხი,Tevdore Tironi 1st Dead End,1-й тупик Тевдоре Тирони
თევდორე ტირონის ქუჩა,Tevdore Tironi Street,улица Тевдоре Тирони
თევრათ გორგილაძის ქუჩა,Thevrat Gorgiladze Street,улица Теврата Горгиладзе
თეზამის ქუჩა,Tezami Street,улица Тезами
თეთნულდის I ჩიხი,Tetnuldi 1st Dead End,1-й тупик Тетнулди
თეთნულდის ქუჩა,Tetnuldi Street,улица Тетнулди
თეთრი გიორგის I შესახვევი,Tetri Giorgi 1st Lane,1-й переулок Тетри Гиорги
თეთრი გიორგის I ჩიხი,Tetri Giorgi 1st Dead End,1-й тупик Тетри Гиорги
თეთრი გიორგის II შესახვევი,Tetri Giorgi 2nd Lane,2-й переулок Тетри Гиорги
თეთრი გიორგის II ჩიხი,Tetri Giorgi 2nd Dead End,2-й тупик Тетри Гиорги
თეთრი გიორგის IV ჩიხი,Tetri Giorgi 4th Dead End,4-й тупик Тетри Гиорги
თეთრი გიორგის V ჩიხი,Tetri Giorgi 5th Dead End,5-й тупик Тетри Гиорги
თეთრი გიორგის ქუჩა,Tetri Giorgi Street,улица Тетри Гиорги
თეთრი დუქანის I ჩიხი,Tetri Dukani 1st Dead End,1-й тупик Тетри Дукани
თეთრი დუქანის ქუჩა,Tetri Dukani Street,улица Тетри Дукани
თეთრი ტბის I გასასვლელი,Tetri Tba 1st Exit,1-й съезд Тетри Тба
თეთრი ტბის I ჩიხი,Tetri Tba 1st Dead End,1-й тупик Тетри Тба
თეთრი ტბის ქუჩა,Tetri Tba Street,улица Тетри Тба
თეთრი წყაროს I ჩიხი,Tetri Tsqaro 1st Dead End,1-й тупик Тетри Цкаро
თეთრი წყაროს ქუჩა,Tetri Tsqaro Street,улица Тетри Цкаро
თეთრი ხევის I ჩიხი,Tetri Khevi 1st Dead End,1-й тупик Тетри Хеви
თეთრი ხევის ქუჩა,Tetri Khevi Street,улица Тетри Хеви
თეთრიწყაროს ქუჩა,Tetritsqaro Street,улица Тетрицкаро
თეიმურაზ I-ის ქუჩა,Teimuraz I Street,улица Теймураза I
თეიმურაზ I-ის ქუჩა,Teimuraz I Street,улица Теймураза I
თეიმურაზ ბატონიშვილის II შესახვევი,Teimuraz Batonishvili 2nd Lane,2-й переулок Теимураза Батонишвили
თეიმურაზ ბატონიშვილის ქუჩა,Teimuraz Batonishvili Street,улица Теимураза Батонишвили
თეიმურაზ ბერიძის I შესახვევი,Teimuraz Beridze 1st Lane,1-й переулок Теимураза Беридзе
თეიმურაზ ბერიძის I ჩიხი,Teimuraz Beridze 1st Dead End,1-й тупик Теимураза Беридзе
თეიმურაზ ბერიძის II ჩიხი,Teimuraz Beridze 2nd Dead End,2-й тупик Теимураза Беридзе
თეიმურაზ ბერიძის ქუჩა,Teimuraz Beridze Street,улица Теймураза Беридзе
თეიმურაზ ბოჭორიშვილის I გასასვლელი,Teimuraz Bochorishvili 1st Exit,1-й съезд Теимураза Бочоришвили
თეიმურაზ ბოჭორიშვილის I ჩიხი,Teimuraz Bochorishvili 1st Dead End,1-й тупик Теимураза Бочоришвили
თეიმურაზ ბოჭორიშვილის II ჩიხი,Teimuraz Bochorishvili 2nd Dead End,2-й тупик Теимураза Бочоришвили
თეიმურაზ ბოჭორიშვილის ქუჩა,Teimuraz Bochorishvili Street,улица Теимураза Бочоришвили
თეიმურაზ ჩირგაძის ქუჩა,Teimuraz Chirgadze Street,улица Теймураза Чиргадзе
თეკლა ბატონიშვილის ქუჩა,Tekla Batonishvili Street,улица Теклы Батонишвили
თეკლათის ქუჩა,Teklati Street,улица Теклати
თელავის ქუჩა,Telavi Street,Телавская улица
თელავის შესახვევი,Telavi Lane,Телавский переулок
თელავის ჩიხი,Telavi Dead End,Телавский тупик
თელეთის I შესახვევი,Teleti 1st Lane,1-й переулок Телети
თელეთის II შესახვევი,Teleti 2nd Lane,2-й переулок Телети
თელეთის III შესახვევი,Teleti 3rd Lane,3-й переулок Телети
თელეთის ქუჩა,Teleti Street,улица Телети
თელეთის ჩიხი,Teleti Dead End,тупик Телети
თემურ ვაწაძის ქუჩა,Temur Vatsadze Street,улица Темура Вацадзе
თემურ სამხარაძის I ჩიხი,Temur Samkharadze 1st Dead End,1-й тупик Темура Самхарадзе
თემურ სამხარაძის ქუჩა,Temur Samkharadze Street,улица Темура Самхарадзе
თემურ ფალავანდიშვილის ქუჩა,Temur Palavandishvili Street,улица Темура Палавандишвили
თემურ ფიფიას ქუჩა,Temur Pipia Street,улица Темура Пипия
თემურ ფიჩხაიას ქუჩა,Temur Pichkhaia Street,улица Темура Пичхаия
თემურ ქევხიშვილის I ჩიხი,Temur Kevkhishvili 1st Dead End,1-й тупик Темура Кевхишвили
თემურ ქევხიშვილის ქუჩა,Temur Kevkhishvili Street,улица Темура Кевхишвили
თენგიზ აბულაძის I ჩიხი,Tengiz Abuladze 1st Dead End,1-й тупик Тенгиза Абуладзе
თენგიზ აბულაძის ქუჩა,Tengiz Abuladze Street,улица Тенгиза Абуладзе
თენგიზ ახმეტელის ქუჩა,Tengiz Akhmeteli Street,улица Тенгиза Ахметели
თენგიზ ბარამიძის ქუჩა,Tengiz Baramidze Street,улица Тенгиза Барамидзе
თენგიზ ბუაჩიძის ქუჩა,Tengiz Buachidze Street,улица Тенгиза Буачидзе
თენგიზ გაზდელიანის I შესახვევი,Tengiz Gazdeliani 1st Lane,1-й переулок Тенгиза Газделиани
თენგიზ გაზდელიანის ქუჩა,Tengiz Gazdeliani Street,улица Тенгиза Газделиани
თენგიზ მაქაცარიას ქუჩა,Tengiz Makatsaria Street,улица Тенгиза Макацария
თენგიზ სტურუას ქუჩა,Tengiz Sturua Street,улица Тенгиза Стуруа
თენგიზ შეშელიძის ქუჩა,Tengiz Sheshelidze Street,улица Тенгиза Шешелидзе
თენგიზ ჩანტლაძის I შესახვევი,Tengiz Chantladze 1st Lane,1-й переулок Тенгиза Чантладзе
თენგიზ ჩანტლაძის II შესახვევი,Tengiz Chantladze 2nd Lane,2-й переулок Тенгиза Чантладзе
თენგიზ ჩანტლაძის III ჩიხი,Tengiz Chantladze 3rd Dead End,3-й тупик Тенгиза Чантладзе
თენგიზ ჩანტლაძის IV ჩიხი,Tengiz Chantladze 4th Dead End,4-й тупик Тенгиза Чантладзе
თენგიზ ჩანტლაძის ქუჩა,Tengiz Chantladze Street,улица Тенгиза Чантладзе
თენგიზ ჩანტლაძის ჩიხი,Tengiz Chantladze Dead End,тупик Тенгиза Чантладзе
თეოდორე მხატვრის I ჩიხი,Teodore Mkhatvri 1st Dead End,1-й тупик Теодоре Мхатври
თეოდორე მხატვრის ქუჩა,Teodore Mkhatvri Street,улица Теодоре Мхатври
თეოფანე დავითაიას ქუჩა,Feofan Davitaia Street,улица Феофана Давитаия
თერგის I ჩიხი,Tergi 1st Dead End,1-й тупик Терги
თერგის II ჩიხი,Tergi 2nd Dead End,2-й тупик Терги
თერგის III ჩიხი,Tergi 3rd Dead End,3-й тупик Терги
თერგის ქუჩა,Tergi Street,улица Терги
თერჯოლის ქუჩა,Terjola Street,улица Терджола
თიანეთის I შესახვევი,Tianeti 1st Lane,1-й переулок Тианети
თიანეთის II შესახვევი,Tianeti 2nd Lane,2-й переулок Тианети
თიანეთის გზატკეცილი,Tianeti Highway,шоссе Тианети
თიანეთის ქუჩა,Tianeti Street,улица Тианети
თინა ენუქიძის I შესახვევი,Tina Enukidze 1st Lane,1-й переулок Тины Энукидзе
თინა ენუქიძის II შესახვევი,Tina Enukidze 2nd Lane,2-й переулок Тины Энукидзе
თინა ენუქიძის III შესახვევი,Tina Enukidze 3rd Lane,3-й переулок Тины Энукидзе
თინა ენუქიძის IV შესახვევი,Tina Enukidze 4th Lane,4-й переулок Тины Энукидзе
თინა ენუქიძის ქუჩა,Tina Enukidze Street,улица Тины Энукидзе
თინა იოსებიძის ქუჩა,Tina Iosebidze Street,улица Тины Иосебидзе
თინა წავკისელის I ჩიხი,Tina Tsavkiseli 1st Dead End,1-й тупик Тины Цавкисели
თინა წავკისელის II ჩიხი,Tina Tsavkiseli 2nd Dead End,2-й тупик Тины Цавкисели
თინა წავკისელის III ჩიხი,Tina Tsavkiseli 3rd Dead End,3-й тупик Тины Цавкисели
თინა წავკისელის IV ჩიხი,Tina Tsavkiseli 4th Dead End,4-й тупик Тины Цавкисели
თინა წავკისელის ქუჩა,Tina Tsavkiseli Street,улица Тины Цавкисели
თინათინ ვირსალაძის ქუჩა,Tinatin Virsaladze Street,улица Тинатина Вирсаладзе
თინათინის ქუჩა,Tinatini Street,улица Тинатини
თიხის შესახვევი,Tikhi Lane,переулок Тихи
თლუღის ქუჩა,Tlughi Street,улица Тлуги
თმოგვის I გასასვლელი,Tmogvi 1st Exit,1-й съезд Тмогви
თმოგვის ქუჩა,Tmogvi Street,улица Тмогви
თმოგვის ჩიხი,Tmogvi Dead End,тупик Тмогви
თოლენჯის ქუჩა,Tolenji Street,улица Толенджи
თონეთის მოედანი,Jerusalem Square,Иерусалимская площадь
თორის II შესახვევი,Tori 2nd Lane,2-й переулок Тори
თორის ქუჩა,Tori Street,улица Тори
თორნიკე ერისთავის ქუჩა,Tornike Eristavi Street,улица Торнике Эристави
თორნიკე ერისთავის ჩიხი,Tornike Eristavi Dead End,тупик Торнике Эристави
თორნიკე ქურდაძის ქუჩა,Tornike Kurdadze Street,улица Торнике Курдадзе
თრიალეთის I ჩიხი,Trialeti 1st Dead End,1-й тупик Триалети
თრიალეთის ქუჩა,Trialeti Street,улица Триалети
თუთის ქუჩა,Tuta Street,улица Тута
თურაშაულის I ჩიხი,Turashauli 1st Dead End,1-й тупик Турашаули
თურაშაულის ქუჩა,Turashauli Street,улица Турашаули
თხინვალას I გასასვლელი,Tkhinvala 1st Exit,1-й съезд Тхинвала
თხინვალას II გასასვლელი,Tkhinvala 2nd Exit,2-й съезд Тхинвала
თხინვალას ქუჩა,Tkhinvala Street,улица Тхинвала
ია ეკალაძის ქუჩა,Ia Ekaladze Street,улица Ии Экаладзе
ია კარგარეთელის ქუჩა,Ia Kargareteli Street,улица Ии Каргаретели
იაგო ზარქუას ქუჩა,Iago Zarkua Street,улица Иаго Заркуа
იაგო ზარქუას ჩიხი,Iago Zarkua Dead End,тупик Иаго Заркуа
იაკინთე ლისაშვილის გასასვლელი,Iakinte Lisashvili Exit,съезд Иакинте Лисашвили
იაკინთე ლისაშვილის ქუჩა,Iakinte Lisashvili Street,улица Иакинте Лисашвили
იაკინთე ლისაშვილის შესახვევი,Iakinte Lisashvili Lane,переулок Иакинте Лисашвили
იაკობ გოგებაშვილის I გასასვლელი,Iakob Gogebashvili 1st Exit,1-й съезд Якова Гогебашвили
იაკობ გოგებაშვილის I შესახვევი,Iakob Gogebashvili 1st Lane,1-й переулок Якова Гогебашвили
იაკობ გოგებაშვილის II შესახვევი,Iakob Gogebashvili 2nd Lane,2-й переулок Якова Гогебашвили
იაკობ გოგებაშვილის III შესახვევი,Iakob Gogebashvili 3rd Lane,3-й переулок Якова Гогебашвили
იაკობ გოგებაშვილის II გასასვლელი,Iakob Gogebashvili 2nd Exit,2-й съезд Якова Гогебашвили
იაკობ გოგებაშვილის II ჩიხი,Iakob Gogebashvili 2nd Dead End,2-й тупик Якова Гогебашвили
იაკობ გოგებაშვილის III ჩიხი,Iakob Gogebashvili 3rd Dead End,3-й тупик Якова Гогебашвили
იაკობ გოგებაშვილის ქუჩა,Iakob Gogebashvili Street,улица Якова Гогебашвили
იაკობ ნიკოლაძის ქუჩა,Iakob Nikoladze Street,улица Якова Николадзе
იაკობ რაინგესის ქუჩა,Iakob Raingesi Street,улица Якова Раингеси
იაკობ ტრიპოლსკის ქუჩა,Iakob Tripolski Street,улица Якова Триполски
იაკობ ცურტაველის I შესახვევი,Iakob Tsurtaveli 1st Lane,1-й переулок Якова Цуртавели
იაკობ ცურტაველის ქუჩა,Iakob Tsurtaveli Street,улица Якова Цуртавели
იაკობ ცურტაველის შესახვევი,Iakob Tsurtaveli Lane,переулок Якова Цуртавели
იაკობ ხვედელიანის ქუჩა,Iakob Khvedeliani Street,улица Якова Хведелиани
იაკობ ჯუღაშვილის ქუჩა,Yakov Dzhugashvili Street,улица Якова Джугашвили
იაკობის ქუჩა,Iakobi Street,улица Иакоби
იალბუზის ქუჩა,Ialbuzi Street,улица Иалбузи
იალნოს I შესახვევი,Ialno 1st Lane,1-й переулок Иално
იალნოს II შესახვევი,Ialno 2nd Lane,2-й переулок Иално
იალნოს III შესახვევი,Ialno 3rd Lane,3-й переулок Иално
იალნოს IV შესახვევი,Ialno 4th Lane,4-й переулок Иално
იალნოს V შესახვევი,Ialno 5th Lane,5-й переулок Иално
იალნოს VI შესახვევი,Ialno 6th Lane,6-й переулок Иално
იალნოს ქუჩა,Ialno Street,улица Иално
იან პრიბილის ქუჩა,Ian Pribila Street,улица Яна Прибила
იან ჰომერის ქუჩა,Ian Homer Street,Ян Гомер Стрит
იაროსლავსკის ქუჩა,Iaroslavski Street,улица Иарославски
იასამნის ქუჩა,Iasamni Street,улица Иасамни
იასე შაქარიშვილის ქუჩა,Iase Shakarishvili Street,улица Иасе Шакаришвили
იასონ ლორთქიფანიძის ქუჩა,Iason Lortkipanidze Street,улица Ясона Лордкипанидзе
იაღლუჯას ქუჩა,Iaghluja Street,улица Иаглуджа
იბერიას ქუჩა,Iberia Street,улица Иберия
იბრაჰიმ ისფაჰანლის ქუჩა,Ibrahim Ispahanli Street,улица Ибрахима Испаханли
იგოთის I შესახვევი,Igoti 1st Lane,1-й переулок Иготи
იგოთის I ჩიხი,Igoti 1st Dead End,1-й тупик Иготи
იგოთის II ჩიხი,Igoti 2nd Dead End,2-й тупик Иготи
იგოთის III ჩიხი,Igoti 3rd Dead End,3-й тупик Иготи
იგოთის IV ჩიხი,Igoti 4th Dead End,4-й тупик Иготи
იგოთის ქუჩა,Igoti Street,улица Иготи
იგორ ტყემალაძის ქუჩა,Igor Tqemaladze Street,улица Игоря Ткемаладзе
იდუმალას ქუჩა,Idumala Street,улица Идумала
იების I შესახვევი,Iebi 1st Lane,1-й переулок Иеби
იების II შესახვევი,Iebi 2nd Lane,2-й переулок Иеби
იების ქუჩა,Iebi Street,улица Иеби
იეთიმ გურჯის I შესახვევი,Ietim Gurji 1st Lane,1-й переулок Иетима Гурджи
იეთიმ გურჯის I ჩიხი,Ietim Gurji 1st Dead End,1-й тупик Иетима Гурджи
იეთიმ გურჯის ქუჩა,Ietim Gurji Street,улица Иетима Гурджи
იეთიმ გურჯის ჩიხი,Ietim Gurji Dead End,тупик Иетим Гурджи
იერუსალიმის ქუჩა,Jerusalem Street,Иерусалимская улица
იერუშალაიმის ქუჩა,Jerusalem Street,Иерусалимская улица
ივან ტურგენევის ქუჩა,Ivan Turgenev Street,улица Ивана Тургенева
ივან ტურგენევის ჩიხი,Ivan Turgenev Dead End,тупик Ивана Тургенева
ივანე ანდრონიკაშვილის I შესახვევი,Ivane Andronikashvili 1st Lane,1-й переулок Иване Андроникашвили
ივანე ანდრონიკაშვილის ქუჩა,Ivane Andronikashvili Street,улица Иване Андроникашвили
ივანე ბერიტაშვილის I შესახვევი,Ivane Beritashvili 1st Lane,1-й переулок Иване Бериташвили
ივანე ბერიტაშვილის I ჩიხი,Ivane Beritashvili 1st Dead End,1-й тупик Иване Бериташвили
ივანე ბერიტაშვილის II ჩიხი,Ivane Beritashvili 2nd Dead End,2-й тупик Иване Бериташвили
ივანე ბერიტაშვილის III შესახვევი,Ivane Beritashvili 3rd Lane,3-й переулок Иване Бериташвили
ივანე ბერიტაშვილის IV შესახვევი,Ivane Beritashvili 4th Lane,4-й переулок Иване Бериташвили
ივანე ბერიტაშვილის ქუჩა,Ivane Beritashvili Street,улица Иване Бериташвили
ივანე გვარამიძის ქუჩა,Ivane Gvaramidze Street,улица Иване Гварамидзе
ივანე გოკიელის ქუჩა,Ivane Gokieli Street,улица Иване Гокиели
ივანე და ალექსანდრე ნიკურაძეების ქუჩა,Ivane and Aleksandre Nikuradze Street,улица Иване и Александре Никурадзе
ივანე ვნუკოვის ქუჩა,Ivan Vnukov Street,улица Ивана Внукова
ივანე თარხნიშვილის გასასვლელი,Ivane Tarkhnishvili Exit,съезд Иване Тархнишвили
ივანე თარხნიშვილის ქუჩა,Ivane Tarkhnishvili Street,улица Иване Тархнишвили
ივანე თარხნიშვილის ჩიხი,Ivane Tarkhnishvili Dead End,тупик Иване Тархнишвили
ივანე იუმაშევის ქუჩა,Ivan Yumashev Street,улица Ивана Юмашева
ივანე კაჭარავას I შესახვევი,Ivane Kacharava 1st Lane,1-й переулок Иване Качарава
ივანე კაჭარავას I ჩიხი,Ivane Kacharava 1st Dead End,1-й тупик Иване Качарава
ივანე კაჭარავას ქუჩა,Ivane Kacharava Street,улица Иване Качарава
ივანე კერესელიძის ქუჩა,Ivane Kereselidze Street,улица Иване Кереселидзе
ივანე კრილოვის ქუჩა,Ivan Krylov Street,улица Ивана Крылова
ივანე მაჩაბელის ქუჩა,Ivane Machabeli Street,улица Ивана Мачабели
ივანე მაჩაბლის I შესახვევი,Ivane Machabeli 1st Lane,1-й переулок Ивана Мачабели
ივანე მაჩაბლის I ჩიხი,Ivane Machabeli 1st Dead End,1-й тупик Ивана Мачабели
ივანე მაჩაბლის II შესახვევი,Ivane Machabeli 2nd Lane,2-й переулок Ивана Мачабели
ივანე მაჩაბლის ქუჩა,Ivane Machabeli Street,улица Ивана Мачабели
ივანე მაჩაბლის ჩიხი,Ivane Machabeli Dead End,тупик Ивана Мачабели
ივანე მესხის I შესახვევი,Ivane Meskhi 1st Lane,1-й переулок Иване Месхи
ივანე მესხის I ჩიხი,Ivane Meskhi 1st Dead End,1-й тупик Иване Месхи
ივანე მესხის II ჩიხი,Ivane Meskhi 2nd Dead End,2-й тупик Иване Месхи
ივანე მესხის III ჩიხი,Ivane Meskhi 3rd Dead End,3-й тупик Иване Месхи
ივანე მესხის V ჩიხი,Ivane Meskhi 5th Dead End,5-й тупик Иване Месхи
ივანე მესხის ქუჩა,Ivane Meskhi Street,улица Иване Месхи
ივანე მიჩურინის ქუჩა,Ivan Michurin Street,улица Ивана Мичурина
ივანე როსტომაშვილის ქუჩა,Ivane Rostomashvili Street,улица Иване Ростомашвили
ივანე სარიშვილის ქუჩა,Ivane Sarishvili Street,улица Иване Саришвили
ივანე სიხარულიძის ქუჩა,Ivane Sikharulidze Street,улица Иване Сихарулидзе
ივანე ტურგენევის ქუჩა,Ivan Turgenev Street,улица Ивана Тургенева
ივანე ფრანგულიანის ქუჩა,Ivane Pranguliani Street,улица Иване Прангулиани
ივანე ჯავახიშვილის I შესახვევი,Ivane Javakhishvili 1st Lane,1-й переулок Ивана Джавахишвили
ივანე ჯავახიშვილის I ჩიხი,Ivane Javakhishvili 1st Dead End,1-й тупик Ивана Джавахишвили
ივანე ჯავახიშვილის II შესახვევი,Ivane Javakhishvili 2nd Lane,2-й переулок Ивана Джавахишвили
ივანე ჯავახიშვილის II ჩიხი,Ivane Javakhishvili 2nd Dead End,2-й тупик Ивана Джавахишвили
ივანე ჯავახიშვილის III ჩიხი,Ivane Javakhishvili 3rd Dead End,3-й тупик Ивана Джавахишвили
ივანე ჯავახიშვილის მოედანი,Ivane Javakhishvili Square,площадь Ивана Джавахишвили
ივანე ჯავახიშვილის ქუჩა,Ivane Javakhishvili Street,улица Ивана Джавахишвили
ივერთუბნის I გასასვლელი,Ivertubani 1st Exit,1-й съезд Ивертубани
ივერთუბნის I ჩიხი,Ivertubani 1st Dead End,1-й тупик Ивертубани
ივერთუბნის ქუჩა,Ivertubani Street,улица Ивертубани
ივერი ფრანგიშვილის I ჩიხი,Iveri Prangishvili 1st Dead End,1-й тупик Ивери Прангишвили
ივერი ფრანგიშვილის II გასასვლელი,Iveri Prangishvili 2nd Exit,2-й съезд Ивери Прангишвили
ივერი ფრანგიშვილის II ჩიხი,Iveri Prangishvili 2nd Dead End,2-й тупик Ивери Прангишвили
ივერი ფრანგიშვილის III გასასვლელი,Iveri Prangishvili 3rd Exit,3-й съезд Ивери Прангишвили
ივერი ფრანგიშვილის IV გასასვლელი,Iveri Prangishvili 4th Exit,4-й съезд Ивери Прангишвили
ივერი ფრანგიშვილის ქუჩა,Iveri Prangishvili Street,улица Ивери Прангишвили
ივერიას ქუჩა,Iveria Street,улица Иверия
ივერიას ჩიხი,Iveria Dead End,тупик Иверия
ივრეთის ქუჩა,Ivreti Street,улица Иврети
იზანი ცერცვაძის ქუჩა,Izani Tsertsvadze Street,улица Изани Церцвадзе
იკორთის ქუჩა,Ikorti Street,улица Икорти
ილია აბულაძის I შესახვევი,Ilia Abuladze 1st Lane,1-й переулок Ильи Абуладзе
ილია აბულაძის ქუჩა,Ilia Abuladze Street,улица Ильи Абуладзе
ილია ანთელავას ქუჩა,Ilia Antelava Street,улица Илии Антелава
ილია ბაბუცაძის ქუჩა,Ilia Babutsadze Street,улица Ильи Бабуцадзе
ილია ბახტაძის I შესახვევი,Ilia Bakhtadze 1st Lane,1-й переулок Илии Бахтадзе
ილია ბახტაძის ქუჩა,Ilia Bakhtadze Street,улица Илии Бахтадзе
ილია და ნინო ნაკაშიძეების ქუჩა,Ilia and Nino Nakashidze Street,улица Илии и Нино Накашидзе
ილია ვეკუას ქუჩა,Ilia Vekua Street,улица Ильи Векуа
ილია ნიჟარაძის ქუჩა,Ilia Nizharadze Street,улица Илии Нижарадзе
ილია ოდიშელიძის II ჩიხი,Ilia Odishelidze 2nd Dead End,2-й тупик Илии Одишелидзе
ილია ოდიშელიძის ქუჩა,Ilia Odishelidze Street,улица Илии Одишелидзе
ილია სუხიშვილის ქუჩა,Ilia Sukhishvili Street,улица Ильи Сухишвили
ილია შეყლაშვილის I ჩიხი,Ilia Sheqlashvili 1st Dead End,1-й тупик Ильи Шеклашвили
ილია შეყლაშვილის ქუჩა,Ilia Sheqlashvili Street,улица Ильи Шеклашвили
ილია ჭავჭავაძის I შესახვევი,Ilia Chavchavadze 1st Lane,1-й переулок Ильи Чавчавадзе
ილია ჭავჭავაძის I ჩიხი,Ilia Chavchavadze 1st Dead End,1-й тупик Илии Чавчавадзе
ილია ჭავჭავაძის II შესახვევი,Ilia Chavchavadze 2nd Lane,2-й переулок Ильи Чавчавадзе
ილია ჭავჭავაძის II ჩიხი,Ilia Chavchavadze 2nd Dead End,2-й тупик Илии Чавчавадзе
ილია ჭავჭავაძის III შესახვევი,Ilia Chavchavadze 3rd Lane,3-й переулок Ильи Чавчавадзе
ილია ჭავჭავაძის III ჩიხი,Ilia Chavchavadze 3rd Dead End,3-й тупик Илии Чавчавадзе
ილია ჭავჭავაძის IV ჩიხი,Ilia Chavchavadze 4th Dead End,4-й тупик Илии Чавчавадзе
ილია ჭავჭავაძის V ჩიხი,Ilia Chavchavadze 5th Dead End,5-й тупик Илии Чавчавадзе
ილია ჭავჭავაძის VI ჩიხი,Ilia Chavchavadze 6th Dead End,6-й тупик Илии Чавчавадзе
ილია ჭავჭავაძის გამზირი,Ilia Chavchavadze Avenue,проспект Ильи Чавчавадзе
ილია ჭავჭავაძის ქუჩა,Ilia Chavchavadze Street,улица Илии Чавчавадзе
ილია ჭავჭავაძის ჩიხი,Ilia Chavchavadze Dead End,тупик Илии Чавчавадзе
ილიას ქუჩა,Ilia Street,улица Илиа
ილიკო სუხიშვილის I ჩიხი,Iliko Sukhishvili 1st Dead End,1-й тупик Илико Сухишвили
ილიკო სუხიშვილის II ჩიხი,Iliko Sukhishvili 2nd Dead End,2-й тупик Илико Сухишвили
ილიკო სუხიშვილის ქუჩა,Iliko Sukhishvili Street,улица Илико Сухишвили
ილიკო ქურხულის ქუჩა,Iliko Kurkhuli Street,улица Илико Курхули
ილიკო ქურხულის შესახვევი,Iliko Kurkhuli Lane,переулок Илико Курхули
ილო მოსაშვილის I შესახვევი,Ilo Mosashvili 1st Lane,1-й переулок Ило Мосашвили
ილო მოსაშვილის II შესახვევი,Ilo Mosashvili 2nd Lane,2-й переулок Ило Мосашвили
ილო მოსაშვილის ქუჩა,Ilo Mosashvili Street,улица Ило Мосашвили
ილორის ქუჩა,Ilori Street,улица Илори
იმედა კახნიაშვილის ქუჩა,Imeda Kakhniashvili Street,улица Имеда Кахниашвили
იმედი გოროზიას ქუჩა,Imedi Gorozia Street,улица Имеди Горозия
იმედი გოროზიას ჩიხი,Imedi Gorozia Dead End,тупик Имеди Горозия
იმერეთის I შესახვევი,Imereti 1st Lane,1-й переулок Имерети
იმერეთის I ჩიხი,Imereti 1st Dead End,1-й тупик Имерети
იმერეთის II ჩიხი,Imereti 2nd Dead End,2-й тупик Имерети
იმერეთის ქუჩა,Imereti Street,улица Имерети
იმერხევის I ჩიხი,Imerkhevi 1st Dead End,1-й тупик Имерхеви
იმერხევის ქუჩა,Imerkhevi Street,улица Имерхеви
ინაშვილის ქუჩა,Inashvili Street,улица Инашвили
ინგა გვასალიას ქუჩა,Inga Gvasalia Street,улица Инги Гвасалия
ინგუშეთის I შესახვევი,Ingusheti 1st Lane,1-й переулок Ингушети
ინგუშეთის I ჩიხი,Ingusheti 1st Dead End,1-й тупик Ингушети
ინგუშეთის ქუჩა,Ingusheti Street,улица Ингушети
ინოვაციების ქუჩა,Inovatsiebi Street,улица Иновациеби
ინოლა გურგულიანის ქუჩა,Inola Gurguliani Street,улица Инола Гургулиани
ინოლა გურგულიას I ჩიხი,Inola Gurgulia 1st Dead End,1-й тупик Инолы Гургулия
ინოლა გურგულიას ქუჩა,Inola Gurgulia Street,улица Инолы Гургулия
ინტერნატის ქუჩა,Internati Street,улица Интернати
ინტერნატის შესახვევი,Internati Lane,переулок Интернати
იოაკიმე და ანას ქუჩა,Ioakime Da Ana Street,улица Иоакиме Да Ана
იოანე ბატონიშვილის ქუჩა,Ioane Batonishvili Street,улица Иоане Батонишвили
იოანე ლაზის I შესახვევი,Ioane Lazi 1st Lane,1-й переулок Иоане Лази
იოანე ლაზის ქუჩა,Ioane Lazi Street,улица Иоане Лази
იოანე პეტრიწის ქუჩა,Ioane Petritsi Street,улица Иоане Петрици
იოანე საბანისძის ქუჩა,Ioane Sabanisdze Street,улица Иоане Сабанисдзе
იოანე შავთელის დაღმართი,Ioan Shavteli Descent,спуск Иоана Шавтели
იოანე შავთელის ქუჩა,Ioan Shavteli Street,улица Иоана Шавтели
იოანე შავთელის შესახვევი,Ioan Shavteli Lane,переулок Иоана Шавтели
იოანე-ზოსიმეს ქუჩა,John Zosimus Street,улица Иоанна-Зосима
იოველ ქუთათელაძის ქუჩა,Iovel Kutateladze Street,улица Иовела Кутателадзе
იოველ ჯებაშვილის I გასასვლელი,Iovel Jebashvili 1st Exit,1-й съезд Иовела Джебашвили
იოველ ჯებაშვილის ქუჩა,Iovel Jebashvili Street,улица Иовела Джебашвили
იოთამ ზედგენიძის I ჩიხი,Iotam Zedgenidze 1st Dead End,1-й тупик Иотама Зедгенидзе
იოთამ ზედგენიძის ქუჩა,Iotam Zedgenidze Street,улица Иотама Зедгенидзе
იონა ვაკელის ქუჩა,Iona Vakeli Street,улица Ионы Вакели
იონა მეუნარგიას ქუჩა,Iona Meunargia Street,улица Ионы Меунаргия
იონა მეუნარგიას შესახვევი,Iona Meunargia Lane,переулок Ионы Меунаргия
იონა ტუსკიას ქუჩა,Iona Tuskia Street,улица Иона Туския
იორდან მეტაქსას ქუჩა,Iordan Metaxa Street,улица Иордана Метакса
იორის I შესახვევი,Iori 1st Lane,1-й переулок Иори
იორის II შესახვევი,Iori 2nd Lane,2-й переулок Иори
იორის ქუჩა,Iori Street,улица Иори
იორის შესახვევი,Iori Lane,переулок Иори
იორის ჩიხი,Iori Dead End,тупик Иори
იოსებ (სოსო) გაბაშვილის ქუჩა,Ioseb (Soso) Gabashvili Street,улица Иосеба (Сосо) Габашвили
იოსებ აბაკელიას ქუჩა,Ioseb Abakelia Street,улица Иосеба Абакелия
იოსებ ალავერდელის ქუჩა,Ioseb Alaverdeli Street,улица Иосеба Алавердели
იოსებ ალიმბარაშვილის ქუჩა,Ioseb Alimbarashvili Street,улица Иосеба Алимбарашвили
იოსებ ასლანიშვილის I ჩიხი,Ioseb Aslanishvili 1st Dead End,1-й тупик Иосеба Асланишвили
იოსებ ასლანიშვილის ქუჩა,Ioseb Aslanishvili Street,улица Иосеба Асланишвили
იოსებ ბაქრაძის I ჩიხი,Ioseb Bakradze 1st Dead End,1-й тупик Иосеба Бакрадзе
იოსებ ბაქრაძის ქუჩა,Ioseb Bakradze Street,улица Иосеба Бакрадзе
იოსებ გოგებაშვილის I ჩიხი,Ioseb Gogebashvili 1st Dead End,1-й тупик Иосеба Гогебашвили
იოსებ გოგებაშვილის ქუჩა,Ioseb Gogebashvili Street,улица Иосеба Гогебашвили
იოსებ გოგებაშვილის ჩიხი,Ioseb Gogebashvili Dead End,тупик Иосифа Гогебашвили
იოსებ გრიშაშვილის I შესახვევი,Ioseb Grishashvili 1st Lane,1-й переулок Иосеба Гришашвили
იოსებ გრიშაშვილის I ჩიხი,Ioseb Grishashvili 1st Dead End,1-й тупик Иосеба Гришашвили
იოსებ გრიშაშვილის II ჩიხი,Ioseb Grishashvili 2nd Dead End,2-й тупик Иосеба Гришашвили
იოსებ გრიშაშვილის III ჩიხი,Ioseb Grishashvili 3rd Dead End,3-й тупик Иосеба Гришашвили
იოსებ გრიშაშვილის IV ჩიხი,Ioseb Grishashvili 4th Dead End,4-й тупик Иосеба Гришашвили
იოსებ გრიშაშვილის V ჩიხი,Ioseb Grishashvili 5th Dead End,5-й тупик Иосеба Гришашвили
იოსებ გრიშაშვილის ქუჩა,Ioseb Grishashvili Street,улица Иосеба Гришашвили
იოსებ გრიშაშვილის ჩიხი,Ioseb Grishashvili Dead-End,тупик Иосифа Гришашвили
იოსებ და ლეონ ორბელების ქუჩა,Ioseb and Leon Orbeli Street,улица Иосеба и Леона Орбели
იოსებ დავითაშვილის ქუჩა,Ioseb Davitashvili Street,улица Иосифа Давиташвили
იოსებ იმედაშვილის ქუჩა,Ioseb Imedashvili Street,улица Иосеба Имедашвили
იოსებ იმედაშვილის შესახვევი,Ioseb Imedashvili Lane,переулок Иосеба Имедашвили
იოსებ იმედაშვილის ჩიხი,Ioseb Imedashvili Dead End,тупик Иосифа Имедашвили
იოსებ კეჭაყმაძის I გასასვლელი,Ioseb Kechaqmadze 1st Exit,1-й съезд Иосеба Кечакмадзе
იოსებ კეჭაყმაძის I შესახვევი,Ioseb Kechaqmadze 1st Lane,1-й переулок Иосеба Кечакмадзе
იოსებ კეჭაყმაძის I ჩიხი,Ioseb Kechaqmadze 1st Dead End,1-й тупик Иосеба Кечакмадзе
იოსებ კეჭაყმაძის II გასასვლელი,Ioseb Kechaqmadze 2nd Exit,2-й съезд Иосеба Кечакмадзе
იოსებ კეჭაყმაძის II შესახვევი,Ioseb Kechaqmadze 2nd Lane,2-й переулок Иосеба Кечакмадзе
იოსებ კეჭაყმაძის II ჩიხი,Ioseb Kechaqmadze 2nd Dead End,2-й тупик Иосеба Кечакмадзе
იოსებ კეჭაყმაძის III გასასვლელი,Ioseb Kechaqmadze 3rd Exit,3-й съезд Иосеба Кечакмадзе
იოსებ კეჭაყმაძის III შესახვევი,Ioseb Kechaqmadze 3rd Lane,3-й переулок Иосеба Кечакмадзе
იოსებ კეჭაყმაძის IV გასასვლელი,Ioseb Kechaqmadze 4th Exit,4-й съезд Иосеба Кечакмадзе
იოსებ კეჭაყმაძის IV შესახვევი,Ioseb Kechaqmadze 4th Lane,4-й переулок Иосеба Кечакмадзе
იოსებ კეჭაყმაძის V შესახვევი,Ioseb Kechaqmadze 5th Lane,5-й переулок Иосеба Кечакмадзе
იოსებ კეჭაყმაძის ქუჩა,Ioseb Kechaqmadze Street,улица Иосеба Кечакмадзе
იოსებ კვაჭაძის ქუჩა,Ioseb Kvachadze Street,улица Иосеба Квачадзе
იოსებ მანსვეტაშვილის I შესახვევი,Ioseb Mansvetashvili 1st Lane,1-й переулок Иосеба Мансветашвили
იოსებ მანსვეტაშვილის II შესახვევი,Ioseb Mansvetashvili 2nd Lane,2-й переулок Иосеба Мансветашвили
იოსებ მანსვეტაშვილის III შესახვევი,Ioseb Mansvetashvili 3rd Lane,3-й переулок Иосеба Мансветашвили
იოსებ მანსვეტაშვილის ქუჩა,Ioseb Mansvetashvili Street,улица Иосеба Мансветашвили
იოსებ ნანეიშვილის ქუჩა,Ioseb Naneishvili Street,улица Иосифа Нанейшвили
იოსებ ნონეშვილის ქუჩა,Ioseb Noneshvili Street,улица Иосифа Нонешвили
იოსებ ჟორდანიას ქუჩა,Ioseb Zhordania Street,улица Иосеба Жордания
იოსებ რატილის ქუჩა,Ioseb Ratili Street,улица Иосеба Ратили
იპოლიტე ვართაგავას ქუჩა,Ipolite Vartagava Street,улица Иполите Вартагава
იპოლიტე ხვიჩიას ქუჩა,Ipolite Khvichia Street,улица Иполите Хвичия
ირაკლი აბაშიძის ქუჩა,Irakli Abashidze Street,улица Ираклия Абашидзе
ირაკლი აბრამაშვილის ქუჩა,Irakli Abramashvili Street,улица Ираклия Абрамашвили
ირაკლი აბრამაშვილის ჩიხი,Irakli Abramashvili Dead End,тупик Ираклия Абрамашвили
ირაკლი გამრეკელის ქუჩა,Irakli Gamrekeli Street,улица Иракли Гамрекели
ირაკლი გამყრელიძის ქუჩა,Irakli Gamqrelidze Street,улица Иракли Гамкрелидзе
ირაკლი თოიძის ქუჩა,Irakli Toidze Street,улица Иракли Тоидзе
ირაკლი კაკულიას ქუჩა,Irakli Kakulia Street,улица Иракли Какулия
ირაკლი ჟორდანიას I შესახვევი,Irakli Zhordania 1st Lane,1-й переулок Иракли Жордания
ირაკლი ჟორდანიას II შესახვევი,Irakli Zhordania 2nd Lane,2-й переулок Иракли Жордания
ირაკლი ჟორდანიას ქუჩა,Irakli Zhordania Street,улица Иракли Жордания
ირაკლი ტატიშვილის ქუჩა,Irakli Tatishvili Street,улица Иракли Татишвили
ირაკლი უჩანეიშვილის I გასასვლელი,Irakli Uchaneishvili 1st Exit,1-й съезд Иракли Учанеишвили
ირაკლი უჩანეიშვილის II ჩიხი,Irakli Uchaneishvili 2nd Dead End,2-й тупик Иракли Учанеишвили
ირაკლი უჩანეიშვილის III გასასვლელი,Irakli Uchaneishvili 3rd Exit,3-й съезд Иракли Учанеишвили
ირაკლი უჩანეიშვილის III ჩიხი,Irakli Uchaneishvili 3rd Dead End,3-й тупик Иракли Учанеишвили
ირაკლი უჩანეიშვილის IV გასასვლელი,Irakli Uchaneishvili 4th Exit,4-й съезд Иракли Учанеишвили
ირაკლი უჩანეიშვილის ქუჩა,Irakli Uchaneishvili Street,улица Иракли Учанеишвили
ირაკლი ფაღავას ქუჩა,Irakli Paghava Street,улица Иракли Пагава
ირაკლი ქემოკლიძის ქუჩა,Irakli Kemoklidze Street,улица Иракли Кемоклидзе
ირაკლი ციციშვილის I შესახვევი,Irakli Tsitsishvili 1st Lane,1-й переулок Иракли Цицишвили
ირაკლი ციციშვილის ქუჩა,Irakli Tsitsishvili Street,улица Иракли Цицишвили
ირგვლივის შესახვევი,Irgvlivi Lane,переулок Иргвливи
ირინა ენუქიძის I გასასვლელი,Irina Enukidze 1st Exit,1-й съезд Ирины Энукидзе
ირინა ენუქიძის II გასასვლელი,Irina Enukidze 2nd Exit,2-й съезд Ирины Энукидзе
ირინა ენუქიძის ქუჩა,Irina Enukidze Street,улица Ирины Энукидзе
ირინა შტენბერგის I შესახვევი,Irina Shtenberg 1st Lane,1-й переулок Ирины Штенберг
ირინა შტენბერგის ქუჩა,Irina Shtenberg Street,улица Ирины Штенберг
ირინე ალექსიძის ქუჩა,Irine Aleksidze Street,улица Ирине Алексидзе
ირინე სხირტლაძის ქუჩა,Irine Skhirtladze Street,улица Ирине Схиртладзе
იროდიონ ევდოშვილის ქუჩა,Irodion Evdoshvili Street,улица Иродиона Евдошвили
იროდიონ სონღულაშვილის I ჩიხი,Irodion Songhulashvili 1st Dead End,1-й тупик Иродиона Сонгулашвили
იროდიონ სონღულაშვილის ქუჩა,Irodion Songhulashvili Street,улица Иродиона Сонгулашвили
იროდიონ სურგულაძის ქუჩა,Irodion Surguladze Street,улица Иродиона Сургуладзе
ისააკ ალიხანიანის ქუჩა,Isaak Alikhaniani Street,улица Исаака Алиханиани
ისიდორე დოლიძის I ჩიხი,Isidore Dolidze 1st Dead End,1-й тупик Исидоре Долидзе
ისიდორე დოლიძის ქუჩა,Isidore Dolidze Street,улица Исидоре Долидзе
ისნის ქუჩა,Isani Street,улица Исани
ისრაფილ ჯინჭარაძის I შესახვევი,Israpil Jincharadze 1st Lane,1-й переулок Исрапила Джинчарадзе
ისრაფილ ჯინჭარაძის ქუჩა,Israpil Jincharadze Street,улица Исрапила Джинчарадзе
ისუნდერის ქუჩა,Isunderi Street,улица Исундери
იტალიას ქუჩა,Italia Street,улица Италии
იულია ფაილოძის I ჩიხი,Iulia Pailodze 1st Dead-end,1-й тупик Юлии Паилодзе
იულია ფაილოძის II ჩიხი,Iulia Pailodze 2nd Dead-end,2-й тупик Юлии Паилодзе
იულია ფაილოძის III ჩიხი,Iulia Pailodze 3rd Dead-end,3-й тупик Юлии Паилодзе
იულია ფაილოძის IV ჩიხი,Iulia Pailodze 4th Dead-end,4-й тупик Юлии Паилодзе
იულია ფაილოძის ქუჩა,Iulia Pailodze Street,улица Юлии Паилодзе
იუნკერ მიხეილ იოსელიანის I ჩიხი,Iunker Mikheil Ioseliani 1st Dead End,1-й тупик Иункер Михеил Иоселиани
იუნკერ მიხეილ იოსელიანის ქუჩა,Iunker Mikheil Ioseliani Street,улица Иункер Михеил Иоселиани
იუნკერთა I შესახვევი,Iunkerta 1st Lane,1-й переулок Иункерта
იუნკერთა II შესახვევი,Iunkerta 2nd Lane,2-й переулок Иункерта
იუნკერთა III ჩიხი,Iunkerta 3rd Dead End,3-й тупик Иункерта
იუნკერთა ქუჩა,Iunkerta Street,улица Иункерта
იუნკერთას ქუჩა,Iunkerta Street,улица Юнкерта
იური ანუას ქუჩა,Iuri Anua Street,улица Юрия Ануа
იური გაგარინის ქუჩა,Yuri Gagarin Street,улица Юрия Гагарина
იური დავითაიას ქუჩა,Iuri Davitaia Street,улица Юрия Давитаия
იუსტინე აბულაძის ქუჩა,Iustine Abuladze Street,улица Юстине Абуладзе
იუსტინე აბულაძის შესახვევი,Iustine Abuladze Lane,переулок Юстине Абуладзе
იუსტინე ჯანელიძის ქუჩა,Iustine Janelidze Street,улица Юстине Джанелидзе
იუსუფ კობალაძის ქუჩა,Iusup Kobaladze Street,улица Юсуфа Кобаладзе
იფანის ქუჩა,Ipani Street,улица Ипани
იფანის შესახვევი,Ipani Lane,переулок Ипани
იფანის ჩიხი,Ipani Dead End,тупик Ипани
იფნის ბაღების ქუჩა,Ipni Baghebi Street,улица Ипни Багеби
იყალთოს გორის ქუჩა,Iqalto Gori Street,улица Икалто Гори
იყალთოს ქუჩა,Iqalto Street,улица Икалто
იყალთოს შესახვევი,Iqalto Lane,переулок Икалто
კავთას I შესახვევი,Kavta 1st Lane,1-й переулок Кавта
კავთას ქუჩა,Kavta Street,улица Кавта
კავთისხევის ქუჩა,Kavtiskhevi Street,улица Кавтисхеви
კავკასიონის ქუჩა,Kavkasioni Street,улица Кавкасиони
კაზინეცის ქუჩა,Kazinetsi Street,улица Казинеци
კათოლიკოსი აბრაჰამ I-ის ქუჩა,Katolikosi Abraham Pirveli Street,улица Католикоси Абрахам Пирвели
კაიშაურის ქუჩა,Kaishauri Street,улица Каишаури
კაკა ჟვანიას I შესახვევი,Kaka Zhvania 1st Lane,1-й переулок Каки Жвания
კაკა ჟვანიას I ჩიხი,Kaka Zhvania 1st Dead End,1-й тупик Каки Жвания
კაკა ჟვანიას II ჩიხი,Kaka Zhvania 2nd Dead End,2-й тупик Каки Жвания
კაკა ჟვანიას III ჩიხი,Kaka Zhvania 3rd Dead End,3-й тупик Каки Жвания
კაკა ჟვანიას ქუჩა,Kaka Zhvania Street,улица Каки Жвания
კაკაბეთის ქუჩა,Kakabeti Street,улица Какабети
კაკაბეთის ჩიხი,Kakabeti Dead End,тупик Какабети
კაკლების I ჩიხი,Kaklebi 1st Dead End,1-й тупик Каклеби
კაკლების II ჩიხი,Kaklebi 2nd Dead End,2-й тупик Каклеби
კაკლების III ჩიხი,Kaklebi 3rd Dead End,3-й тупик Каклеби
კაკლების ქუჩა,Kaklebi Street,улица Каклеби
კაკლიანის ქუჩა,Kakliani Street,улица Каклиани
კალატოზის ქუჩა,Kalatozi Street,улица Калатози
კალისტრატე ქუთათელაძის ქუჩა,Kalistrate Kutateladze Street,улица Калистрата Кутателадзе
კალისტრატე ცინცაძის ქუჩა,Kalistrate Tsintsadze Street,улица Каллистрата Цинцадзе
კალოუბნის ქუჩა,Kaloubani Street,улица Калоубани
კამანის I ჩიხი,Kamani 1st Dead End,1-й тупик Камани
კამანის ქუჩა,Kamani Street,улица Камани
კანდელაკის ქუჩა,Kandelaki Street,улица Канделаки
კაპიტონ აბესაძის ქუჩა,Kapiton Abesadze Street,улица Капитона Абесадзе
კაპიტან ბუხაიძის ქუჩა,Captain Bukhaidze Street,улица Капитана Бухаидзе
კარდანახის შესახვევი,Kardanakhia Lane,переулок Карданахия
კარლო მებაღიშვილის ქუჩა,Karlo Mebaghishvili Street,улица Карло Мебагишвили
კარლო მორეტის I შესახვევი,Karlo Moreti 1st Lane,1-й переулок Карло Морети
კარლო მორეტის II შესახვევი,Karlo Moreti 2nd Lane,2-й переулок Карло Морети
კარლო მორეტის ქუჩა,Karlo Moreti Street,улица Карло Морети
კასპის ქუჩა,Kaspi Street,улица Каспи
კატო მიქელაძის I შესახვევი,Kato Mikeladze 1st Lane,1-й переулок Като Микеладзе
კატო მიქელაძის I ჩიხი,Kato Mikeladze 1st Dead End,1-й тупик Като Микеладзе
კატო მიქელაძის ქუჩა,Kato Mikeladze Street,улица Като Микеладзе
კაცხის ქუჩა,Katskha Street,улица Кацха
კაჭრეთის გასასვლელი,Kachreti Exit,съезд Качрети
კაჭრეთის ქუჩა,Kachreti Street,улица Качрети
კახა მანიჟაშვილის ქუჩა,Kakha Manizhashvili Street,улица Кахи Манижашвили
კახა შევარდენიძის ქუჩა,Kakha Shevardenidze Street,улица Кахи Шеварденидзе
კახაბერ თავგორაშვილის ქუჩა,Kakhaber Tavgorashvili Street,улица Кахабера Тавгорашвили
კახაბერ კაციტაძის ქუჩა,Kakhaber Katsitadze Street,улица Кахабера Кацитадзе
კახაბერ ხუბულურის ქუჩა,Kakhaber Khubuluri Street,улица Кахабера Хулубури
კახაბერის I შესახვევი,Kakhaberi 1st Lane,1-й переулок Кахабери
კახაბერის I ჩიხი,Kakhaberi 1st Dead End,1-й тупик Кахабери
კახაბერის II ჩიხი,Kakhaberi 2nd Dead End,2-й тупик Кахабери
კახაბერის III ჩიხი,Kakhaberi 3rd Dead End,3-й тупик Кахабери
კახაბერის IV ჩიხი,Kakhaberi 4th Dead End,4-й тупик Кахабери
კახაბერის ქუჩა,Kakhaberi Street,улица Кахабери
კახეთის I ჩიხი,Kakheti 1st Dead End,1-й тупик Кахети
კახეთის გზატკეცილი,Kakheti Highway,Кахетинское шоссе
კახეთის გზატკეცილის შესახვევი,Kakheti Gzatketsili Lane,переулок Кахети Гзаткецили
კახეთის ქუჩა,Kakheti Street,улица Кахети
კახეთის ხევი,Kakheti Gorge,овраг Кахети
კახი კავსაძის I შესახვევი,Kakhi Kavsadze 1st Lane,1-й переулок Кахи Кавсадзе
კახი კავსაძის II შესახვევი,Kakhi Kavsadze 2nd Lane,2-й переулок Кахи Кавсадзе
კახი კავსაძის ქუჩა,Kakhi Kavsadze Street,улица Кахи Кавсадзе
კედრის I გასასვლელი,Kedri 1st Exit,1-й съезд Кедри
კედრის II გასასვლელი,Kedri 2nd Exit,2-й съезд Кедри
კედრის ქუჩა,Kedri Street,улица Кедри
კეილას ქუჩა,Keila street,улица Кейла
კელასურის I შესახვევი,Kelasuri 1st Lane,1-й переулок Келасури
კელასურის II შესახვევი,Kelasuri 2nd Lane,2-й переулок Келасури
კელასურის III შესახვევი,Kelasuri 3rd Lane,3-й переулок Келасури
კელასურის ქუჩა,Kelasuri Street,улица Келасури
კეხვის ქუჩა,Kekhvi Street,улица Кехви
კვალითის I შესახვევი,Kvaliti 1st Lane,1-й переулок Квалити
კვალითის II შესახვევი,Kvaliti 2nd Lane,2-й переулок Квалити
კვალითის ქუჩა,Kvaliti Street,улица Квалити
კვალითის ჩიხი,Kvaliti Dead End,тупик Квалити
კვერნაულის ქუჩა,Kvernauli Street,улица Квернаули
კვესეთის ქუჩა,Kveseti Street,улица Квесети
კვიპაროსის I გასასვლელი,Kviparosi 1st Exit,1-й съезд Квипароси
კვიპაროსის ქუჩა,Kviparosi Street,улица Квипароси
კვირაცხოველის I შესახვევი,Kviratskhoveli 1st Lane,1-й переулок Квирацховели
კვირაცხოველის I ჩიხი,Kviratskhoveli 1st Dead End,1-й тупик Квирацховели
კვირაცხოველის II ჩიხი,Kviratskhoveli 2nd Dead End,2-й тупик Квирацховели
კვირაცხოველის ქუჩა,Kviratskhoveli Street,улица Квирацховели
კვირაცხოვლის I შესახვევი,Kviratskhoveli 1st Lane,1-й переулок Квирацховели
კვირაცხოვლის ქუჩა,Kviratskhoveli Street,улица Квирацховели
კიდობანების ქუჩა,Kidobanebi Street,улица Кидобанеби
კიევის ქუჩა,Kyiv Street,улица Киева
კითა ბუაჩიძის ქუჩა,Kita Buachidze Street,улица Кита Буачидзе
კიკეთის ქუჩა,Kiketi Street,улица Кикети
კირიაკ ზავრიევის ქუჩა,Kiriak Zavriev Street,улица Кириака Завриева
კირილე უკლებას ქუჩა,Kirile Ukleba Street,улица Кириле Уклеба
კირიონ II-ის ქუჩა,Kirion Meore Street,улица Кирион Меоре
კირიონ II-ის I ჩიხი,Kirion Meore 1st Dead End,1-й тупик Кирион Меоре
კირიონ II-ის II ჩიხი,Kirion Meore 2nd Dead End,2-й тупик Кирион Меоре
კისისხევის ქუჩა,Kisiskhevi Street,улица Кисисхеви
კიტა აბაშიძის ქუჩა,Kita Abashidze Street,улица Кита Абашидзе
კიშინიოვის ქუჩა,Kishinovi street,улица Кишенёва
კლარა კვეესის ქუჩა,Klara Kveesi Street,улица Клары Квееси
კლარა ცეტკინის ქუჩა,Klara Zetkin Street,улица Клары Цеткин
კლდეკარის ქუჩა,Kldekari Street,улица Клдекари
კნოლევის II შესახვევი,Knolevi 2nd Lane,2-й переулок Кнолеви
კნოლევის ქუჩა,Knolevi Street,улица Кнолеви
კობა აბზიანიძის ქუჩა,Koba Abzianidze Street,улица Кобы Абзианидзе
კობა კურტანიძის ქუჩა,Koba Kurtanidze Street,улица Кобы Куртанидзе
კობა მარზაშვილის I ჩიხი,Koba Marzashvili 1st Dead End,1-й тупик Кобы Марзашвили
კობა მარზაშვილის ქუჩა,Koba Marzashvili Street,улица Кобы Марзашвили
კობა სერგიას I გასასვლელი,Koba Sergia 1st Exit,1-й съезд Кобы Сергия
კობა სერგიას I შესახვევი,Koba Sergia 1st Lane,1-й переулок Кобы Сергия
კობა სერგიას I ჩიხი,Koba Sergia 1st Dead End,1-й тупик Кобы Сергии
კობა სერგიას II შესახვევი,Koba Sergia 2nd Lane,2-й переулок Кобы Сергия
კობა სერგიას II ჩიხი,Koba Sergia 2nd Dead End,2-й тупик Кобы Сергии
კობა სერგიას III ჩიხი,Koba Sergia 3rd Dead End,3-й тупик Кобы Сергии
კობა სერგიას IV ჩიხი,Koba Sergia 4th Dead End,4-й тупик Кобы Сергии
კობა სერგიას ქუჩა,Koba Sergia Street,улица Кобы Сергии
კობა სერიგიას ქუჩა,Koba Sergia Street,улица Кобы Сергия
კობა ჩოხელის ქუჩა,Koba Chokheli Street,улица Кобы Чохели
კობის ქუჩა,Kobi Street,улица Коби
კობის ჩიხი,Kobi Dead End,тупик Коби
კოდალოს ქუჩა,Kodalo Street,улица Кодало
კოდორის I ჩიხი,Kodori 1st Dead End,1-й тупик Кодори
კოდორის ქუჩა,Kodori Street,улица Кодори
კოლაუ ნადირაძის ქუჩა,Kolau Nadiradze Street,улица Колау Надирадзе
კოლიმბარის ქუჩა,Kolimbari Street,улица Колимбари
კოლხეთის ქუჩა,Kolkheti Street,улица Колхети
კოლხიდას I შესახვევი,Kolkhida 1st Lane,1-й переулок Колхиды
კოლხიდას ქუჩა,Kolkhida Street,улица Колхида
კონდრატე თათარაშვილის ქუჩა,Kondrate Tatarashvili Street,улица Кондрате Татарашвили
კონსტანტინე ამირაჯიბის ქუჩა,Konstantine Amirajibi Street,улица Константине Амираджиби
კონსტანტინე ანდრიაძის ქუჩა,Konstantine Andriadze Street,улица Константине Андриадзе
კონსტანტინე ანდრონიკაშვილის ქუჩა,Konstantine Andronikashvili Street,улица Константине Андроникашвили
კონსტანტინე გამსახურდიას I შესახვევი,Konstantine Gamsakhurdia 1st Lane,1-й переулок Константина Гамсахурдия
კონსტანტინე გამსახურდიას I ჩიხი,Konstantine Gamsakhurdia 1st Dead End,1-й тупик Константина Гамсахурдия
კონსტანტინე გამსახურდიას II შესახვევი,Konstantine Gamsakhurdia 2nd Lane,2-й переулок Константине Гамсахурдия
კონსტანტინე გამსახურდიას II ჩიხი,Konstantine Gamsakhurdia 2nd Dead End,2-й тупик Константина Гамсахурдия
კონსტანტინე გამსახურდიას III შესახვევი,Konstantine Gamsakhurdia 3rd Lane,3-й переулок Константине Гамсахурдия
კონსტანტინე გამსახურდიას III ჩიხი,Konstantine Gamsakhurdia 3rd Dead End,3-й тупик Константина Гамсахурдия
კონსტანტინე გამსახურდიას გამზირი,Konstantine Gamsakhurdia Avenue,проспект Константина Гамсахурдиа
კონსტანტინე გამსახურდიას ქუჩა,Konstantine Gamsakhurdia Street,улица Константина Гамсахурдия
კონსტანტინე ერისთავის ქუჩა,Konstantine Eristavi Street,улица Константине Эристави
კონსტანტინე ერისთავის შესახვევი,Konstantine Eristavi Lane,переулок Константине Эристави
კონსტანტინე ერისთავის ჩიხი,Konstantine Eristavi Dead End,тупик Константине Эристави
კონსტანტინე ილურიძის I გასასვლელი,Konstantine Iluridze 1st Exit,1-й съезд Константине Илуридзе
კონსტანტინე ილურიძის I შესახვევი,Konstantine Iluridze 1st Lane,1-й переулок Константине Илуридзе
კონსტანტინე ილურიძის I ჩიხი,Konstantine Iluridze 1st Dead End,1-й тупик Константине Илуридзе
კონსტანტინე ილურიძის II გასასვლელი,Konstantine Iluridze 2nd Exit,2-й съезд Константине Илуридзе
კონსტანტინე ილურიძის II შესახვევი,Konstantine Iluridze 2nd Lane,2-й переулок Константине Илуридзе
კონსტანტინე ილურიძის II ჩიხი,Konstantine Iluridze 2nd Dead End,2-й тупик Константине Илуридзе
კონსტანტინე ილურიძის III გასასვლელი,Konstantine Iluridze 3rd Exit,3-й съезд Константине Илуридзе
კონსტანტინე ილურიძის III შესახვევი,Konstantine Iluridze 3rd Lane,3-й переулок Константине Илуридзе
კონსტანტინე ილურიძის ქუჩა,Konstantine Iluridze Street,улица Константина Илуридзе
კონსტანტინე კაპანელის ქუჩა,Konstantine Kapaneli Street,улица Константине Капанели
კონსტანტინე კაპანელის შესახვევი,Konstantine Kapaneli Lane,переулок Константине Капанели
კონსტანტინე ლესელიძის I გასასვლელი,Konstantine Leselidze 1st Exit,1-й съезд Константине Леселидзе
კონსტანტინე ლესელიძის I ჩიხი,Konstantine Leselidze 1st Dead End,1-й тупик Константине Леселидзе
კონსტანტინე ლესელიძის II გასასვლელი,Konstantine Leselidze 2nd Exit,2-й съезд Константине Леселидзе
კონსტანტინე ლესელიძის II ჩიხი,Konstantine Leselidze 2nd Dead End,2-й тупик Константине Леселидзе
კონსტანტინე ლესელიძის ქუჩა,Konstantine Leselidze Street,улица Константина Леселидзе
კონსტანტინე ლესელიძის ჩიხი,Konstantine Leselidze Dead End,тупик Константине Леселидзе
კონსტანტინე მიქაბერიძის ქუჩა,Konstantine Mikaberidze Street,улица Константине Микаберидзе
კონსტანტინე პერტაიას I შესახვევი,Konstantine Pertaia 1st Lane,1-й переулок Константине Пертаия
კონსტანტინე პერტაიას ქუჩა,Konstantine Pertaia Street,улица Константине Пертаия
კონსტანტინე რეკვავას ქუჩა,Konstantine Rekvava Street,улица Константине Реквава
კონსტანტინე სამუშიას I ჩიხი,Konstantine Samushia 1st Dead End,1-й тупик Константине Самушия
კონსტანტინე სამუშიას II ჩიხი,Konstantine Samushia 2nd Dead End,2-й тупик Константине Самушия
კონსტანტინე სამუშიას ქუჩა,Konstantine Samushia Street,улица Константине Самушиа
კონსტანტინე სიდამონ-ერისთავის I ჩიხი,Konstantine Sidamon-Eristavi 1st Dead End,1-й тупик Константине Сидамон-Эристави
კონსტანტინე სიდამონ-ერისთავის ქუჩა,Konstantine Sidamon-Eristavi Street,улица Константине Сидамон-Эристави
კონსტანტინე სტანისლავსკის ქუჩა,Konstantin Stanislavski Street,улица Константина Станиславского
კონსტანტინე ჩაჩავას ქუჩა,Konstantine Chachava Street,улица Константине Чачава
კონსტანტინე ცუცქირიძის ქუჩა,Konstantine Tsutsukridze Street,улица Константине Цуцукридзе
კონსტანტინე ცუცქირიძის შესახვევი,Konstantine Tsutsukridze Lane,переулок Константине Цуцукридзе
კონსტიტუციას ქუჩა,Constitution Street,улица Конституции
კონსტიტუციის გასასვლელი,Constitution Exit,съезд Конституции
კონსტიტუციის ქუჩა,Constitution Street,улица Конституции
კონტრადმირალ ალექსანდრე ჯავახიშვილის ქუჩა,Kontradmiral Aleksandre Javakhishvili Street,улица Контрадмирала Александре Джавахишвили
კორინთას I შესახვევი,Korinta 1st Lane,1-й переулок Коринта
კორინთას ქუჩა,Korinta Street,улица Коринта
კორნელი კეკელიძის I შესახვევი,Korneli Kekelidze 1st Lane,1-й переулок Корнели Кекелидзе
კორნელი კეკელიძის ქუჩა,Korneli Kekelidze Street,улица Корнелия Кекелидзе
კორნელი სანაძის I გასასვლელი,Korneli Sanadze 1st Exit,1-й съезд Корнели Санадзе
კორნელი სანაძის I შესახვევი,Korneli Sanadze 1st Lane,1-й переулок Корнели Санадзе
კორნელი სანაძის I ჩიხი,Korneli Sanadze 1st Dead End,1-й тупик Корнели Санадзе
კორნელი სანაძის II შესახვევი,Korneli Sanadze 2nd Lane,2-й переулок Корнели Санадзе
კორნელი სანაძის II ჩიხი,Korneli Sanadze 2nd Dead End,2-й тупик Корнели Санадзе
კორნელი სანაძის III შესახვევი,Korneli Sanadze 3rd Lane,3-й переулок Корнели Санадзе
კორნელი სანაძის III ჩიხი,Korneli Sanadze 3rd Dead End,3-й тупик Корнели Санадзе
კორნელი სანაძის ქუჩა,Korneli Sanadze Street,улица Корнели Санадзе
კორნელი ჩალაძის ქუჩა,Korneli Chaladze Street,улица Корнели Чаладзе
კოსმონავტების სანაპირო,Kosmonavtebi Embankment,набережная Космонавтеби
კოსტა მოისურაძის ქუჩა,Kosta Moisuradze Street,улица Косты Моисурадзе
კოსტა ხეთაგუროვის ქუჩა,Kosta Khetagurov Street,улица Коста Хетагурова
კოტე აფხაზის I შესახვევი,Kote Abkhazi 1st Lane,1-й переулок Котэ Абхази
კოტე აფხაზის ქუჩა,Kote Abkhazi Street,улица Котэ Абхази
კოტე აფხასის I ჩიხი,Kote Abkhazi 1st Dead End,1-й тупик Котэ Абхази
კოტე ბაქრაძის ქუჩა,Kote Bakradze Street,улица Котэ Бакрадзе
კოტე ბაქრაძის შესახვევი,Kote Bakradze Lane,переулок Котэ Бакрадзе
კოტე და სოსო წერეთლების ქუჩა,Kote and Soso Tsereteli Street,улица Котэ и Сосо Церетели
კოტე მარჯანიშვილის ქუჩა,Kote Marjanishvili Street,улица Котэ Марджанишвили
კოტე მარჯანიშვილის შესახვევი,Kote Marjanishvili Lane,переулок Котэ Марджанишвили
კოტე მაყაშვილის ქუჩა,Kote Makashvili Street,улица Котэ Макашвили
კოტე მაყაშვილის ჩიხი,Kote Maqashvili Dead End,тупик Котэ Макашвили
კოტე მახარაძის ქუჩა,Kote Makharadze Street,улица Котэ Махарадзе
კოტე მესხის II აღმართი,Kote Meskhi 2nd Ascent,2-й подъём Котэ Месхи
კოტე მესხის III შესახვევი,Kote Meskhi 3rd Lane,3-й переулок Котэ Месхи
კოტე მესხის III ჩიხი,Kote Meskhi 3rd Dead End,3-й тупик Котэ Месхи
კოტე მესხის აღმართი,Kote Meskhi Ascent,подъём Котэ Месхи
კოტე მესხის ქუჩა,Kote Meskhi Street,улица Котэ Месхи
კოტე ფოცხვერაშვილის ქუჩა,Kote Potskhverashvili Street,улица Котэ Поцхверашвили
კოშკოვანის ქუჩა,Koshkovani Street,улица Кошковани
კოწია ერისთავის ქუჩა,Kotsia Eristavi Street,улица Коция Эристави
კოხტაგორის ქუჩა,Kokhtagora Street,улица Кохтагора
კოჯორის გასასვლელი,Kojori Exit,съезд Коджори
კრავაი ჯაყელის ქუჩა,Kravai Jaqeli Street,улица Краваи Джакели
კრასნოვის ქუჩა,Krasnov Street,улица Краснова
კრილოვის I შესახვევი,Krylov 1st Lane,1-й переулок Крылова
კრისტიან სტივენის ქუჩა,Christian Steven Street,улица Кристиана Стивен
ქრისტეფორე კასტელის ქუჩა,Cristoforo Castelli Street,улица Кристофоро Кастелли
კრისტოფერო კასტელის I შესახვევი,Cristoforo Castelli 1st Lane,1-й переулок Кристофоро Кастелли
კრისტოფერო კასტელის ქუჩა,Cristoforo Castelli Street,улица Кристофоро Кастелли
კრწანისის I გასასვლელი,Krtsanisi 1st Exit,1-й съезд Крцаниси
კრწანისის I ჩიხი,Krtsanisi 1st Dead End,1-й тупик Крцаниси
კრწანისის II გასასვლელი,Krtsanisi 2nd Exit,2-й съезд Крцаниси
კრწანისის II შესახვევი,Krtsanisi 2nd Lane,2-й проезд Крцаниси
კრწანისის II ჩიხი,Krtsanisi 2nd Dead End,2-й тупик Крцаниси
კრწანისის III გასასვლელი,Krtsanisi 3rd Exit,3-й съезд Крцаниси
კრწანისის ქუჩა,Krtsanisi Street,улица Крцаниси
კუბის ქუჩა,Kuba Street,улица Кубы
კუზიანი ხიდი,Kuziani Bridge,мост Кузиани
კუკური გოგიაშვილის I შესახვევი,Kukuri Gogiashvili 1st Lane,1-й переулок Кукури Гогиашвили
კუკური გოგიაშვილის ქუჩა,Kukuri Gogiashvili Street,улица Кукури Гогиашвили
კუკური ჭოხონულიძის ქუჩა,Kukuri Chokhonulidze Street,улица Кукури Чохонулидзе
კულა გლდანელის I ჩიხი,Kula Gldaneli 1st Dead End,1-й тупик Кула Глданели
კულა გლდანელის II ჩიხი,Kula Gldaneli 2nd Dead End,2-й тупик Кула Глданели
კულა გლდანელის V ჩიხი,Kula Gldaneli 5th Dead End,5-й тупик Кула Глданели
კულა გლდანელის ქუჩა,Kula Gldaneli Street,улица Кула Глданели
კუმისის გასასვლელი,Kumisi Exit,съезд Кумиси
კუმისის ქუჩა,Kumisi Street,улица Кумиси
კუმისის შესახვევი,Kumisi Lane,переулок Кумиси
კუნძულ ტექსელის ხეივანი,Texel Island Alley,аллея Острова Тексел
კურსების ქუჩა,Kursebi Street,улица Курсеби
ლაგოდეხის ქუჩა,Lagodekhi Street,улица Лагодехи
ლაგოდეხის შესახვევი,Lagodekhi Lane,переулок Лагодехи
ლაგრანჟეს ქუჩა,Lagranzhe Street,улица Лагранжа
ლადო ალექსი-მესხიშვილი ქუჩა,Lado Aleksi-Meskhishvili Street,улица Ладо Алекси-Месхишвили
ლადო ალექსი-მესხიშვილი შესახვევი,Lado Aleksi-Meskhishvili Lane,переулок Ладо Алекси-Месхишвили
ლადო ასათიანის I შესახვევი,Lado Asatiani 1st Lane,1-ый переулок Ладо Асатиани
ლადო ასათიანის I ჩიხი,Lado Asatiani 1st Dead End,1-й тупик Ладо Асатиани
ლადო ასათიანის II შესახვევი,Lado Asatiani 2nd Lane,2-й переулок Ладо Асатиани
ლადო ასათიანის II ჩიხი,Lado Asatiani 2nd Dead End,2-й тупик Ладо Асатиани
ლადო ასათიანის ქუჩა,Lado Asatiani Street,улица Ладо Асатиани
ლადო ასათიანის ჩიხი,Lado Asatiani Dead End,тупик Ладо Асатиани
ლადო გუდიაშვილის II ჩიხი,Lado Gudiashvili 2nd Dead End,2-й тупик Ладо Гудиашвили
ლადო გუდიაშვილის მოედანი,Lado Gudiashvili Square,площадь Ладо Гудиашвили
ლადო გუდიაშვილის ქუჩა,Lado Gudiashvili Street,улица Ладо Гудиашвили
ლადო გუდიაშვილის შესახვევი,Lado Gudiashvili Lane,переулок Ладо Гудиашвили
ლადო კავსაძის ქუჩა,Lado Kavsadze Street,улица Ладо Кавсадзе
ლადო კოტეტიშვილის ქუჩა,Lado Kotetishvili Street,улица Ладо Котетишвили
ლადო მესხიშვილის I შესახვევი,Lado Meskhishvili 1st Lane,1-й переулок Ладо Месхишвили
ლადო მესხიშვილის ქუჩა,Lado Meskhishvili Street,улица Ладо Месхишвили
ლადო სეიდიშვილის ქუჩა,Lado Seidishvili Street,улица Ладо Сеидишвили
ლავრენტი არდაზიანის ქუჩა,Lavrenti Ardaziani Street,улица Лавренти Ардазиани
ლავრენტი ბერიას ქუჩა,Lavrenti Beria Street,улица Лаврентия Берии
ლავრენტი მანაგაძის ქუჩა,Lavrenti Managadzi Street,улица Лаврентия Манагадзе
ლაზის ქუჩა,Lazi Street,улица Лази
ლაითურის ქუჩა,Laituri Street,улица Лаитури
ლაილაშის ქუჩა,Lailashi Street,улица Лаилаши
ლალიონის ქუჩა,Lalioni Street,улица Лалиони
ლალიონის შესახვევი,Lalioni Lane,переулок Лалиони
ლამის I შესახვევი,Lami 1st Lane,1-й переулок Лами
ლამის III შესახვევი,Lami 3rd Lane,3-й переулок Лами
ლამის ქუჩა,Lami Street,улица Лами
ლამისყანას ქუჩა,Lamisqana Street,улица Ламискана
ლანჩხუთის ქუჩა,Lanchkhuti Street,улица Ланчхути
ლაო ჯონ-ჯაუს ქუჩა,Lao Jon-Jau Street,улица Лао Джон-Джау
ლარეხის II შესახვევი,Larekhi 2nd Lane,2-й переулок Ларехи
ლარეხის ქუჩა,Larekhi Street,улица Ларехи
ლარნაკას ქუჩა,Larnaka Street,улица Ларнака
ლარსის ქუჩა,Larsi Street,улица Ларси
ლაშა გიორგის ქუჩა,Lasha Giorgi Street,улица Лаши Гиорги
ლაშა ლაშხიას ქუჩა,Lasha Lashkhia Street,улица Лаши Лашхия
ლაშა-გიორგის I შესახვევი,Lasha-Giorgi 1st Lane,1-й переулок Лаша-Гиорги
ლაშა-გიორგის I ჩიხი,Lasha-Giorgi 1st Dead End,1-й тупик Лаша-Гиорги
ლაშა-გიორგის II ჩიხი,Lasha-Giorgi 2nd Dead End,2-й тупик Лаша-Гиорги
ლაშა-გიორგის III ჩიხი,Lasha-Giorgi 3rd Dead End,3-й тупик Лаша-Гиорги
ლაშა-გიორგის IV ჩიხი,Lasha-Giorgi 4th Dead End,4-й тупик Лаша-Гиорги
ლაშა-გიორგის V ჩიხი,Lasha-Giorgi 5th Dead End,5-й тупик Лаша-Гиорги
ლაშა-გიორგის ქუჩა,Lasha-Giorgi Street,улица Лаша-Гиорги
ლებარდეს ქუჩა,Lebarde Street,улица Лебарде
ლევ ტოლსტოის I შესახვევი,Leo Tolstoy 1st Lane,1-й переулок Льва Толстого
ლევ ტოლსტოის I ჩიხი,Leo Tolstoy 1st Dead End,1-й тупик Льва Толстого
ლევ ტოლსტოის II შესახვევი,Leo Tolstoy 2nd Lane,2-й переулок Льва Толстого
ლევ ტოლსტოის II ჩიხი,Leo Tolstoy 2nd Dead End,2-й тупик Льва Толстого
ლევ ტოლსტოის III შესახვევი,Leo Tolstoy 3rd Lane,3-й переулок Льва Толстого
ლევ ტოლსტოის III ჩიხი,Leo Tolstoy 3rd Dead End,3-й тупик Льва Толстого
ლევ ტოლსტოის IV შესახვევი,Leo Tolstoy 4th Lane,4-й переулок Льва Толстого
ლევ ტოლსტოის ქუჩა,Lev Tolstoi Street,улица Льва Толстого
ლევან ალექსიძის I შესახვევი,Levan Aleksidze 1st Lane,1-й переулок Левана Алексидзе
ლევან ალექსიძის ქუჩა,Levan Aleksidze Street,улица Левана Алексидзе
ლევან ასათიანის ქუჩა,Levan Asatiani Street,улица Левана Асатиани
ლევან გელაძის ქუჩა,Levan Geladze Street,улица Левана Геладзе
ლევან გოთუას I ჩიხი,Levan Gothua 1st Dead End,1-й тупик Левана Готуа
ლევან გოთუას ქუჩა,Levan Gotua Street,улица Левана Готуа
ლევან გოთუას შესახვევი,Levan Gotua Lane,переулок Левана Готуа
ლევან დევდარიანის I შესახვევი,Levan Devdariani 1st Lane,1-й переулок Левана Девдариани
ლევან დევდარიანის II შესახვევი,Levan Devdariani 2nd Lane,2-й переулок Левана Девдариани
ლევან დევდარიანის III შესახვევი,Levan Devdariani 3rd Lane,3-й переулок Левана Девдариани
ლევან დევდარიანის IV შესახვევი,Levan Devdariani 4th Lane,4-й переулок Левана Девдариани
ლევან დევდარიანის V შესახვევი,Levan Devdariani 5th Lane,5-й переулок Левана Девдариани
ლევან დევდარიანის VII შესახვევი,Levan Devdariani 7th Lane,7-й переулок Левана Девдариани
ლევან დევდარიანის ქუჩა,Levan Devdariani Street,улица Левана Девдариани
ლევან თიგიშვილის I შესახვევი,Levan Tigishvili 1st Lane,1-й переулок Левана Тигишвили
ლევან თიგიშვილის ქუჩა,Levan Tigishvili Street,улица Левана Тигишвили
ლევან იოსებიძის I შესახვევი,Levan Iosebidze 1st Lane,1-й переулок Левана Иосебидзе
ლევან იოსებიძის II შესახვევი,Levan Iosebidze 2nd Lane,2-й переулок Левана Иосебидзе
ლევან იოსებიძის ქუჩა,Levan Iosebidze Street,улица Левана Иосебидзе
ლევან კბილაშვილის ქუჩა,Levan Kbilashvili Street,улица Левана Кбилашвили
ლევან მაჭავარიანის I შესახვევი,Levan Machavariani 1st Lane,1-й переулок Левана Мачавариани
ლევან მაჭავარიანის ქუჩა,Levan Machavariani Street,улица Левана Мачавариани
ლევან მეორე დადიანის I შესახვევი,Levan Meore Dadiani 1st Lane,1-й переулок Леван Меоре Дадиани
ლევან მეორე დადიანის ქუჩა,Levan Meore Dadiani Street,улица Левана Меоре Дадиани
ლევან მიქელაძის I ჩიხი,Levan Mikeladze 1st Dead End,1-й тупик Левана Микеладзе
ლევვან მიქელაძის ქუჩა,Levan Mikeladze Street,улица Левана Микеладзе
ლევან რაზიკაშვილის I ჩიხი,Levan Razikashvili 1st Dead End,1-й тупик Левана Разикашвили
ლევან რაზიკაშვილის ქუჩა,Levan Razikashvili Street,улица Левана Разикашвили
ლევან რჩეულიშვილის I შესახვევი,Levan Rcheulishvili 1st Lane,1-й переулок Левана Рчеулишвили
ლევან რჩეულიშვილის I ჩიხი,Levan Rcheulishvili 1st Dead End,1-й тупик Левана Рчеулишвили
ლევან რჩეულიშვილის II შესახვევი,Levan Rcheulishvili 2nd Lane,2-й переулок Левана Рчеулишвили
ლევან რჩეულიშვილის II ჩიხი,Levan Rcheulishvili 2nd Dead End,2-й тупик Левана Рчеулишвили
ლევან რჩეულიშვილის III ჩიხი,Levan Rcheulishvili 3rd Dead End,3-й тупик Левана Рчеулишвили
ლევან რჩეულიშვილის ქუჩა,Levan Rcheulishvili Street,улица Левана Рчеулишвили
ლევან ფირცხელიანის ქუჩა,Levan Pirtskheliani Street,улица Леван Пирцхелиани
ლევან ქართლელიშვილის ქუჩა,Levan Kartlelishvili Street,улица Левана Картлелишвили
ლევან ქიქავას ქუჩა,Levan Kikava Street,улица Левана Кикава
ლევან ქობალიას ქუჩა,Levan Kobalia Street,улица Левана Кобалия
ლევან ღოღობერიძის ქუჩა,Levan Ghoghoberidze Street,улица Левана Гогоберидзе
ლევან ჩარკვიანის I შესახვევი,Levan Charkviani 1st Lane,1-й переулок Левана Чарквиани
ლევან ჩარკვიანის ქუჩა,Levan Charkviani Street,улица Левана Чарквиани
ლევან ჩოხელის ქუჩა,Levan Chokheli Street,улица Левана Чохели
ლევან ცისკარიშვილის ქუჩა,Levan Tsiskarishvili Street,улица Левана Цискаришвили
ლევან ცქიტიშვილის ქუჩა,Levan Tskitishvili Street,улица Левана Цкитишвили
ლევან ჭოჭუას ქუჩა,Levan Chochua Street,улица Левана Чочуа
ლევილის სანაპირო,Leuville Embankment,набережная Левили
ლეილა აბაშიძის ქუჩა,Leila Abashidze Street,улица Лейлы Абашидзе
ლელიანის ქუჩა,Leliani Street,улица Лелиани
ლემონჯავას ქუჩა,Lemonjava Street,улица Лемонджава
ლენტეხის გასასვლელი,Lentekhi Exit,съезд Лентехи
ლენტეხის ქუჩა,Lentekhi Street,улица Лентехи
ლეო და ნოდარ გაბუნიების I შესახვევი,Leo and Nodar Gabunia 1st Lane,1-й переулок Леонида и Нодара Габуния
ლეო და ნოდარ გაბუნიების II შესახვევი,Leo and Nodar Gabunia 2nd Lane,2-й переулок Леонида и Нодара Габуния
ლეო და ნოდარ გაბუნიების ქუჩა,Leo and Nodar Gabunia Street,улица Леонида и Нодара Габуния
ლეო დავითაშვილის ქუჩა,Leo Davitashvili Street,улица Лео Давиташвили
ლეო კერესელიძის ქუჩა,Leo Kereselidze Street,улица Лео Кереселидзе
ლეო კვაჭაძის I გასასვლელი,Leo Kvachadze 1st Exit,1-й съезд Лео Квачадзе
ლეო კვაჭაძის I შესახვევი,Leo Kvachadze 1st Lane,1-й переулок Лео Квачадзе
ლეო კვაჭაძის I ჩიხი,Leo Kvachadze 1st Dead End,1-й тупик Лео Квачадзе
ლეო კვაჭაძის II გასასვლელი,Leo Kvachadze 2nd Exit,2-й съезд Лео Квачадзе
ლეო კვაჭაძის II შესახვევი,Leo Kvachadze 2nd Lane,2-й переулок Лео Квачадзе
ლეო კვაჭაძის V გასასვლელი,Leo Kvachadze 5th Exit,5-й съезд Лео Квачадзе
ლეო კვაჭაძის ქუჩა,Leo Kvachadze Street,улица Лео Квачадзе
ლეო ქიაჩელის ქუჩა,Leo Kiacheli Street,улица Лео Киачели
ლეონტი მროველის I შესახვევი,Leonti Mroveli 1st Lane,1-й переулок Леонтия Мровели
ლეონტი მროველის I ჩიხი,Leonti Mroveli 1st Dead End,1-й тупик Леонтия Мровели
ლეონტი მროველის ქუჩა,Leonti Mroveli Street,улица Леонтия Мровели
ლეოპოლდ ბილფელდის I ჩიხი,Leopold Bilpeldi 1st Dead End,1-й тупик Леопольда Билпелди
ლეოპოლდ ბილფელდის II ჩიხი,Leopold Bilpeldi 2nd Dead End,2-й тупик Леопольда Билпелди
ლეოპოლდ ბილფელდის III ჩიხი,Leopold Bilpeldi 3rd Dead End,3-й тупик Леопольда Билпелди
ლეოპოლდ ბილფელდის ქუჩა,Leopold Bilpeldi Street,улица Леопольда Билпелди
ლერი ლაგურაშვილის ქუჩა,Leri Lagurashvili Street,улица Лери Лагурашвили
ლერწამის ქუჩა,Lertsami Street,улица Лерцами
ლესელიძის I შესახვევი,Leselidze 1st Lane,1-й переулок Леселидзе
ლესელიძის ქუჩა,Leselidze Street,улица Леселидзе
ლესია უკრაინკას ქუჩა,Lesia Ukrainka Street,улица Леси Украинки
ლეღვათხევის ქუჩა,Leghvatkhevi Street,улица Легватхеви
ლეჩხუმის I შესახვევი,Lechkhumi 1st Lane,1-й переулок Лечхуми
ლეჩხუმის II შესახვევი,Lechkhumi 2nd Lane,2-й переулок Лечхуми
ლეჩხუმის ქუჩა,Lechkhumi Street,улица Лечхуми
ლეხ და მარია კაჩინსკების ქუჩა,Lech and Maria Kaczynski Street,улица Леха и Марии Качиньских
ლეხ კაჩინსკის ქუჩა,Lech Kaczyński Street,улица Леха Качиньского
ლვოვის I შესახვევი,Lvov 1st Lane,1-й Львовский переулок
ლვოვის II შესახვევი,Lvov 2nd Lane,2-й Львовский переулок
ლვოვის ქუჩა,Lvov Street,Львовская улица
ლია ელიავას ქუჩა,Lia Eliava Street,улица Лии Элиава
ლიანა ასათიანის ქუჩა,Liana Asatiani Street,улица Лианы Асатиани
ლიახვის ქუჩა,Liakhvi Street,улица Лиахви
ლიახვის ჩიხი,Liakhvi Dead End,тупик Лиахви
ლიბანის I ჩიხი,Libani 1st Dead End,1-й тупик Либани
ლიბანის ქუჩა,Libani Street,улица Либани
ლიბანის შესახვევი,Libani Lane,переулок Либани
ლიდია პაპასქირის ქუჩა,Lidia Papaskiri Street,улица Лидии Папаскири
ლიეპაიას ქუჩა,Liepaia Street,улица Лиепаия
ლიზა ნაკაშიძე-ბოლქვაძის I ჩიხი,Liza Nakashidze-Bolkvadze 1st Dead End,1-й тупик Лиза Накашидзе-Болквадзе
ლიზა ნაკაშიძე-ბოლქვაძის ქუჩა,Liza Nakashidze-Bolkvadze Street,улица Лизы Накашидзе-Болквадзе
ლიზიკო ქავთარაძის ქუჩა,Liziko Kavtaradze Street,улица Лизико Кавтарадзе
ლიკანის ქუჩა,Likani Street,улица Ликани
ლილი თაკვარელიას I ჩიხი,Lili Takvarelia 1st Dead End,1-й тупик Лили Такварелия
ლილი თაკვარელიას III ჩიხი,Lili Takvarelia 3rd Dead End,3-й тупик Лили Такварелия
ლილი თაკვარელიას ქუჩა,Lili Takvarelia Street,улица Лили Такварелия
ლილოს ქუჩა,Lilo Street,улица Лило
ლილოს შესახვევი,Lilo Lane,переулок Лило
ლიპტოვის ქუჩა,Liptov Street,улица Липтова
ლისის იასამნების ქუჩა,Lisi Iasamnebi Street,улица Лиси Иасамнеби
ლისის ქუჩა,Lisi Street,улица Лиси
ლიხის ქუჩა,Likhi Street,улица Лихи
ლომთათიძის I შესახვევი,Lomtatidze 1st Lane,1-й переулок Ломтатидзе
ლომთათიძის ქუჩა,Lomtatidze Street,улица Ломтатидзе
ლომისხევის ქუჩა,Lomiskhevi Street,улица Ломисхеви
ლოტკინის მთას ქუჩა,Lotkini Mta Street,улица Лоткини Мта
ლოტკინის ხევი,Lotkini Gorge,овраг Лоткини
ლოჭინის გასასვლელი,Lochini Exit,съезд Лочини
ლოჭინის ქუჩა,Lochini Street,улица Лочини
ლოჭინის შესახვევი,Lochini Exit,съезд Лочини
ლოჭინის ხევის ქუჩა,Lochini Khevi Street,улица Лочини Хеви
ლუარსაბ ანდრონიკაშვილის III შესახვევი,Luarsab Andronikashvili 3rd Lane,3-й переулок Луарсаба Андроникашвили
ლუარსაბ ანდრონიკაშვილის ქუჩა,Luarsab Andronikashvili Street,улица Луарсаба Андроникашвили
ლუარსაბ ბოცვაძის ქუჩა,Luarsab Botsvadze Street,улица Луарсаба Боцвадзе
ლუარსაბ შარაშიძის ქუჩა,Luarsab Sharashidze Street,улица Луарсаба Шарашидзе
ლუბლიანას I ჩიხი,Lubliana 1st Dead End,1-й тупик Лубляны
ლუბლიანას II ჩიხი,Lubliana 2nd Dead End,2-й тупик Лубляны
ლუბლიანას III ჩიხი,Lubliana 3rd Dead End,3-й тупик Лубляны
ლუბლიანას ქუჩა,Ljubljana Street,улица Любляны
ლუი ბლერიოს I გასასვლელი,Louis Blériot 1st Exit,1-й съезд Луи Блерио
ლუი ბლერიოს I შესახვევი,Louis Blériot 1st Lane,1-й переулок Луи Блерио
ლუი ბლერიოს ქუჩა,Louis Blériot Street,улица Луи Блерио
ლუი პასტერის ქუჩა,Lui Pasteur Street,улица Луи Пастера
ლუკა ასათიანის ქუჩა,Luka Asatiani Street,улица Луки Асатиани
ლუკა ასათიანის შესახვევი,Luka Asatiani Lane,переулок Лука Асатиани
ლუკა რაზიკაშვილის I შესახვევი,Luka Razikashvili 1st Lane,1-й переулок Луки Разикашвили
ლუკა რაზიკაშვილის I ჩიხი,Luka Razikashvili 1st Dead End,1-й тупик Луки Разикашвили
ლუკა რაზიკაშვილის II შესახვევი,Luka Razikashvili 2nd Lane,2-й переулок Луки Разикашвили
ლუკა რაზიკაშვილის II ჩიხი,Luka Razikashvili 2nd Dead End,2-й тупик Луки Разикашвили
ლუკა რაზიკაშვილის III შესახვევი,Luka Razikashvili 3rd Lane,3-й переулок Луки Разикашвили
ლუკა რაზიკაშვილის III ჩიხი,Luka Razikashvili 3rd Dead End,3-й тупик Луки Разикашвили
ლუკა რაზიკაშვილის IV შესახვევი,Luka Razikashvili 4th Lane,4-й переулок Луки Разикашвили
ლუკა რაზიკაშვილის IV ჩიხი,Luka Razikashvili 4th Dead End,4-й тупик Луки Разикашвили
ლუკა რაზიკაშვილის V შესახვევი,Luka Razikashvili 5th Lane,5-й переулок Луки Разикашвили
ლუკა რაზიკაშვილის V ჩიხი,Luka Razikashvili 5th Dead End,5-й тупик Луки Разикашвили
ლუკა რაზიკაშვილის ქუჩა,Luka Razikashvili Street,улица Луки Разикашвили
ლურჯქედის ქუჩა,Lurjkedi Street,улица Лурджкеди
მაგნოლიის I შესახვევი,Magnolii 1st Lane,1-й переулок Магнолии
მაგნოლიის I ჩიხი,Magnolia 1st Dead End,1-й тупик Магнолии
მაგნოლიის II შესახვევი,Magnolii 2nd Lane,2-й переулок Магнолии
მაგნოლიის III შესახვევი,Magnolii 3rd Lane,3-й переулок Магнолии
მაგნოლიის IV შესახვევი,Magnolii 4th Lane,4-й переулок Магнолии
მაგნოლიის ქუჩა,Magnolii Street,улица Магнолии
მაია თომაძის I ჩიხი,Maia Tomadze 1st Dead End,1-й тупик Майи Томадзе
მაია თომაძის II ჩიხი,Maia Tomadzi 2nd Dead end,2-й тупик Майи Томадзе
მაია თომაძის ქუჩა,Maia Tomadze Street,улица Майи Томадзе
მაია წყნეთელის I შესახვევი,Maia Tsqneteli 1st Lane,1-й переулок Майи Цкнетели
მაია წყნეთელის II შესახვევი,Maia Tsqneteli 2nd Lane,2-й переулок Майи Цкнетели
მაია წყნეთელის II ჩიხი,Maia Tsqneteli 2nd Dead End,2-й тупик Майи Цкнетели
მაია წყნეთელის III შესახვევი,Maia Tsqneteli 3rd Lane,3-й переулок Майи Цкнетели
მაია წყნეთელის ქუჩა,Maia Tsqneteli Street,улица Майи Цкнетели
მაიორ შალვა დოლიძის ქუჩა,Major Shalva Dolidze Street,улица Майора Шалвы Долидзе
მაკარ ბურჭულაძის ქუჩა,Makar Burchuladze Street,улица Макара Бурчуладзе
მაკო საფაროვა-აბაშიძის I შესახვევი,Mako Saparova-Abashidze 1st Lane,1-й переулок Мако Сапарова-Абашидзе
მაკო საფაროვა-აბაშიძის II შესახვევი,Mako Saparova-Abashidze 2nd Lane,2-й переулок Мако Сапарова-Абашидзе
მაკო საფაროვა-აბაშიძის ქუჩა,Mako Saparova-Abashidze Street,улица Мако Сапарова-Абашидзе
მალთაყვას გზატკეცილი,Maltaqva Highway,шоссе Малтаква
მალთაყვას ქუჩა,Maltaqva Street,улица Малтаква
მალთაყვას ჩიხი,Maltaqva Dead End,тупик Малтаква
მალინოვსკის ქუჩა,Malinovski Street,улица Малиновского
მალხაზ აბდუშელიშვილის ქუჩა,Malkhaz Abdushelishvili Street,улица Малхаза Абдушелишвили
მალხაზ დოლიძის ქუჩა,Malkhaz Dolidze Street,улица Малхаза Долидзе
მალხაზ ჯღარკავას I შესახვევი,Malkhaz Jgharkava 1st Lane,1-й переулок Малхаза Джгаркава
მალხაზ ჯღარკავას ქუჩა,Malkhaz Jgharkava Street,улица Малхаза Джгаркава
მალხაზის შესახვევი,Malkhazi Lane,переулок Малхази
მამა დავითის აღმართი,Mama Daviti Rise,подъём Мама Давити
მამია ალასანიას I შესახვევი,Mamia Alasania 1st Lane,1-й переулок Мамии Аласания
მამია ალასანიას I ჩიხი,Mamia Alasania 1st Dead End,1-й тупик Мамии Аласания
მამია ალასანიას II ჩიხი,Mamia Alasania 2nd Dead End,2-й тупик Мамии Аласания
მამია ალასანიას ქუჩა,Mamia Alasania Street,улица Мамии Аласания
მამია გოგოლიშვილის I შესახვევი,Mamia Gogolishvili 1st Lane,1-й переулок Мамии Гоголишвили
მამია გოგოლიშვილის ქუჩა,Mamia Gogolishvili Street,улица Мамии Гоголишвили
მამია გურიელის I შესახვევი,Mamia Gurieli 1st Lane,1-й переулок Мамия Гуриели
მამია გურიელის ქუჩა,Mamia Gurieli Street,улица Мамия Гуриели
მამია ვარშანიძის I შესახვევი,Mamia Varshanidze 1st Lane,1-й переулок Мамиа Варшанидзе
მამია ვარშანიძის I ჩიხი,Mamia Varshanidze 1st Dead End,1-й тупик Мамии Варшанидзе
მამია ვარშანიძის II შესახვევი,Mamia Varshanidze 2nd Lane,2-й переулок Мамиа Варшанидзе
მამია ვარშანიძის II ჩიხი,Mamia Varshanidze 2nd Dead End,2-й тупик Мамии Варшанидзе
მამია ვარშანიძის IV ჩიხი,Mamia Varshanidze 4th Dead End,4-й тупик Мамии Варшанидзе
მამია ვარშანიძის VI ჩიხი,Mamia Varshanidze 6th Dead End,6-й тупик Мамии Варшанидзе
მამია ვარშანიძის ქუჩა,Mamia Varshanidze Street,улица Мамии Варшанидзе
მამია ვარშანიძის შესახვევი,Mamia Varshanidze Lane,переулок Мамиа Варшанидзе
მამისაანთუბნის I ჩიხი,Mamisaantubani 1st Dead End,1-й тупик Мамисаантубани
მამისაანთუბნის ქუჩა,Mamisaantubani Street,улица Мамисаантубани
მამკოდას ქუჩა,Mamkodi Street,улица Мамкода
მამუკა ასლანიკაშვილის ქუჩა,Mamuka Aslanikashvili Street,улица Мамуки Асланикашвили
მამუკა ბეინაშვილის ქუჩა,Mamuka Beinashvili Street,улица Мамуки Беинашвили
მამუკა კაცაძის ქუჩა,Mamuka Katsadze Street,улица Мамуки Кацадзе
მამუკა კობალაძის ქუჩა,Mamuka Kobaladze Street,улица Мамуки Кобаладзе
მამუკა ნოზაძის I ჩიხი,Mamuka Nozadze 1st Dead End,1-й тупик Мамуки Нозадзе
მამუკა ნოზაძის II ჩიხი,Mamuka Nozadze 2nd Dead End,2-й тупик Мамуки Нозадзе
მამუკა ნოზაძის ქუჩა,Mamuka Nozadze Street,улица Мамуки Нозадзе
მამუკას შესახვევი,Mamuka Lane,переулок Мамука
მამულიშვილთა ხიდი,Mamulishvilta Bridge,мост Мамулишвилта
მანავის ქუჩა,Manavi Street,улица Манави
მანანა ლოლაძის I ჩიხი,Manana Loladze 1st Dead End,1-й тупик Мананы Лоладзе
მანანა ლოლაძის ქუჩა,Manana Loladze Street,улица Мананы Лоладзе
მანანა მელქაძის ქუჩა,Manana Melkadze Street,улица Мананы Мелкадзе
მანგლისის ქუჩა,Manglisi Street,улица Манглиси
მაჟალო-მიწების I ჩიხი,Mazhalo-Mitsebi 1st Dead End,1-й тупик Мажало-Мицеби
მაჟალო-მიწების ქუჩა,Mazhalo-Mitsebi Street,улица Мажало-Мицеби
მაჟალო-ხევის ქუჩა,Mazhalo-Khevi Street,улица Мажало-Хеви
მარაბდას ქუჩა,Marabda Street,улица Марабда
მარანის ქუჩა,Marani Street,улица Марани
მარატ ნოზაძის ქუჩა,Marat Nozadze Street,улица Марата Нозадзе
მარეთის I ჩიხი,Mareti 1st Dead End,1-й тупик Марети
მარეთის ქუჩა,Mareti Street,улица Марети
მარი ბროსეს ქუჩა,Marie Brosset Street,улица Мария Броссе
მარი ბროსეს ჩიხი,Marie Brosset Dead End,тупик Мария Броссе
მარია პერინის I შესახვევი,Maria Perini 1st Lane,1-й переулок Марии Перини
მარია პერინის ქუჩა,Maria Perini Street,улица Марии Перини
მარიამ აბრამიშვილის ქუჩა,Mariam Abramishvili Street,улица Мариам Абрамишвили
მარიამ გარიყულის ქუჩა,Mariam Garikuli Street,улица Мариам Гарикули
მარიამ გრიგალაშვილის ქუჩა,Mariam Grigalashvili Street,улица Мариам Григалашвили
მარიამ დადიანი-ანჩაბაძის I ჩიხი,Mariam Dadiani-Anchabadze 1st Dead End,1-й тупик Мариам Дадиани-Анчабадзе
მარიამ დადიანი-ანჩაბაძის ქუჩა,Mariam Dadiani-Anchabadze Street,улица Мариам Дадиани-Анчабадзе
მარიამ ივანიშვილი-დემურიას I შესახვევი,Mariam Ivanishvili-Demuria 1st Lane,1-й переулок Мариам Иванишвили-Демурия
მარიამ ივანიშვილი-დემურიას I ჩიხი,Mariam Ivanishvili-Demuria 1st Dead End,1-й тупик Мариам Иванишвили-Демурия
მარიამ ივანიშვილი-დემურიას ქუჩა,Mariam Ivanishvili-Demuria Street,улица Мариам Иванишвили-Демурия
მარიამ ლორთქიფანიძის ქუჩა,Mariam Lortkipanidze Street,улица Мариам Лорткипанидзе
მარიამ მეფის და ნანა დედოფლის I შესახვევი,Mariam Mepe Da Nana Dedopli 1st Lane,1-й переулок Мариам Мепе Да Нана Дедопли
მარიამ მეფის და ნანა დედოფლის I ჩიხი,Mariam Mepe Da Nana Dedopli 1st Dead End,1-й тупик Мариам Мепе Да Нана Дедопли
მარიამ მეფის და ნანა დედოფლის ქუჩა,Mariam Mepe Da Nana Dedopli Street,улица Мариам Мепе Да Нана Дедопли
მარიამ ტყავაძის ქუჩა,Mariam Tqavadze Street,улица Мариам Ткавадзе
მარიამ უგრელიძის I შესახვევი,Mariam Ugrelidze 1st Lane,1-й переулок Мариам Угрелидзе
მარიამ უგრელიძის III ჩიხი,Mariam Ugrelidze 3rd Dead End,3-й тупик Мариам Угрелидзе
მარიამ უგრელიძის IV ჩიხი,Mariam Ugrelidze 4th Dead End,4-й тупик Мариам Угрелидзе
მარიამ უგრელიძის V ჩიხი,Mariam Ugrelidze 5th Dead End,5-й тупик Мариам Угрелидзе
მარიამ უგრელიძის VI ჩიხი,Mariam Ugrelidze 6th Dead End,6-й тупик Мариам Угрелидзе
მარიამ უგრელიძის ქუჩა,Mariam Ugrelidze Street,улица Мариам Угрелидзе
მარიამ ჯამბაკურ-ორბელიანის ქუჩა,Mariam Jambakur-Orbeliani Street,улица Мариам Джамбакур-Орбелиани
მარიკა ბარათაშვილის ქუჩა,Marika Baratasvhili Street,улица Марики Бараташвили
მარინა ტაბატაძის I შესახვევი,Marina Tabatadze 1st Lane,1-й переулок Марины Табатадзе
მარინა ტაბატაძის ქუჩა,Marina Tabatadze Street,улица Марины Табатадзе
მარინა ჭყონია-სამარგულიანის I შესახვევი,Marina Chqonia-Samarguliani 1st Lane,1-й переулок Марины Чкониа-Самаргулиани
მარინა ჭყონია-სამარგულიანის ქუჩა,Marina Chqonia-Samarguliani Street,улица Марины Чкониа-Самаргулиани
მარინე თბილელის ქუჩა,Marime Tbileli Street,улица Мариме Тбилели
მარინე იაშვილის ქუჩა,Marine Iashvili Street,улица Марине Иашвили
მარინე უთმელიძის I შესახვევი,Marine Utmelidze 1st Lane,1-й переулок Марине Утмелидзе
მარინე უთმელიძის ქუჩა,Marine Utmelidze Street,улица Марине Утмелидзе
მარიჯანის ქუჩა,Marijani Street,улица Мариджани
მარკ ბრონშტეინის I შესახვევი,Mark Bronshtein 1st Lane,1-й переулок Марка Бронштейна
მარკ ბრონშტეინის I ჩიხი,Mark Bronshtein 1st Dead End,1-й тупик Марка Бронштейна
მარკ ბრონშტეინის II შესახვევი,Mark Bronshtein 2nd Lane,2-й переулок Марка Бронштейна
მარკ ბრონშტეინის ქუჩა,Mark Bronshtein Street,улица Марка Бронштейна
მარკო პოლოს I შესახვევი,Marko Polo 1st Lane,1-й переулок Марко Поло
მარკო პოლოს ქუჩა,Marco Polo Street,улица Марко Поло
მარკოზ აჭარელის I შესახვევი,Markoz Achareli 1st Lane,1-й переулок Маркоза Ачарели
მარკოზ აჭარელის II შესახვევი,Markoz Achareli 2nd Lane,2-й переулок Маркоза Ачарели
მარკოზ აჭარელის III შესახვევი,Markoz Achareli 3rd Lane,3-й переулок Маркоза Ачарели
მარკოზ აჭარელის ქუჩა,Markoz Achareli Street,улица Маркоза Ачарели
მარნეულის გზატკეცილი,Marneuli Highway,Марнеульское шоссе
მარნეულის ქუჩა,Marneuli Street,улица Марнеули
მარო თარხნიშვილის I ჩიხი,Maro Tarkhnishvili 1st Dead End,1-й тупик Маро Тархнишвили
მარო თარხნიშვილის ქუჩა,Maro Tarkhnishvili Street,улица Маро Тархнишвили
მარო მაყაშვილის I შესახვევი,Maro Maqashvili 1st Lane,1-й переулок Маро Макашвили
მარო მაყაშვილის I ჩიხი,Maro Maqashvili 1st Dead End,1-й тупик Маро Макашвили
მარო მაყაშვილის აღმართი,Maro Maqashvili Ascent,подъём Маро Макашвили
მარო მაყაშვილის ქუჩა,Maro Maqashvili Street,улица Маро Макашвили
მარო მაყაშვილის ჩიხი,Maro Makashvili Dead End,тупик Маро Макашвили
მარსელის ქუჩა,Marseli Street,улица Марсели
მარტვილის ქუჩა,Martvili Street,улица Мартвили
მარტიანის ქუჩა,Martiani Street,улица Мартиани
მარტყოფის I ჩიხი,Martqopi 1st Dead End,1-й тупик Марткопи
მარტყოფის II ჩიხი,Martqopi 2nd Dead End,2-й тупик Марткопи
მარტყოფის ქუჩა,Martqopi Street,улица Марткопи
მარტყოფის შესახვევი,Martqopi Lane,переулок Марткопи
მარუხის I შესახვევი,Marukhi 1st Lane,1-й переулок Марухи
მარუხის გმირების ქუჩა,Marukhis Gmirebi Street,улица Марухис Гмиреби
მარუხის ქუჩა,Marukhi Street,улица Марухи
მარშალ გელოვანის გამზირი,Marshal Gelovani Avenue,проспект Маршала Геловани
მარშალ იოზეფ პილსუდსკის გამზირი,Marshal Joseph Pilsudski Avenue,проспект Маршала Юзефа Пилсудского
მარშალ იოზეფ პილსუდსკის მოედანი,Marshal Joseph Pilsudski Square,площадь Маршала Юзефа Пилсудского
მარცხენა სანაპიროს ქუჩა,Martskhena Sanapiro Street,улица Марцхена Санапиро
მარჯანიშვილის მოედანი,Marjanishvili Square,площадь Марджанишвили
მარჯვენა სანაპირო,Right Embankment,набережная Марджвена
მარჯვენა სანაპიროს ჩიხი,Marjvena Sanapiro Dead End,тупик Марджвена Санапиро
მარჯნის ქუჩა,Marjani Street,улица Марджани
მარჯორი უორდროპის I ჩიხი,Marjori Uordropi 1st Dead End,1-й тупик Марджори Уордропи
მარჯორი უორდროპის II ჩიხი,Marjori Uordropi 2nd Dead End,2-й тупик Марджори Уордропи
მარჯორი უორდროპის ქუჩა,Marjori Uordropi Street,улица Марджори Уордропи
მატათა მოციქულის I ჩიხი,Matata Motsikuli 1st Dead End,1-й тупик Матата Моцикули
მატათა მოციქულის II ჩიხი,Matata Motsikuli 2nd Dead End,2-й тупик Матата Моцикули
მათატა მოციქულის ქუჩა,Matata Motsikulis Street,улица Матата Моцикули
მაქს ტილკეს I ჩიხი,Maks Tilke 1st Dead End,1-й тупик Макса Тилке
მაქს ტილკეს ქუჩა,Maks Tilke Street,улица Макса Тилке
მაქსიმ გორკის I შესახვევი,Maksim Gorki 1st Lane,1-й переулок Максима Горького
მაქსიმ გორკის II შესახვევი,Maksim Gorki 2nd Lane,2-й переулок Максима Горького
მაქსიმ გორკის II ჩიხი,Maxim Gorky 2nd Dead End,2-й тупик Максима Горького
მაქსიმ გორკის ქუჩა,Maxim Gorky Street,улица Максима Горького
მაქსიმე შარაძის ქუჩა,Maksime Sharadze Street,улица Максима Шарадзе
მაღალაძეების ქუჩა,Maghaladze Street,улица Магаладзе
მაღაროს ქუჩა,Magharo Street,улица Магаро
მაღაროს შესახვევი,Magharo Lane,переулок Магаро
მაყვალა მრევლიშვილის ქუჩა,Maqvala Mrevlishvili Street,улица Маквала Мревлишвили
მაჩხაანის ქუჩა,Machkhaani Street,улица Мачхаани
მაცესტის შესახვევი,Matsesti Lane,переулок Мацести
მაცხოვრისკარის ქუჩა,Matskhovriskari Street,улица Мацховрискари
მაჭარის შესახვევი,Machari Lane,переулок Мачари
მაჭახელას I შესახვევი,Machakhela 1st Lane,1-й переулок Мачахела
მაჭახელას ქუჩა,Machakhela Street,улица Мачахела
მახათას აღმართი,Makhata Rise,подъём Махата
მახათას აღმართის I შესახვევი,Makhata Rise 1st Lane,1-й переулок Махата
მახათას აღმართის I ჩიხი,Makhata Rise 1st Dead End,1-й тупик Махата
მახათას აღმართის II შესახვევი,Makhata Rise 2nd Lane,2-й переулок Махата
მახათას აღმართის II ჩიხი,Makhata Rise 2nd Dead End,2-й тупик Махата
მახათას აღმართის III შესახვევი,Makhata Rise 3rd Lane,3-й переулок Махата
მახათას აღმართის IV შესახვევი,Makhata Rise 4th Lane,4-й переулок Махата
მახარობლის ქუჩა,Makharobeli Street,улица Махаробели
მახვილაურის ქუჩა,Makhvilauri Street,улица Махвилаури
მახინჯაურის გვირაბი,Makhinjauri Tunnel,туннель Махинджаури
მე-10 ქუჩა,10th Street,10-я улица
მე-11 ქუჩა,11th Street,11-я улица
მე-12 ქუჩა,12th Street,12-я улица
მე-13 ქუჩა,13th Street,13-я улица
მე-14 ქუჩა,14th Street,14-я улица
მე-15 ქუჩა,15th Street,15-я улица
მე-16 ქუჩა,16th Street,16-я улица
მე-17 ქუჩა,17th Street,17-я улица
მე-18 ქუჩა,18th Street,18-я улица
მე-19 ქუჩა,19th Street,19-я улица
მე-2 ქუჩა,2nd Street,2-я улица
მე-20 ქუჩა,20th Street,20-я улица
მე-3 ქუჩა,3rd Street,3-я улица
მე-4 ქუჩა,4th Street,4-я улица
მე-5 ქუჩა,5th Street,5-я улица
მე-6 ქუჩა,6th Street,6-я улица
მე-7 ქუჩა,7th Street,7-я улица
მე-8 ქუჩა,8th Street,8-я улица
მე-9 ქუჩა,9th Street,9-я улица
მეგობრობას ქუჩა,Megobroba Street,улица Мегоброба
მეგობრობის I გასასვლელი,Megobroba 1st Exit,1-й съезд Мегоброба
მეგობრობის I ჩიხი,Megobroba 1st Dead End,1-й тупик Мегоброба
მეგობრობის II გასასვლელი,Megobroba 2nd Exit,2-й съезд Мегоброба
მეგობრობის გამზირი,Megobroba Avenue,проспект Мегоброба
მეგობრობის ქუჩა,Megobroba Street,улица Мегоброба
მედეა (მზია) ჯუღელის ქუჩა,Medea (Mzia) Jugheli Street,улица Медеи (Мзии) Джугели
მედეა ღამბაშიძის ქუჩა,Medea Ghambashidze Street,улица Медеи Гамбашидзе
მედეა ჩახავას ქუჩა,Medea Chakhava Street,улица Медеа Чахава
მედეას ქუჩა,Medea Street,улица Медея
მეველეს ქუჩა,Mevele Street,улица Мевеле
მეველეს შესახვევი,Mevele Lane,переулок Мевеле
მეველეს ჩიხი,Mevele Dead End,тупик Мевеле
მეზღვაურთა ქუჩა,Mezghvaurta Street,улица Мезгваурта
მელაანის II შესახვევი,Melaani 2nd Lane,2-й переулок Мелаани
მელიტონ ბალანჩივაძის გასასვლელი,Meliton Balanchivadze Exit,съезд Мелитона Баланчивадзе
მელიტონ ბალანჩივაძის ქუჩა,Meliton Balanchivadze Street,улица Мелитона Баланчивадзе
მელიტონ და ანდრია ბალანჩივაძეების ქუჩა,Meliton and Andria Balanchivadzeebi Street,улица Мелитона и Андрея Баланчивадзе
მელიტონ ქანთარიას ქუჩა,Meliton Kantaria Street,улица Мелитона Кантария
მემედ აბაშიძის ქუჩა,Memed Abashidze Street,улица Мемеда Абашидзе
მემედ კონცელიძის ქუჩა,Memed Kontselidze Street,улица Мемеда Концелидзе
მერაბ ალექსიძის I შესახვევი,Merab Aleksidze 1st Lane,1-й переулок Мераба Алексидзе
მერაბ ალექსიძის II შესახვევი,Merab Aleksidze 2nd Lane,2-й переулок Мераба Алексидзе
მერაბ ალექსიძის ქუჩა,Merab Aleksidze Street,улица Мераба Алексидзе
მერაბ ბარამიას I ჩიხი,Merab Baramia 1st Dead End,1-й тупик Мераба Барамия
მერაბ ბარამიას ქუჩა,Merab Baramia Street,улица Мераба Барамия
მერაბ ბერძენიშვილის ქუჩა,Merab Berdzenishvili Street,улица Мераба Бердзенишвили
მერაბ კოსტავას I შესახვევი,Merab Kostava 1st Lane,1-й переулок Мераба Коставы
მერაბ კოსტავას I ჩიხი,Merab Kostava 1st Dead End,1-й тупик Мераба Коставы
მერაბ კოსტავას II ჩიხი,Merab Kostava 2nd Dead End,2-й тупик Мераба Коставы
მერაბ კოსტავას IV ჩიხი,Merab Kostava 4th Dead End,4-й тупик Мераба Коставы
მერაბ კოსტავას გამზირი,Merab Kostava Avenue,проспект Мераба Коставы
მერაბ კოსტავას ქუჩა,Merab Kostava Street,улица Мераба Коставы
მერაბ კოსტავას ჩიხი,Merab Kostava Dead End,тупик Мераба Коставы
მერაბ მამარდაშვილის I შესახვევი,Merab Mamardashvili 1st Lane,1-й переулок Мераба Мамардашвили
მერაბ მამარდაშვილის II შესახვევი,Merab Mamardashvili 2nd Lane,2-й переулок Мераба Мамардашвили
მერაბ მამარდაშვილის ქუჩა,Merab Mamardashvili Street,улица Мераба Мамардашвили
მერაბ ნიქაბაძის ქუჩა,Merab Nikabadze Street,улица Мераба Никабадзе
მერაბ ქვილითაიას ქუჩა,Merab Kvilitaia Street,улица Мераб Квилитаия
მერანის I ჩიხი,Merani 1st Dead End,1-й тупик Мерани
მერანის ქუჩა,Merani Street,улица Мерани
მერი დავითაშვილის I ჩიხი,Meri Davitashvili 1st Dead End,1-й тупик Мери Давиташвили
მერი დავითაშვილის ქუჩა,Meri Davitashvili Street,улица Мери Давиташвили
მერი მდივანის I ჩიხი,Meri Mdivani 1st Dead End,1-й тупик Мэри Мдивани
მერი მდივანის II ჩიხი,Meri Mdivani 2nd Dead End,2-й тупик Мэри Мдивани
მერი მდივანის III ჩიხი,Meri Mdivani 3rd Dead End,3-й тупик Мэри Мдивани
მერი მდივანის ქუჩა,Meri Mdivani Street,улица Мэри Мдивани
მერი ნავაშიძის ქუჩა,Meri Navashidze Street,улица Мери Навашидзе
მერი პაკელიანის ქუჩა,Meri Pakeliani Street,улица Мери Пакелиани
მერი შერვაშიძის I შესახვევი,Meri Shervashidze 1st Lane,1-й переулок Мери Шервашидзе
მერი შერვაშიძის II შესახვევი,Meri Shervashidze 2nd Lane,2-й переулок Мери Шервашидзе
მერი შერვაშიძის III შესახვევი,Meri Shervashidze 3rd Lane,3-й переулок Мери Шервашидзе
მერი შერვაშიძის IV შესახვევი,Meri Shervashidze 4th Lane,4-й переулок Мери Шервашидзе
მერი შერვაშიძის V შესახვევი,Meri Shervashidze 5th Lane,5-й переулок Мери Шервашидзе
მერი შერვაშიძის VI შესახვევი,Meri Shervashidze 6th Lane,6-й переулок Мери Шервашидзе
მერი შერვაშიძის ქუჩა,Meri Shervashidze Street,улица Мери Шервашидзе
მესხეთის I შესახვევი,Meskheti 1st Lane,1-й переулок Месхети
მესხეთის I ჩიხი,Meskheti 1st Dead End,1-й тупик Месхети
მესხეთის II ჩიხი,Meskheti 2nd Dead End,2-й тупик Месхети
მესხეთის ქუჩა,Meskheti Street,улица Месхети
მესხიას ქუჩა,Meskhia Street,улица Месхиа
მეტეხის აღმართი,Metekhi Ascent,подъем Метехи
მეტეხის ქუჩა,Metekhi Street,улица Метехи
მეურნეს I შესახვევი,Meurne 1st Lane,1-й переулок Меурне
მეურნეს ქუჩა,Meurne Street,улица Меурне
მეფე გიორგი მესამეს ქუჩა,Mepe Giorgi Mesame Street,улица Мепе Гиорги Месаме
მეფე ერეკლე მეორეს ქუჩა,Mepe Erekle Meore Street,улица Мепе Эрекле Меоре
მეფე თეიმურაზ პირველის I შესახვევი,Mepe Teimuraz Pirveli 1st Lane,1-й переулок Мепе Теимураз Пирвели
მეფე თეიმურაზ პირველის ქუჩა,Mepe Teimuraz Pirveli Street,улица Мепе Теимураз Пирвели
მეფე ლუარსაბ პირველის ქუჩა,Mepe Luarsab Pirveli Street,улица Мепе Луарсаб Пирвели
მეფე მირიანის I ჩიხი,Mepe Miriani 1st Dead End,1-й тупик Мепе Мириани
მეფე მირიანის II ჩიხი,Mepe Miriani 2nd Dead End,2-й тупик Мепе Мириани
მეფე მირიანის III ჩიხი,Mepe Miriani 3rd Dead End,3-й тупик Мепе Мириани
მეფე მირიანის ქუჩა,Mepe Miriani Street,улица Мепе Мириани
მეფე სოლომონ II-ის I შესახვევი,Mephe Solomon Meori 1st Lane,1-й переулок Мефе Соломон Меори
მეფე სოლომონ II-ის ქუჩა,Mephe Solomon Meori Street,улица Мефе Соломон Меори
მეფე ფარნავაზი I ქუჩა,Mepe Parnavazi 1st Street,1-я улица Мепе Парнавази
მეფრინველეთას I შესახვევი,Meprinveleta 1st Lane,1-й переулок Мепринвелета
მეფრინველეთას II შესახვევი,Meprinveleta 2nd Lane,2-й переулок Мепринвелета
მეფრინველეთას III შესახვევი,Meprinveleta 3rd Lane,3-й переулок Мепринвелета
მეფრინველეთას ქუჩა,Meprinveleta Street,улица Мепринвелета
მეფსალმუნე დავით მეფეს ქუჩა,Mepsalmune Davit Mepe Street,улица Мефсалмуне Давид Мефе
მეფუტკრეობას ქუჩა,Meputkreoba Street,улица Мепуткреоба
მექაღალდეთა I შესახვევი,Mekaghaldeta 1st Lane,1-й переулок Мекагалдета
მექაღალდეთა II შესახვევი,Mekaghaldeta 2nd Lane,2-й переулок Мекагалдета
მექაღალდეთა ქუჩა,Mekaghaldeta Street,улица Мекагалдета
მეჯვრისხევის ქუჩა,Mejvriskhevi Street,улица Меджврисхеви
მზია ერისთავის ქუჩა,Mzia Eristavi Street,улица Мзии Эристави
მზია ჯინჭარაძის ქუჩა,Mzia Jincharadze Street,улица Мзии Джинчарадзе
მტავარანგელოზის ქუჩა,Mtavarangelozi Street,улица Мтаварангелози
მთაწმინდას ქუჩა,Mtatsminda Street,улица Мтацминда
მთაწმინდის შესახვევი,Mtatsminda Lane,переулок Мтацминда
მთის კალთის I გასასვლელი,Mti Kalti 1st Exit,1-й съезд Мти Калти
მთის კალთის I ჩიხი,Mti Kalti 1st Dead End,1-й тупик Мти Калти
მთის კალთის II ჩიხი,Mti Kalti 2nd Dead End,2-й тупик Мти Калти
მთის კალთის III ჩიხი,Mti Kalti 3rd Dead End,3-й тупик Мти Калти
მთის კალთის ქუჩა,Mti Kalti Street,улица Мти Калти
მთისძირის I შესახვევი,Mtisdziri 1st Lane,1-й переулок Мтисдзири
მთისძირის II შესახვევი,Mtisdziri 2nd Lane,2-й переулок Мтисдзири
მთისძირის ქუჩა,Mtisdziri Street,улица Мтисдзири
მიკოლა ბაჟანის ქუჩა,Mikola Bazhani Street,улица Миколы Бажани
მინადორა ორჯონიკიძე-ტოროშელიძის I შესახვევი,Minadora Orjonikidze-Toroshelidze 1st Lane,1-й переулок Минадоры Орджоникидзе-Торошелидзе
მინადორა ორჯონიკიძე-ტოროშელიძის I ჩიხი,Minadora Orjonikidze-Toroshelidze 1st Dead End,1-й тупик Минадоры Орджоникидзе-Торошелидзе
მინადორა ორჯონიკიძე-ტოროშელიძის II შესახვევი,Minadora Orjonikidze-Toroshelidze 2nd Lane,2-й переулок Минадоры Орджоникидзе-Торошелидзе
მინადორა ორჯონიკიძე-ტოროშელიძის II ჩიხი,Minadora Orjonikidze-Toroshelidze 2nd Dead End,2-й тупик Минадоры Орджоникидзе-Торошелидзе
მინადორა ორჯონიკიძე-ტოროშელიძის III შესახვევი,Minadora Orjonikidze-Toroshelidze 3rd Lane,3-й переулок Минадоры Орджоникидзе-Торошелидзе
მინადორა ორჯონიკიძე-ტოროშელიძის III ჩიხი,Minadora Orjonikidze-Toroshelidze 3rd Dead End,3-й тупик Минадоры Орджоникидзе-Торошелидзе
მინადორა ორჯონიკიძე-ტოროშელიძის IV ჩიხი,Minadora Orjonikidze-Toroshelidze 4th Dead End,4-й тупик Минадоры Орджоникидзе-Торошелидзе
მინადორა ორჯონიკიძე-ტოროშელიძის IX ჩიხი,Minadora Orjonikidze-Toroshelidze 9th Dead End,9-й тупик Минадоры Орджоникидзе-Торошелидзе
მინადორა ორჯონიკიძე-ტოროშელიძის V ჩიხი,Minadora Orjonikidze-Toroshelidze 5th Dead End,5-й тупик Минадоры Орджоникидзе-Торошелидзе
მინადორა ორჯონიკიძე-ტოროშელიძის VI ჩიხი,Minadora Orjonikidze-Toroshelidze 6th Dead End,6-й тупик Минадоры Орджоникидзе-Торошелидзе
მინადორა ორჯონიკიძე-ტოროშელიძის VII ჩიხი,Minadora Orjonikidze-Toroshelidze 7th Dead End,7-й тупик Минадоры Орджоникидзе-Торошелидзе
მინადორა ორჯონიკიძე-ტოროშელიძის VIII ჩიხი,Minadora Orjonikidze-Toroshelidze 8th Dead End,8-й тупик Минадоры Орджоникидзе-Торошелидзе
მინადორა ორჯონიკიძე-ტოროშელიძის ქუჩა,Minadora Orjonikidze-Toroshelidze Street,улица Минадоры Орджоникидзе-Торошелидзе
მირზა გელოვანის I შესახვევი,Mirza Gelovani 1st Lane,1-й переулок Мирзы Геловани
მირზა გელოვანის I ჩიხი,Mirza Gelovani 1st Dead End,1-й тупик Мирзы Геловани
მირზა გელოვანის II ჩიხი,Mirza Gelovani 2nd Dead End,2-й тупик Мирзы Геловани
მირზა გელოვანის III ჩიხი,Mirza Gelovani 3rd Dead End,3-й тупик Мирзы Геловани
მირზა გელოვანის IV ჩიხი,Mirza Gelovani 4th Dead End,4-й тупик Мирзы Геловани
მირზა გელოვანის V ჩიხი,Mirza Gelovani 5th Dead End,5-й тупик Мирзы Геловани
მირზა გელოვანის VI ჩიხი,Mirza Gelovani 6th Dead End,6-й тупик Мирзы Геловани
მირზა გელოვანის VII ჩიხი,Mirza Gelovani 7th Dead End,7-й тупик Мирзы Геловани
მირზა გელოვანის ქუჩა,Mirza Gelovani Street,улица Мирзы Геловани
მირზა გელოვანის ჩიხი,Mirza Gelovani Dead End,тупик Мирзы Геловани
მირზა ფათალი ახუნდოვის ქუჩა,Mirza Fatali Akhundov Street,улица Мирзы Фатали Ахундова
მირზა ფათალი ახუნდოვის შესახვევი,Mirza Fatali Akhundov Lane,переулок Мирзы Фатали Ахундова
მირზა ფათალის I ჩიხი,Mirza Fatali 1st Dead End,1-й тупик Мирзы Фатали
მირზა ფათალის II ჩიხი,Mirza Fatali 2nd Dead End,2-й тупик Мирзы Фатали
მირზა ფათალის ქუჩა,Mirza Fatali Street,улица Мирзы Фатали
მირზა შაფის ქუჩა,Mirza Shapi Street,улица Мирзы Шапи
მირზაანის I ჩიხი,Mirzaani 1st Dead End,1-й тупик Мирзаани
მირზაანის ქუჩა,Mirzaani Street,улица Мирзаани
მირიან მეფის I შესახვევი,Mirian Mepe 1st Lane,1-й переулок Мириан Мепе
მირიან მეფის ქუჩა,Mirian Mepe Street,улица Мириан Мепе
მიტროპოლიტი სერგის ქუჩა,Mitropoliti Sergi Street,улица Митрополита Сергия
მიტროფანე ლაღიძის ქუჩა,Mitropane Laghidze Street,улица Митрофана Лагидзе
მიქატაძის ქუჩა,Mikatadze Street,улица Микатадзе
მიშა მაკალათიას ქუჩა,Misha Makalatia Street,улица Миши Макалатия
მიშა მესხის ქუჩა,Misha Meskhi Street,улица Миши Месхи
მიხა ხელაშვილის ქუჩა,Mikha Khelashvili Street,улица Михи Хелашвили
მიხაი ზიჩის ქუჩა,Mihály Zichy Street,улица Михала Зичи
მიხაკო წერეთლის ქუჩა,Mikhako Tsereteli Street,улица Михако Церетели
მიხეილ აბრამიშვილის ქუჩა,Mikheil Abramishvili Street,улица Михеила Абрамишвили
მიხეილ ასათიანის ქუჩა,Mikheil Asatiani Street,улица Михеила Асатиани
მიხეილ ბერძენიშვილის ქუჩა,Mikheil Berdzenishvili Street,улица Михеила Бердзенишвили
მიხეილ ბურძგლას ქუჩა,Mikheil Burdzgla Street,улица Михеила Бурдзгла
მიხეილ ბუხაიძის I შესახვევი,Mikheil Bukhaidze 1st Lane,1-й переулок Михеила Бухаидзе
მიხეილ ბუხაიძის II შესახვევი,Mikheil Bukhaidze 2nd Lane,2-й переулок Михеила Бухаидзе
მიხეილ ბუხაიძის ქუჩა,Mikheil Bukhaidze Street,улица Михеила Бухаидзе
მიხეილ გახოკიძის II შესახვევი,Mikheil Gakhokidze 2nd Lane,2-й переулок Михаила Гахокидзе
მიხეილ გახოკიძის III შესახვევი,Mikheil Gakhokidze 3rd Lane,3-й переулок Михаила Гахокидзе
მიხეილ გახოკიძის ქუჩა,Mikheil Gakhokidze Street,улица Михаила Гахокидзе
მიხეილ გლინკას ქუჩა,Mikhail Glinka Street,улица Михаила Глинки
მიხეილ გრიგორაშვილის I გასასვლელი,Mikheil Grigorashvili 1st Exit,1-й съезд Михеила Григорашвили
მიხეილ გრიგორაშვილის ქუჩა,Mikheil Grigorashvili Street,улица Михеила Григорашвили
მიხეილ ერისთავის ქუჩა,Mikheil Eristavi Street,улица Михаила Эристави
მიხეილ ერისთავის I შესახვევი,Mikheil Eristavi 1st Lane,1-й переулок Михаила Эристави
მიხეილ ერისთავის II შესახვევი,Mikheil Eristavi 2nd Lane,2-й переулок Михаила Эристави
მიხეილ ერისთავის III შესახვევი,Mikheil Eristavi 3rd Lane,3-й переулок Михаила Эристави
მიხეილ ერისთავის IV შესახვევი,Mikheil Eristavi 4th Lane,4-й переулок Михаила Эристави
მიხეილ ვაშაკიძის I გასასვლელი,Mikheil Vashakidze 1st Exit,1-й съезд Михеила Вашакидзе
მიხეილ ვაშაკიძის I შესახვევი,Mikheil Vashakidze 1st Lane,1-й переулок Михеила Вашакидзе
მიხეილ ვაშაკიძის ქუჩა,Mikheil Vashakidze Street,улица Михеила Вашакидзе
მიხეილ ზანდუკელის ქუჩა,Mikheil Zandukeli Street,улица Михаила Зандукели
მიხეილ ზანდუკელის ჩიხი,Mikheil Zandukeli Dead End,тупик Михаила Зандукели
მიხეილ თამარაშვილის გამზირი,Mikheil Tamarashvili Avenue,проспект Михаила Тамарашвили
მიხეილ თარხნიშვილის ქუჩა,Mikheil Tarkhnishvili Street,улица Михаила Тархнишвили
მიხეილ თუმანიშვილის ქუჩა,Mikheil Tumanishvili Street,улица Михеила Туманишвили
მიხეილ იპოლიტოვ-ივანოვის I შესახვევი,Mikhail Ipolitov-Ivanov 1st Lane,1-й переулок Михаила Ипполитова-Иванова
მიხეილ იპოლიტოვ-ივანოვის I ჩიხი,Mikhail Ipolitov-Ivanov 1st Dead End,1-й тупик Михаила Ипполитова-Иванова
მიხეილ იპოლიტოვ-ივანოვის II შესახვევი,Mikhail Ipolitov-Ivanov 2nd Lane,2-й переулок Михаила Ипполитова-Иванова
მიხეილ იპოლიტოვ-ივანოვის II ჩიხი,Mikhail Ipolitov-Ivanov 2nd Dead End,2-й тупик Михаила Ипполитова-Иванова
მიხეილ იპოლიტოვ-ივანოვის III ჩიხი,Mikhail Ipolitov-Ivanov 3rd Dead End,3-й тупик Михаила Ипполитова-Иванова
მიხეილ იპოლიტოვ-ივანოვის ქუჩა,Mikhail Ipolitov-Ivanov Street,улица Михаила Ипполитова-Иванова
მიხეილ კეკელიძის I გასასვლელი,Mikheil Kekelidze 1st Exit,1-й съезд Михеила Кекелидзе
მიხეილ კეკელიძის ქუჩა,Mikheil Kekelidze Street,улица Михеила Кекелидзе
მიხეილ ლერმონტოვის I შესახვევი,Mikhail Lermontov 1st Lane,1-й переулок Михаила Лермонтова
მიხეილ ლერმონტოვის II შესახვევი,Mikhail Lermontov 2nd Lane,2-й переулок Михаила Лермонтова
მიხეილ ლერმონტოვის ქუჩა,Mikhail Lermontov Street,улица Михаила Лермонтова
მიხეილ ლერმონტოვის ჩიხი,Mikhail Lermontov Dead End,тупик Михаила Лермонтова
მიხეილ ლომონოსოვის ქუჩა,Mikhail Lomonosov Street,улица Михаила Ломоносова
მიხეილ ლომონოსოვის შესახვევი,Mikhail Lomonosov Lane,переулок Михаила Ломоносова
მიხეილ მესხის I შესახვევი,Mikheil Meskhi 1st Lane,1-й переулок Михеила Месхи
მიხეილ მესხის I ჩიხი,Mikheil Meskhi 1st Dead End,1-й тупик Михеила Месхи
მიხეილ მესხის II შესახვევი,Mikheil Meskhi 2nd Lane,2-й переулок Михеила Месхи
მიხეილ მესხის II ჩიხი,Mikheil Meskhi 2nd Dead End,2-й тупик Михеила Месхи
მიხეილ მესხის ქუჩა,Mikheil Meskhi Street,улица Михеила Месхи
მიხეილ მრევლიშვილის I შესახვევი,Mikheil Mrevlishvili 1st Lane,1-й переулок Михеила Мревлишвили
მიხეილ მრევლიშვილის II შესახვევი,Mikheil Mrevlishvili 2nd Lane,2-й переулок Михеила Мревлишвили
მიხეილ მრევლიშვილის III შესახვევი,Mikheil Mrevlishvili 3rd Lane,3-й переулок Михеила Мревлишвили
მიხეილ მრევლიშვილის ქუჩა,Mikheil Mrevlishvili Street,улица Михеила Мревлишвили
მიხეილ საბაშვილის ქუჩა,Mikheil Sabashvili Street,улица Михеила Сабашвили
მიხეილ ქავთარაძის ქუჩა,Mikheil Kavtaradze Street,улица Михеила Кавтарадзе
მიხეილ ქორქიას I ჩიხი,Mikheil Korkia 1st Dead End,1-й тупик Михеила Коркия
მიხეილ ქორქიას ქუჩა,Mikheil Korkia Street,улица Михеила Коркия
მიხეილ ღლონტის ქუჩა,Mikheil Ghlonti Street,улица Михеила Глонти
მიხეილ შავიშვილის ქუჩა,Mikheil Shavishvili Street,улица Михаила Шавишвили
მიხეილ შარაშიძის I ჩიხი,Mikheil Sharashidze 1st Dead End,1-й тупик Михеила Шарашидзе
მიხეილ შარაშიძის II ჩიხი,Mikheil Sharashidze 2nd Dead End,2-й тупик Михеила Шарашидзе
მიხეილ შარაშიძის III ჩიხი,Mikheil Sharashidze 3rd Dead End,3-й тупик Михеила Шарашидзе
მიხეილ შარაშიძის IV ჩიხი,Mikheil Sharashidze 4th Dead End,4-й тупик Михеила Шарашидзе
მიხეილ შარაშიძის V ჩიხი,Mikheil Sharashidze 5th Dead End,5-й тупик Михеила Шарашидзе
მიხეილ შარაშიძის ქუჩა,Mikheil Sharashidze Street,улица Михеила Шарашидзе
მიხეილ შაფთოშვილის ქუჩა,Mikheil Shaptoshvili Street,улица Михаила Шаптошвили
მიხეილ ჩემინავას ქუჩა,Mikheil Cheminava Street,улица Михеила Чеминава
მიხეილ ჩოდრიშვილის ქუჩა,Mikheil Chodrishvili Street,улица Михаила Чодришвили
მიხეილ ცისკარიშვილის ქუჩა,Mikheil Tsiskarishvili Street,улица Михаила Цискаришвили
მიხეილ წინამძღვრიშვილის ქუჩა,Mikheil Tsinamdzghvrishvili Street,улица Михеила Цинамдзгвришвили
მიხეილ ჭიაურელის I ჩიხი,Mikheil Chiaureli 1st Dead End,1-й тупик Михеила Чиаурели
მიხეილ ჭიაურელის გასასვლელი,Mikheil Chiaureli Exit,съезд Михеила Чиаурели
მიხეილ ჭიაურელის ქუჩა,Mikheil Chiaureli Street,улица Михеила Чиаурели
მიხეილ ხერგიანის I ჩიხი,Mikheil Khergiani 1st Dead End,1-й тупик Михеила Хергиани
მიხეილ ხერგიანის II ჩიხი,Mikheil Khergiani 2nd Dead End,2-й тупик Михеила Хергиани
მიხეილ ხერგიანის III ჩიხი,Mikheil Khergiani 3rd Dead End,3-й тупик Михеила Хергиани
მიხეილ ხერგიანის ქუჩა,Mikheil Khergiani Street,улица Михеила Хергиани
მიხეილ ხვინგიას ქუჩა,Mikheil Khvingia Street,улица Михаила Хвингиа
მიხეილ ჯავახიშვილის I შესახვევი,Mikheil Javakhishvili 1st Lane,1-й переулок Михаила Джавахишвили
მიხეილ ჯავახიშვილის I ჩიხი,Mikheil Javakhishvili 1st Dead End,1-й тупик Михаила Джавахишвили
მიხეილ ჯავახიშვილის II შესახვევი,Mikheil Javakhishvili 2nd Lane,2-й переулок Михаила Джавахишвили
მიხეილ ჯავახიშვილის II ჩიხი,Mikheil Javakhishvili 2nd Dead End,2-й тупик Михаила Джавахишвили
მიხეილ ჯავახიშვილის III ჩიხი,Mikheil Javakhishvili 3rd Dead End,3-й тупик Михаила Джавахишвили
მიხეილ ჯავახიშვილის ქუჩა,Mikheil Javakhishvili Street,улица Михаила Джавахишвили
მიხეილ ჯავახიშვილის ჩიხი,Mikheil Javakhishvili Dead End,тупик Михаила Джавахишвили
მნათობის I ჩიხი,Mnatobi 1st Dead End,1-й тупик Мнатоби
მნათობის II ჩიხი,Mnatobi 2nd Dead End,2-й тупик Мнатоби
მნათობის ქუჩა,Mnatobi Street,улица Мнатоби
მნათობის შესახვევი,Mnatobi Lane,переулок Мнатоби
მოლითის I ჩიხი,Moliti 1st Dead End,1-й тупик Молити
მოლითის ქუჩა,Moliti Street,улица Молити
მომავლის ქუჩა,Momavali Street,улица Момавали
მონადირეს I შესახვევი,Monadire 1st Lane,1-й переулок Монадире
მონადირეს II შესახვევი,Monadire 2nd Lane,2-й переулок Монадире
მონადირეს III შესახვევი,Monadire 3rd Lane,3-й переулок Монадире
მონადირეს ქუჩა,Monadire Street,улица Монадире
მონასტერის I შესახვევი,Monasteri 1st Lane,1-й переулок Монастери
მონასტერის ქუჩა,Monasteri Street,улица Монастери
მონასტერის ჩიხი,Monasteri Dead End,тупик Монастери
მორის ფოცხიშვილის ქუჩა,Mori Potskhishvili Street,улица Мори Поцхишвили
მოსავლიანის ქუჩა,Mosavliani Street,улица Мосавлиани
მოსე გოგიბერიძის ქუჩა,Mose Gogiberidze Street,улица Мосе Гогиберидзе
მოსე თოიძის ქუჩა,Mose Toidze Street,улица Мосе Тоидзе
მოსე თოიძის შესახვევი,Mose Toidze Lane,переулок Мосе Тоидзе
მოსე ხონელის ქუჩა,Mose Khoneli Street,улица Мосе Хонели
მოსე ხონელის შესახვევი,Mose Khoneli Lane,переулок Мосе Хонели
მოსე ხონელის ჩიხი,Mose Khoneli Dead End,тупик Мосе Хонели
მოსე ჯანაშვილის ქუჩა,Mose Janashvili Street,улица Мосе Джанашвили
მოსკოვის გამზირი,Moscow Avenue,Московский проспект
მოციქულთა სწორი ნინოს I შესახვევი,Motsikulta Stsori Nino 1st Lane,1-й переулок Моцикулта Сцори Нино
მოციქულთა სწორი ნინოს ქუჩა,Motsikulta Stsori Nino Street,улица Моцикулта Сцори Нино
მოძვის ქუჩა,Modzvi Street,улица Модзви
მოძვის ჩიხი,Modzvi Dead End,тупик Модзви
მტკვარის I ჩიხი,Mtkvari 1st Dead End,1-й тупик Мтквари
მტკვარის II ჩიხი,Mtkvari 2nd Dead End,2-й тупик Мтквари
მტკვარის ქუჩა,Mtkvari Street,улица Мтквари
მტკვრის III ჩიხი,Mtkvari 3rd Dead End,3-й тупик Мтквари
მტკვრის ქუჩა,Mtkvari Street,улица Мтквари
მტრედის ხიდი,Mtredi Bridge,мост Мтреди
მუკუზანის შესახვევი,Mukuzani Lane,переулок Мукузани
მურად ხინიკაძის ქუჩა,Murad Khinikadze Street,улица Мурада Хиникадзе
მურადინ-ფრიდონის ქუჩა,Muradin-Friedon Street,улица Мурадина-Фридона
მურმან დემურიას ქუჩა,Murman Demuria Street,улица Мурмана Демурия
მურმან ლებანიძის I გასასვლელი,Murman Lebanidze 1st Exit,1-й съезд Мурмана Лебанидзе
მურმან ლებანიძის I შესახვევი,Murman Lebanidze 1st Lane,1-й переулок Мурмана Лебанидзе
მურმან ლებანიძის I ჩიხი,Murman Lebanidze 1st Dead End,1-й тупик Мурмана Лебанидзе
მურმან ლებანიძის II გასასვლელი,Murman Lebanidze 2nd Exit,2-й съезд Мурмана Лебанидзе
მურმან ლებანიძის ქუჩა,Murman Lebanidze Street,улица Мурмана Лебанидзе
მუსათის შესახვევი,Musati Lane,переулок Мусати
მუხამწვანეს ქუჩა,Mukhamtsvane Street,улица Мухамцване
მუხიანის I შესახვევი,Mukhiani 1st Lane,1-й переулок Мухиани
მუხიანის ქუჩა,Mukhiani Street,улица Мухиани
მუხის I შესახვევი,Mukhi 1st Lane,1-й переулок Мухи
მუხის I ჩიხი,Mukhi 1st Dead End,1-й тупик Мухи
მუხის II შესახვევი,Mukhi 2nd Lane,2-й переулок Мухи
მუხის II ჩიხი,Mukhi 2nd Dead End,2-й тупик Мухи
მუხის ქუჩა,Mukhi Street,улица Мухи
მუხნარის ქუჩა,Mukhnari Street,улица Мухнари
მუხრან მაჭავარიანის I შესახვევი,Mukhran Machavariani 1st Lane,1-й переулок Мухрана Мачавариани
მუხრან მაჭავარიანის I ჩიხი,Mukhran Machavariani 1st Dead End,1-й тупик Мухрана Мачавариани
მუხრან მაჭავარიანის II ჩიხი,Mukhran Machavariani 2nd Dead End,2-й тупик Мухрана Мачавариани
მუხრან მაჭავარიანის III ჩიხი,Mukhran Machavariani 3rd Dead End,3-й тупик Мухрана Мачавариани
მუხრან მაჭავარიანის ქუჩა,Mukhran Machavariani Street,улица Мухрана Мачавариани
მუხრან-თელეთის ქუჩა,Mukhran-Teleti Street,улица Мухран-Телети
მუხრანის I შესახვევი,Mukhrani 1st Lane,1-й переулок Мухрани
მუხრანის II შესახვევი,Mukhrani 2nd Lane,2-й переулок Мухрани
მუხრანის III შესახვევი,Mukhrani 3rd Lane,3-й переулок Мухрани
მუხრანის ქუჩა,Mukhrani Street,улица Мухрани
მუხრანის ჩიხი,Mukhrani Dead End,тупик Мухрани
მუხურას I შესახვევი,Mukhura 1st Lane,1-й переулок Мухура
მუხურას I ჩიხი,Mukhura 1st Dead End,1-й тупик Мухура
მუხურას II ჩიხი,Mukhura 2nd Dead End,2-й тупик Мухура
მუხურას III ჩიხი,Mukhura 3rd Dead End,3-й тупик Мухура
მუხურას ქუჩა,Mukhura Street,улица Мухура
მღვდელი თეოდორე ჩიხლაძის ქუჩა,Mghvdeli Teodore Chikhladze Street,улица Мгвдели Теодоре Чихладзе
მშენებელთა ქუჩა,Mshenebelta Street,улица Мшенебелта
მშვიდობას ქუჩა,Mshvidoba Street,улица Мшвидоба
მშვიდობის გამზირი,Mshvidoba Avenue,проспект Мшвидоба
მშვიდობის I შესახვევი,Mshvidoba 1st Lane,1-й переулок Мшвидоба
მშვიდობის I ჩიხი,Mshvidoba 1st Dead End,1-й тупик Мшвидоба
მშვიდობის ქუჩა,Mshvidoba Street,улица Мшвидоба
მშვიდობის ხიდი,Bridge of Peace,Мост Мира
მშრალი ხიდი,Dry Bridge,Сухой мост
მცხეთის II შესახვევი,Mtskheta 2nd Lane,2-й переулок Мцхеты
მცხეთის გასასვლელი,Mtskheta Exit,съезд Мцхеты
მცხეთის ქუჩა,Mtskheta Street,улица Мцхета
მძლეთის ქუჩა,Mdzleti Street,улица Мдзлети
მწვანე ქუჩა,Mtsvane Street,улица Мцване
მწვანეს ქუჩა,Mtsvane Street,улица Мцване
მხატვართა ქუჩა,Mkhatvarta Street,улица Мхатварта
მხატვრის ქუჩა,Mkhatvari Street,улица Мхатвари
ნაბათის ქუჩა,Nabati Street,улица Набати
ნაგომარის ქუჩა,Nagomari Street,улица Нагомари
ნადეჟდა ხარაძის ქუჩა,Nadezhda Kharadze Street,улица Надежды Харадзе
ნადია გელდიაშვილის ქუჩა,Nadia Geldiashvili Street,улица Надежды Гелдиашвили
ნადია შალუტაშვილის ქუჩა,Nadia Shalutashvili Street,улица Надии Шалуташвили
ნადიკვრის III ქუჩა,Nadikvari 3rd Street,2-я улица Надиквари
ნადიმ ნიჟარაძის ქუჩა,Nadim Nizharadze Street,улица Надима Нижарадзе
ნადირა ხოშარაულის ქუჩა,Nadira Khosharauli Street,улица Надира Хошараули
ნადირა ხოშარაულის შესახვევი,Nadira Khosharauli Lane,переулок Надира Хошараули
ნადირა ხოშარაულის ჩიხი,Nadira Khosharauli Dead End,тупик Надира Хошараули
ნავთლუღის I დასახლების VII შესახვევი,Navtlughi-1 Dasakhleba 7th Lane,8-й переулок Навтлуги-1 Дасахлеба
ნავთლუღის I დასახლების შესახვევი,Navtlughi-1 Dasakhleba Lane,переулок Навтлуги-1 Дасахлеба
ნავთლუღის II დასახლების III ქუჩა,Navtlughi-2 Dasakhlebi 3rd Street,3-я улица Навтлуги-2 Дасахлеби
ნავთლუღის II დასახლების IV ქუჩა,Navtlughi-2 Dasakhlebi 4th Street,4-я улица Навтлуги-2 Дасахлеби
ნავთლუღის VI შესახვევი,Navtlughi 6th Lane,6-й переулок Навтлуги
ნავთლუღის VII შესახვევი,Navtlughi 7th Lane,7-й переулок Навтлуги
ნავთლუღის VIII შესახვევი,Navtlughi 8th Lane,8-й переулок Навтлуги
ნავთლუღის დასახლების XIII ქუჩა,Navtlughi Dasakhleba 13th Street,13-я улица Навтлуги Дасахлеба
ნავთლუღის ქუჩა,Navtlughi Street,улица Навтлуги
ნავთლუღის ჩიხი,Navtlughi Dead End,тупик Навтлуги
ნაზვრების ქუჩა,Nazvrebi Street,улица Назвреби
ნაზი შამანაურის ქუჩა,Nazi Shamanauri Street,улица Нази Шаманаури
ნათელა იანქოშვილის ქუჩა,Natela Iankoshvili Street,улица Нателы Ианкошвили
ნათია ბაშალეიშვილის I ჩიხი,Natia Bashaleishvili 1st Dead End,1-й тупик Натии Башалеишвили
ნათია ბაშალეიშვილის II ჩიხი,Natia Bashaleishvili 2nd Dead End,2-й тупик Натии Башалеишвили
ნათია ბაშალეიშვილის ქუჩა,Natia Bashaleishvili Street,улица Натии Башалеишвили
ნათო ვაჩნაძის და ნიკოლოზ შენგელაიას ქუჩა,Nato Vachnadze and Nikoloz Shengelaia Street,улица Нато Вачнадзе и Николая Шенгелаи
ნათო ვაჩნაძის ქუჩა,Nato Vachnadze Street,улица Нато Вачнадзе
ნაკადულის I გასასვლელი,Nakaduli 1st Exit,1-й съезд Накадули
ნაკადულის I ჩიხი,Nakaduli 1st Dead End,1-й тупик Накадули
ნაკადულის II გასასვლელი,Nakaduli 2nd Exit,2-й съезд Накадули
ნაკადულის II ჩიხი,Nakaduli 2nd Dead End,2-й тупик Накадули
ნაკადულის III გასასვლელი,Nakaduli 3rd Exit,3-й съезд Накадули
ნაკადულის IV გასასვლელი,Nakaduli 4th Exit,4-й съезд Накадули
ნაკადულის V გასასვლელი,Nakaduli 5th Exit,5-й съезд Накадули
ნაკადულის VI გასასვლელი,Nakaduli 6th Exit,6-й съезд Накадули
ნაკადულის ქუჩა,Nakaduli Street,улица Накадули
ნანა ბერიაშვილი ქუჩა,Nana Beriashvili Street,улица Наны Бериашвили
ნანა გვარიშვილის ქუჩა,Nana Gvarishvili Street,улица Наны Гваришвили
ნანა სამარგულიანის ქუჩა,Nana Samarguliani Street,улица Наны Самаргулиани
ნანა ხაზარაძის ქუჩა,Nana Khazaradze Street,улица Наны Хазарадзе
ნანო ჯავახიშვილის ქუჩა,Nano Javakhishvili Street,улица Нано Джавахишвили
ნარგიზის ქუჩა,Nargizi Street,улица Наргизи
ნარგიზის ჩიხი,Nargizi Dead End,тупик Наргизи
ნასაკირალის ქუჩა,Nasakirali Street,улица Насакирали
ნასახლარის ქუჩა,Nasakhlari Street,улица Насахлари
ნასერალის ქედის ქუჩა,Naserali Kedi Street,улица Насерали Кеди
ნატა ჯიჭონაიას ქუჩა,Nata Jichonaia Street,улица Наты Джичонаия
ნატალია აზიანის ქუჩა,Natalia Aziani Street,улица Наталии Азиани
ნატალია სამქანაშვილის ქუჩა,Natalia Samkanashvili Street,улица Наталии Самканашвили
ნატახტარის ქუჩა,Natakhtari Street,улица Натахтари
ნატბეურების I შესახვევი,Natbeurebi 1st Lane,1-й переулок Натбеуреби
ნატბეურების II შესახვევი,Natbeurebi 2nd Lane,2-й переулок Натбеуреби
ნატბეურების III შესახვევი,Natbeurebi 3rd Lane,3-й переулок Натбеуреби
ნატბეურების ქუჩა,Natbeurebi Street,улица Натбеуреби
ნატო გაბუნიას ქუჩა,Nato Gabunia Street,улица Нато Габуния
ნატო გიორგაძის I ჩიხი,Nato Giorgadze 1st Dead End,1-й тупик Нато Гиоргадзе
ნატო გიორგაძის II ჩიხი,Nato Giorgadze 2nd Dead End,2-й тупик Нато Гиоргадзе
ნატო გიორგაძის III ჩიხი,Nato Giorgadze 3rd Dead End,3-й тупик Нато Гиоргадзе
ნატო გიორგაძის ქუჩა,Nato Giorgadze Street,улица Нато Гиоргадзе
ნატო ვაჩნაძის I ჩიხი,Nato Vachnadze 1st Dead End,1-й тупик Нато Вачнадзе
ნატო ვაჩნაძის II ჩიხი,Nato Vachnadze 2nd Dead End,2-й тупик Нато Вачнадзе
ნატო ვაჩნაძის ქუჩა,Nato Vachnadze Street,улица Нато Вачнадзе
ნატუსების ქუჩა,Natusebi Street,улица Натусеби
ნაფარეულის ქუჩა,Napareuli Street,улица Напареули
ნაქალაქევის ქუჩა,Nakalakevi Street,улица Накалакеви
ნაქერალის ქუჩა,Nakerala Street,улица Накерала
ნაქულბაქევის ქუჩა,Nakulbakevi Street,улица Накулбакеви
ნაძვების I შესახვევი,Nadzvebi 1st Lane,1-й переулок Надзвеби
ნაძვების ქუჩა,Nadzvebi Street,улица Надзвеби
ნაძვნარის ქუჩა,Nadzvnari Street,улица Надзвнари
ნახშირგორას I შესახვევი,Nakhshirgora 1st Lane,1-й переулок Нахширгора
ნახშირგორას II შესახვევი,Nakhshirgora 2nd Lane,2-й переулок Нахширгора
ნახშირგორას III შესახვევი,Nakhshirgora 3rd Lane,3-й переулок Нахширгора
ნახშირგორას IV შესახვევი,Nakhshirgora 4th Lane,4-й переулок Нахширгора
ნახშირგორას ქუჩა,Nakhshirgora Street,улица Нахширгора
ნეგოს ტყეს ქუჩა,Nego Tqe Street,улица Него Тке
ნევრესტან შაშიკაშვილის ქუჩა,Nevrestan Shashikashvili Street,улица Неврестана Шашикашвили
ნეკერჩხლის ქუჩა,Nekerchkhli Street,улица Некерчхли
ნეკრესის I შესახვევი,Nekresi 1st Lane,1-й переулок Некреси
ნეკრისის ქუჩა,Nekrisi Street,улица Некриси
ნელი არზიანის ქუჩა,Neli Arziani Street,улица Нелы Арзиани
ნენავის I შესახვევი,Nenavi 1st Lane,1-й переулок Ненави
ნენავის ქუჩა,Nenavi Street,улица Ненави
ნესტან-დარეჯანის ქუჩა,Nestan-Darejan Street,улица Нестан-Дареджан
ნესტორ გარდაფხაძის I ჩიხი,Nestor Gardapkhadze 1st Dead End,1-й тупик Нестора Гардапхадзе
ნესტორ გარდაფხაძის II ჩიხი,Nestor Gardapkhadze 2nd Dead End,2-й тупик Нестора Гардапхадзе
ნესტორ გარდაფხაძის III ჩიხი,Nestor Gardapkhadze 3rd Dead End,3-й тупик Нестора Гардапхадзе
ნესტორ გარდაფხაძის ქუჩა,Nestor Gardapkhadze Street,улица Нестора Гардапхадзе
ნესტორ გიორგაძის ქუჩა,Nestor Giorgadze Street,улица Нестора Гиоргадзе
ნესტორ ესებუას ქუჩა,Nestor Esebua Street,улица Нестора Эсебуа
ნესტორ მალაზონიას ქუჩა,Nestor Malazoni Street,улица Нестора Малазония
ნიაბის I შესახვევი,Niabi 1st Lane,1-й переулок Ниаби
ნიაბის II შესახვევი,Niabi 2nd Lane,2-й переулок Ниаби
ნიაბის III შესახვევი,Niabi 3rd Lane,3-й переулок Ниаби
ნიაბის IV შესახვევი,Niabi 4th Lane,4-й переулок Ниаби
ნიაბის V შესახვევი,Niabi 5th Lane,5-й переулок Ниаби
ნიაბის ქუჩა,Niabi Street,улица Ниаби
ნიავის I ჩიხი,Niavi 1st Dead End,1-й тупик Ниави
ნიავის ქუჩა,Niavi Street,улица Ниави
ნიაღვარის ქუჩა,Niagvris Street,улица Ниагвари
ნიზამი განჯევის ქუჩა,Nizami Ganjevi Street,улица Низами Ганджеви
ნიკილოზ აფახიძის ქუჩა,Nikoloz Aphakhidze Street,улица Николоза Апахидзе
ნიკიფორე ირბახის ქუჩა,Nikifore Irbakhi Street,улица Никифоре Ирбахи
ნიკო ბურის I შესახვევი,Niko Buri 1st Lane,1-й переулок Нико Бури
ნიკო ბურის ქუჩა,Niko Buri Street,улица Нико Бури
ნიკო დადიანის II ჩიხი,Niko Dadiani 2nd Dead End,2-й тупик Нико Дадиани
ნიკო დადიანის ქუჩა,Niko Dadiani Street,улица Нико Дадиани
ნიკო კეცხოველის ქუჩა,Niko Ketskhoveli Street,улица Нико Кецховели
ნიკო კეცხოველის ჩიხი,Niko Ketskhoveli Dead End,тупик Нико Кецховели
ნიკო ლომოურის I გასასვლელი,Niko Lomouri 1st Exit,1-й съезд Нико Ломоури
ნიკო ლომოურის II გასასვლელი,Niko Lomouri 2nd Exit,2-й съезд Нико Ломоури
ნიკო ლომოურის III გასასვლელი,Niko Lomouri 3rd Exit,3-й съезд Нико Ломоури
ნიკო ლომოურის IV გასასვლელი,Niko Lomouri 4th Exit,4-й съезд Нико Ломоури
ნიკო ლომოურის ქუჩა,Niko Lomouri Street,улица Нико Ломоури
ნიკო ლომოურის შესახვევი,Niko Lomouri Lane,переулок Нико Ломоури
ნიკო ლომოურის ჩიხი,Niko Lomouri Dead End,тупик Нико Ломоури
ნიკო ლორთქიფანიძის ქუჩა,Niko Lortkipanidze Street,улица Нико Лорткипанидзе
ნიკო მარის I ჩიხი,Niko Marr 1st Dead End,1-й тупик Нико Марра
ნიკო მარის ქუჩა,Niko Marr Street,улица Нико Марра
ნიკო მუსხელიშვილის I შესახვევი,Niko Muskhelishvili 1st Lane,1-й переулок Нико Мусхелишвили
ნიკო მუსხელიშვილის ქუჩა,Niko Muskhelishvili Street,улица Нико Мусхелишвили
ნიკო ნიკოლაძის I შესახვევი,Niko Nikoladze 1st Lane,1-й переулок Нико Николадзе
ნიკო ნიკოლაძის II შესახვევი,Niko Nikoladze 2nd Lane,2-й переулок Нико Николадзе
ნიკო ნიკოლაძის სანაპირო,Niko Nikoladze Embankment,набережная Нико Николадзе
ნიკო ნიკოლაძის ქუჩა,Niko Nikoladze Street,улица Нико Николадзе
ნიკო სამადაშვილის ქუჩა,Niko Samadashvili Street,улица Нико Самадашвили
ნიკო სამადაშვილის ჩიხი,Niko Samadashvili Dead End,тупик Нико Самадашвили
ნიკო სულხანიშვილის I ჩიხი,Niko Sulkhanishvili 1st Dead End,1-й тупик Нико Сулханишвили
ნიკო სულხანიშვილის II ჩიხი,Niko Sulkhanishvili 2nd Dead End,2-й тупик Нико Сулханишвили
ნიკო სულხანიშვილის ქუჩა,Niko Sulkhanishvili Street,улица Нико Сулханишвили
ნიკო ფიროსმანის ქუჩა,Niko Pirosmani Street,улица Нико Пиросмани
ნიკო ქუმსიაშვილის ქუჩა,Niko Kumsiashvili Street,улица Нико Кумсиашвили
ნიკო ქუმსიაშვილის შესახვევი,Niko Kumsiashvili Lane,переулок Нико Кумсиашвили
ნიკო ცხვედაძის I შესახვევი,Niko Tskhvedadze 1st Lane,1-й переулок Нико Цхведадзе
ნიკო ცხვედაძის II შესახვევი,Niko Tskhvedadze 2nd Lane,2-й переулок Нико Цхведадзе
ნიკო ცხვედაძის ქუჩა,Niko Tskhvedadze Street,улица Нико Цхведадзе
ნიკო ჭავჭავაძის ქუჩა,Niko Chavchavadze Street,улица Нико Чавчавадзе
ნიკო ჯაყელის ქუჩა,Niko Jaqeli Street,улица Нико Джакели
ნიკოლო მიწიშვილის I გასასვლელი,Nikolo Mitsishvili 1st Exit,1-й съезд Николо Мицишвили
ნიკოლო მიწიშვილის ქუჩა,Nikolo Mitsishvili Street,улица Николо Мицишвили
ნიკოლოზ (კარლო) ჩხეიძის ქუჩა,Nikoloz (Karlo) Chkheidze Street,улица Николоза (Карло) Чхеидзе
ნიკოლოზ აგიაშვილის I შესახვევი,Nikoloz Agiashvili 1st Lane,1-й переулок Николоза Агиашвили
ნიკოლოზ აგიაშვილის II შესახვევი,Nikoloz Agiashvili 2nd Lane,2-й переулок Николоза Агиашвили
ნიკოლოზ აგიაშვილის ქუჩა,Nikoloz Agiashvili Street,улица Николоза Агиашвили
ნიკოლოზ ანთელავას ქუჩა,Nikoloz Antelava Street,улица Николоза Антелава
ნიკოლოზ ანთელავას შესახვევი,Nikoloz Antelava Lane,переулок Николоза Антелава
ნიკოლოზ აფხაზის ქუჩა,Nikoloz Apkhazi Street,улица Николоза Апхази
ნიკოლოზ ბარათაშვილის I შესახვევი,Nikoloz Baratashvili 1st Lane,1-й переулок Николая Бараташвили
ნიკოლოზ ბარათაშვილის I ჩიხი,Nikoloz Baratashvili 1st Dead End,1-й тупик Николая Бараташвили
ნიკოლოზ ბარათაშვილის II შესახვევი,Nikoloz Baratashvili 2nd Lane,2-й переулок Николая Бараташвили
ნიკოლოზ ბარათაშვილის III ჩიხი,Nikoloz Baratashvili 3rd Dead End,3-й тупик Николая Бараташвили
ნიკოლოზ ბარათაშვილის IV ჩიხი,Nikoloz Baratashvili 4th Dead End,4-й тупик Николая Бараташвили
ნიკოლოზ ბარათაშვილის V ჩიხი,Nikoloz Baratashvili 5th Dead End,5-й тупик Николая Бараташвили
ნიკოლოზ ბარათაშვილის VII ჩიხი,Nikoloz Baratashvili 7th Dead End,7-й тупик Николая Бараташвили
ნიკოლოზ ბარათაშვილის აღმართი,Nikoloz Baratashvili Ascent,подъём Николая Бараташвили
ნიკოლოზ ბარათაშვილის გამზირი,Nikoloz Baratashvili Avenue,проспект Николая Бараташвили
ნიკოლოზ ბარათაშვილის სახელობის მარცხენა სანაპირო,Nikoloz Baratashvili Martskhena Embankment,набережная Николоз Бараташвили Марцхена
ნიკოლოზ ბარათაშვილის ქუჩა,Nikoloz Baratashvili Street,улица Николая Бараташвили
ნიკოლოზ ბარათაშვილის შესახვევი,Nikoloz Baratashvili Lane,переулок Николая Бараташвили
ნიკოლოზ ბარათაშვილის ჩიხი,Nikoloz Baratashvili Dead End,тупик Николая Бараташвили
ნიკოლოზ ბარათაშვილის ხიდი,Nikoloz Baratashvili Bridge,мост Николая Бараташвили
ნიკოლოზ ბერძენიშვილის ქუჩა,Nikoloz Berdzenishvili Street,улица Николоза Бердзенишвили
ნიკოლოზ ბურაძის I ჩიხი,Nikoloz Buradze 1st Dead End,1-й тупик Николоза Бурадзе
ნიკოლოზ ბურაძის II ჩიხი,Nikoloz Buradze 2nd Dead End,2-й тупик Николоза Бурадзе
ნიკოლოზ ბურაძის III ჩიხი,Nikoloz Buradze 3rd Dead End,3-й тупик Николоза Бурадзе
ნიკოლოზ ბურაძის ქუჩა,Nikoloz Buradze Street,улица Николоза Бурадзе
ნიკოლოზ გოგოლის ქუჩა,Nikolai Gogol Street,улица Николая Гоголя
ნიკოლოზ გოგოლის შესახვევი,Nikolai Gogol Lane,переулок Николая Гоголя
ნიკოლოზ გომელაურის ქუჩა,Nikoloz Gomelauri Street,улица Николоза Гомелаури
ნიკოლოზ გოცირიძის ქუჩა,Nikoloz Gotsiridze Street,улица Николоза Гоциридзе
ნიკოლოზ და გიორგი ხიმშიაშვილების ქუჩა,Nikoloz and Giorgi Khimshiashvili Street,улица Николоза и Гиорги Химшиашвили
ნიკოლოზ დგებუაძის ქუჩა,Nikoloz Dgebuadze Street,улица Николоза Дгебуадзе
ნიკოლოზ დობროლიუბოვის ქუჩა,Nikoloz Dobroliubov Street,улица Николая Добролюбова
ნიკოლოზ თევზაძის ქუჩა,Nikoloz Tevzadze Street,улица Николоза Тевзадзе
ნიკოლოზ იზაშვილის ქუჩა,Nikoloz Izashvili Street,улица Николоза Изашвили
ნიკოლოზ კახიანის I შესახვევი,Nikoloz Kakhiani 1st Lane,1-й переулок Николоза Кахиани
ნიკოლოზ კახიანის II შესახვევი,Nikoloz Kakhiani 2nd Lane,2-й переулок Николоза Кахиани
ნიკოლოზ კახიანის II ჩიხი,Nikoloz Kakhiani 2nd Dead End,2-й тупик Николоза Кахиани
ნიკოლოზ კახიანის III შესახვევი,Nikoloz Kakhiani 3rd Lane,3-й переулок Николоза Кахиани
ნიკოლოზ კახიანის ქუჩა,Nikoloz Kakhiani Street,улица Николоза Кахиани
ნიკოლოზ ლანდიას ქუჩა,Nikoloz Landia Street,улица Николоза Ландия
ნიკოლოზ მათიკაშვილის ქუჩა,Nikoloz Matikashvili Street,улица Николоза Матикашвили
ნიკოლოზ მაყაშვილის I ჩიხი,Nikoloz Maqashvili 1st Dead End,1-й тупик Николоза Макашвили
ნიკოლოზ მაყაშვილის II ჩიხი,Nikoloz Maqashvili 2nd Dead End,2-й тупик Николоза Макашвили
ნიკოლოზ მაყაშვილის ქუჩა,Nikoloz Maqashvili Street,улица Николоза Макашвили
ნიკოლოზ ოსტროვსკის ქუჩა,Nikolay Ostrovsky Street,улица Николая Островского
ნიკოლოზ სვანიშვილის I გასასვლელი,Nikoloz Svanishvili 1st Exit,1-й съезд Николоза Сванишвили
ნიკოლოზ სვანიშვილის ქუჩა,Nikoloz Svanishvili Street,улица Николоза Сванишвили
ნიკოლოზ ქაშაკაშვილის ქუჩა,Nikoloz Kashakashvili Street,улица Николоза Кашакашвили
ნიკოლოზ ქაშაკაშვილის ჩიხი,Nikoloz Kashakashvili Dead End,тупик Николоза Кашакашвили
ნიკოლოზ ღიბრაძის ქუჩა,Nikoloz Ghibradze Street,улица Николоза Гибрадзе
ნიკოლოზ ყიფშიძის ქუჩა,Nikoloz Qipshidze Street,улица Николоза Кипшидзе
ნიკოლოზ ჩაჩავას ქუჩა,Nikoloz Chachava Street,улица Николоза Чачава
ნიკოლოზ ხუდადოვის ქუჩა,Nikoloz Khudadovi Street,улица Николоза Худадови
ნიკოლოზ ჯანაშიას ქუჩა,Nikoloz Janashia Street,улица Николоза Джанашия
ნიკორწმინდას ქუჩა,Nikortsminda Street,улица Никорцминда
ნინა ხუბულავას ქუჩა,Nina Khubulava Street,улица Нины Хубулава
ნინო აბაშიძე-ორბელიანის ქუჩა,Nino Abashidze-Orbeliani Street,улица Нино Абашидзе-Орбелиани
ნინო და კალისტრატე სალიების ქუჩა,Nino and Kalistrate Salia Street,улица Нино и Калистрате Салиа
ნინო დავითაშვილის II ჩიხი,Nino Davitashvili 2nd Dead End,2-й тупик Нино Давиташвили
ნინო დავითაშვილის III ჩიხი,Nino Davitashvili 3rd Dead End,3-й тупик Нино Давиташвили
ნინო დავითაშვილის ქუჩა,Nino Davitashvili Street,улица Нино Давиташвили
ნინო ზაალიშვილის I ჩიხი,Nino Zaalishvili 1st Dead End,1-й тупик Нино Заалишвили
ნინო ზაალიშვილის ქუჩა,Nino Zaalishvili Street,улица Нино Заалишвили
ნინო თოიძის ქუჩა,Nino Toidze Street,улица Нино Тоидзе
ნინო ჟვანიას ქუჩა,Nino Zhvania Street,улица Нино Жвания
ნინო რამიშვილის I ჩიხი,Nino Ramishvili 1st Dead End,1-й тупик Нино Рамишвили
ნინო რამიშვილის II ჩიხი,Nino Ramishvili 2nd Dead End,2-й тупик Нино Рамишвили
ნინო რამიშვილის III ჩიხი,Nino Ramishvili 3rd Dead End,3-й тупик Нино Рамишвили
ნინო რამიშვილის ქუჩა,Nino Ramishvili Street,улица Нино Рамишвили
ნინო ტყეშელაშვილის ქუჩა,Nino Tqeshelashvili Street,улица Нино Ткешелашвили
ნინო ჩხეიძის ქუჩა,Nino Chkheidze Street,улица Нино Чхеидзе
ნინო წერეთლის I შესახვევი,Nino Tsereteli 1st Lane,1-й переулок Нино Церетели
ნინო წერეთლის II შესახვევი,Nino Tsereteli 2nd Lane,2-й переулок Нино Церетели
ნინო წერეთლის ქუჩა,Nino Tsereteli Street,улица Нино Церетели
ნიშრევან ჯიშკარიანის I შესახვევი,Nishrevan Jishkariani 1st Lane,1-й переулок Нишревана Джишкариани
ნიშრევან ჯიშკარიანის ქუჩა,Nishrevan Jishkariani Street,улица Нишревана Джишкариани
ნოდარ (ვეფხო) მათიაშვილის ქუჩა,Nodar (Vepkho) Matiashvili Street,улица Нодара (Вепхо) Матиашвили
ნოდარ ანდღუდაძის ქუჩა,Nodar Andghudadze Street,улица Нодара Андгудадзе
ნოდარ ახალკაცის ქუჩა,Nodar Akhalkatsi Street,улица Нодара Ахалкаци
ნოდარ ბოხუას I გასასვლელი,Nodar Bokhua 1st Exit,1-й съезд Нодара Бохуа
ნოდარ ბოხუას I შესახვევი,Nodar Bokhua 1st Lane,1-й переулок Нодара Бохуа
ნოდარ ბოხუას ქუჩა,Nodar Bokhua Street,улица Нодара Бохуа
ნოდარ და პაატა ხერხეულიძეების ქუჩა,Nodar and Paata Kherkheulidze Street,улица Нодара и Пааты Херхеулидзе
ნოდარ დუმბაძის I ჩიხი,Nodar Dumbadze 1st Dead End,1-й тупик Нодара Думбадзе
ნოდარ დუმბაძის II ჩიხი,Nodar Dumbadze 2nd Dead End,2-й тупик Нодара Думбадзе
ნოდარ დუმბაძის III ჩიხი,Nodar Dumbadze 3rd Dead End,3-й тупик Нодара Думбадзе
ნოდარ დუმბაძის IV ჩიხი,Nodar Dumbadze 4th Dead End,4-й тупик Нодара Думбадзе
ნოდარ დუმბაძის გამზირი,Nodar Dumbadze Avenue,проспект Нодара Думбадзе
ნოდარ დუმბაძის გასასვლელი,Nodar Dumbadze Exit,съезд Нодара Думбадзе
ნოდარ დუმბაძის ქუჩა,Nodar Dumbadze Street,улица Нодара Думбадзе
ნოდარ დუმბაძის ჩიხი,Nodar Dumbadze Dead End,тупик Нодара Думбадзе
ნოდარ კვიციანის ქუჩა,Nodar Kvitsiani Street,улица Нодара Квициани
ნოდარ სიგუას ქუჩა,Nodar Sigua Street,улица Нодара Сигуа
ნოდარ ტაბიძის I გასასვლელი,Nodar Tabidze 1st Exit,1-й съезд Нодара Табидзе
ნოდარ ტაბიძის I შესახვევი,Nodar Tabidze 1st Lane,1-й переулок Нодара Табидзе
ნოდარ ტაბიძის I ჩიხი,Nodar Tabidze 1st Dead End,1-й тупик Нодара Табидзе
ნოდარ ტაბიძის II ჩიხი,Nodar Tabidze 2nd Dead End,2-й тупик Нодара Табидзе
ნოდარ ტაბიძის ქუჩა,Nodar Tabidze Street,улица Нодара Табидзе
ნოდარ ჯანგირაშვილის I გასასვლელი,Nodar Jangirashvili 1st Exit,1-й съезд Нодара Джангирашвили
ნოდარ ჯანგირაშვილის ქუჩა,Nodar Jangirashvili Street,улица Нодара Джангирашвили
ნოე ჟორდანიას სანაპირო,Noe Zhordania Embankment,набережная Ноэ Жордания
ნოე ჟორდანიას ქუჩა,Noe Zhordania Street,улица Ноэ Жордания
ნოე ჟორდანიას ჩიხი,Noe Zhordania Dead End,тупик Ноэ Жордания
ნოე რამიშვილის ქუჩა,Noe Ramishvili Street,улица Ноя Рамишвили
ნოე ჩხიკვაძის ქუჩა,Noe Chkhikvadze Street,улица Ноэ Чхиквадзе
ნოე ჩხიკვაძის შესახვევი,Noe Chkhikvadze Lane,переулок Ноэ Чхиквадзе
ნოე ხომერიკის ქუჩა,Noe Khomeriki Street,улица Ноэ Хомерики
ნონა გაფარინდაშვილის I ჩიხი,Nona Gaparindashvili 1st Dead End,1-й тупик Ноны Гапариндашвили
ნონა გაფარინდაშვილის ქუჩა,Nona Gaparindashvili Street,улица Ноны Гапариндашвили
ნორიოს აღმართი,Norio Ascent,подъём Норио
ნორიოს ჩიხი,Norio Dead End,тупик Норио
ნორის ქუჩა,Nori Street,улица Нори
ნოსირის ქუჩა,Nosiri Street,улица Носири
ნოსტეს ქუჩა,Noste Street,улица Носте
ნოსტეს შესახვევი,Noste Lane,переулок Носте
ნოქალაქევის I შესახვევი,Nokalakevi 1st Lane,1-й переулок Нокалакеви
ნოქალაქევის I ჩიხი,Nokalakevi 1st Dead End,1-й тупик Нокалакеви
ნოქალაქევის ქუჩა,Nokalakevi Street,улица Нокалакеви
ნუგზარ აფხაიძის ქუჩა,Nugzar Apkhaidze Street,улица Нугзара Апхаидзе
ნუგზარ ენდელაძის სახელობის მოედანი,Nugzar Endeladze Square,площадь Нугзара Энделадзе
ნუგზარ კალანდაძის ქუჩა,Nugzar Kalandadze Street,улица Нугзар Каландадзе
ნუგზარ მიხანაშვილის ქუჩა,Nugzar Mikhanashvili Street,улица Нугзара Миханашвили
ნუგზარ საჯაიას I შესახვევი,Nugzar Sajaia 1st Lane,1-й переулок Нугзара Саджаия
ნუგზარ საჯაიას I ჩიხი,Nugzar Sajaia 1st Dead End,1-й тупик Нугзара Саджаия
ნუგზარ საჯაიას II ჩიხი,Nugzar Sajaia 2nd Dead End,2-й тупик Нугзара Саджаия
ნუგზარ საჯაიას ქუჩა,Nugzar Sajaia Street,улица Нугзара Саджаия
ნუგზარ შანავას ქუჩა,Nugzar Shanava Street,улица Нугзара Шанава
ნუგზარ შატაიძის ქუჩა,Nugzar Shataidze Street,улица Нугзара Шатаидзе
ნურეთინ ჩარმოქლის ქუჩა,Nuretin Charmokli Street,улица Нуретина Чармокли
ნუშის II ჩიხი,Nushi 2nd Dead End,2-й тупик Нуши
ნუშის ბაღების I ჩიხი,Nushi Baghebi 1st Dead End,1-й тупик Нуши Багеби
ნუშის ბაღების ქუჩა,Nushi Baghebi Street,улица Нуши Багеби
ნუშის ქუჩა,Nushi Street,улица Нуши
ნუშის ჩიხი,Nushi Dead End,тупик Нуши
ნუცა ღოღობერიძის I გასასვლელი,Notsa Ghoghoberidze 1st Exit,1-й съезд Ноца Гогоберидзе
ნუცა ღოღობერიძის II გასასვლელი,Notsa Ghoghoberidze 2nd Exit,2-й съезд Ноца Гогоберидзе
ნუცა ღოღობერიძის ქუჩა,Nutsa Ghoghoberidze Street,улица Нуца Гогоберидзе
ობსერვატორიას ქუჩა,Observatoria Street,улица Обсерватория
ოდესას ქუჩა,Odessa Street,улица Одессы
ოდესის ქუჩა,Odessa Street,улица Одессы
ოდისეი დიმიტრიადის ქუჩა,Odysseas Dimitriadis Street,улица Одиссея Димитриади
ოდიშის ქუჩა,Odishi Street,улица Одиши
ოზაანის I ჩიხი,Ozaani 1st Dead End,1-й тупик Озаани
ოზაანის ქუჩა,Ozaani Street,улица Озаани
ოთარ გურგენიშვილის ქუჩა,Otar Gurgenishvili Street,улица Отара Гургенишвили
ოთარ ზუხბაიას ქუჩა,Otar Zukhbaia Street,улица Отар Зухбаия
ოთარ თაქთაქიშვილის ქუჩა,Otar Taktakishvili Street,улица Отара Тактакишвили
ოთარ კაპანაძის ქუჩა,Otar Kapanadze Street,улица Отара Капанадзе
ოთარ კიკალეიშვილის ქუჩა,Otar Kikaleishvili Street,улица Отара Кикалеишвили
ოთარ ლორთქიფანიძის ქუჩა,Otar Lortkipanidze Street,улица Отара Лорткипанидзе
ოთარ მეღვინეთუხუცესის სახელობის მოედანი,Otar Megvinetukhutsesi Square,площадь Отара Мегвинетухуцеси
ოთარ ონიაშვილის ქუჩა,Otar Oniashvili Street,улица Отара Ониашвили
ოთარ ოძელაშვილის ქუჩა,Otar Odzelashvili Street,улица Отара Одзелашвили
ოთარ რამიშვილის ქუჩა,Otar Ramishvili Street,улица Отара Рамишвили
ოთარ ქინქლაძის ქუჩა,Otar Kinkladze Street,улица Отара Кинкладзе
ოთარ ღუდუშაურის ქუჩა,Otar Ghudushauri Street,улица Отара Гудушаури
ოთარ ჩეჩელაშვილის I შესახვევი,Otar Chechelashvili 1st Lane,1-й переулок Отара Чечелашвили
ოთარ ჩეჩელაშვილის III შესახვევი,Otar Chechelashvili 3rd Lane,3-й переулок Отара Чечелашвили
ოთარ ჩეჩელაშვილის IV შესახვევი,Otar Chechelashvili 4th Lane,4-й переулок Отара Чечелашвили
ოთარ ჩეჩელაშვილის ქუჩა,Otar Chechelashvili Street,улица Отара Чечелашвили
ოთარ ჩხეიძის ქუჩა,Otar Chkheidze Street,улица Отара Чхеидзе
ოთარ ჭილაძის ქუჩა,Otar Chiladze Street,улица Отара Чиладзе
ოთხი ათასი მესხის I შესახვევი,Otkhi Atasi Meskhi 1st Lane,1-й переулок Отхи Атаси Месхи
ოთხი ათასი მესხის I ჩიხი,Otkhi Atasi Meskhi 1st Dead End,1-й тупик Отхи Атаси Месхи
ოთხი ათასი მესხის ქუჩა,Otkhi Atasi Meskhi Street,улица Отхи Атаси Месхи
ოლა სოლოღაშვილის I შესახვევი,Ola Sologhashvili 1st Lane,1-й переулок Ола Сологашвили
ოლა სოლოღაშვილის I ჩიხი,Ola Sologhashvili 1st Dead End,1-й тупик Ола Сологашвили
ოლა სოლოღაშვილის II შესახვევი,Ola Sologhashvili 2nd Lane,2-й переулок Ола Сологашвили
ოლა სოლოღაშვილის ქუჩა,Ola Sologhashvili Street,улица Ола Сологашвили
ოლგა კონსკაიას ქუჩა,Olga Konskaya Street,улица Ольги Конской
ოლთისის I ჩიხი,Oltisi 1st Dead End,1-й тупик Олтиси
ოლთისის ქუჩა,Oltisi Street,улица Олтиси
ოლღა ბახუტაშვილის I შესახვევი,Olga Bakhutashvili 1st Lane,1-й переулок Ольги Бахуташвили
ოლღა ბახუტაშვილის II შესახვევი,Olga Bakhutashvili 2nd Lane,2-й переулок Ольги Бахуташвили
ოლღა ბახუტაშვილის III შესახვევი,Olga Bakhutashvili 3rd Lane,3-й переулок Ольги Бахуташвили
ოლღა ბახუტაშვილის ქუჩა,Olga Bakhutashvili Street,улица Ольги Бахуташвили
ოლღა გურამიშვილი-ნიკოლაძის ქუჩა,Olga Guramishvili-Nikoladze Street,улица Ольги Гурамишвили-Николадзе
ომარ კელაპტრიშვილის I შესახვევი,Omar Kelaptrishvili 1st Lane,1-й переулок Омара Келаптришвили
ომარ კელაპტრიშვილის ქუჩა,Omar Kelaptrishvili Street,улица Омара Келаптришвили
ომარ ფურცულიანის I შესახვევი,Omar Purtsuliani 1st Lane,1-й переулок Омара Пурцулиани
ომარ ფურცულიანის I ჩიხი,Omar Purtsuliani 1st Dead End,1-й тупик Омара Пурцулиани
ომარ ფურცულიანის II ჩიხი,Omar Purtsuliani 2nd Dead End,2-й тупик Омара Пурцулиани
ომარ ფურცულიანის ქუჩა,Omar Purtsuliani Street,улица Омара Пурцулиани
ომარ ფხაკაძის I შესახვევი,Omar Pkhakadze 1st Lane,1-й переулок Омара Пхакадзе
ომარ ფხაკაძის ქუჩა,Omar Pkhakadze Street,улица Омара Пхакадзе
ომარ ხიზანიშვილის ქუჩა,Omar Khizanishvili Street,улица Омара Хизанишвили
ომარ ხიზანიშვილის შესახვევი,Omar Khizanishvili Lane,переулок Омара Хизанишвили
ონერი შენგელიას ქუჩა,Oneri Shengelia Street,улица Онери Шенгелия
ონის ქუჩა,Oni Street,улица Они
ოპიზრების ქუჩა,Opizrebi Street,улица Опизреби
ორასი თავდადებული მხედარის I ჩიხი,Orasi Tavdadebuli Mkhedari 1st Dead End,1-й тупик Ораси Тавдадебули Мхедари
ორასი თავდადებული მხედარის ქუჩა,Orasi Tavdadebuli Mkhedari Street,улица Ораси Тавдадебули Мхедари
ორბეთის ქუჩა,Orbeti Street,улица Орбети
ორბელთა ქუჩა,Orbelta Street,улица Орбелта
ორდე დგებუაძის ქუჩა,Orde Dgebuadze Street,улица Ордэ Дгебуадзе
ორთაჭალის I შესახვევი,Ortatchala 1st Lane,1-й переулок Ортачала
ორთაჭალის I ჩიხი,Ortatchala 1st Dead End,1-й тупик Ортачала
ორთაჭალის II შესახვევი,Ortatchala 2nd Lane,2-й переулок Ортачала
ორთაჭალის II ჩიხი,Ortatchala 2nd Dead End,2-й тупик Ортачала
ორთაჭალის III შესახვევი,Ortatchala 3rd Lane,3-й переулок Ортачала
ორთაჭალის III ჩიხი,Ortatchala 3rd Dead End,3-й тупик Ортачала
ორთაჭალის IV შესახვევი,Ortatchala 4th Lane,4-й переулок Ортачала
ორთაჭალის IV ჩიხი,Ortatchala 4th Dead End,4-й тупик Ортачала
ორთაჭალის V ჩიხი,Ortatchala 5th Dead End,5-й тупик Ортачала
ორთაჭალის ქუჩა,Ortatchala Street,улица Ортачала
ორთაჭალის ჩიხი,Ortatchala Dead End,тупик Ортачала
ორთახევის ქუჩა,Ortakhevi Street,улица Ортахеви
ორპირის ჩიხი,Orpiri Dead End,тупик Орпири
ორხევის I ჩიხი,Orkhevi 1st Dead End,1-й тупик Орхеви
ორხევის ქუჩა,Orkhevi Street,улица Орхеви
ოსიაურის II შესახვევი,Osiauri 2nd Lane,2-й переулок Осиаури
ოსიაურის ქუჩა,Osiauri Street,улица Осиаури
ოსიპ მანდელშტამის I შესახვევი,Osip Mandelstam 1st Lane,1-й переулок Осипа Мандельштама
ოსიპ მანდელშტამის I ჩიხი,Osip Mandelstam 1st Dead End,1-й тупик Осипа Мандельштама
ოსიპ მანდელშტამის II შესახვევი,Osip Mandelshtam 2nd Lane,2-й переулок Осипа Мандельштама
ოსიპ მანდელშტამის ქუჩა,Osip Mandelshtam Street,улица Осипа Мандельштама
ოსკარ შმერლინგის ქუჩა,Oscar Schmerling Street,улица Оскара Шмерлинга
ოფრეთის შესახვევი,Opreti Lane,переулок Опрети
ოქრომჭედლების ჩიხი,Okromchedlebi Dead End,тупик Окромчедлеби
ოქროულას ქუჩა,Okroula Street,улица Окроула
ოქროყანას ქუჩა,Okrokana Street,улица Окрокана
ოქროყანას ჩიხი,Okrokana Dead End,тупик Окрокана
ოშკის I შესახვევი,Oshki 1st Lane,1-й переулок Ошки
ოშკის I ჩიხი,Oshki 1st Dead End,1-й тупик Ошки
ოშკის ქუჩა,Oshki Street,улица Ошки
ოჩამჩირის ქუჩა,Ochamchire Street,улица Очамчире
ოძისის ქუჩა,Odzisi Street,улица Одзиси
ოჯალეშის ქუჩა,Ojaleshi Street,улица Оджалеши
პაატა გუგუშვილის I შესახვევი,Paata Gugushvili 1st Lane,1-й переулок Пааты Гугушвили
პაატა გუგუშვილის II შესახვევი,Paata Gugushvili 2nd Lane,2-й переулок Пааты Гугушвили
პაატა გუგუშვილის ქუჩა,Paata Gugushvili Street,улица Пааты Гугушвили
პაატა დათუაშვილის ქუჩა,Paata Datuashvili Street,улица Пааты Датуашвили
პაატა სააკაძის ქუჩა,Paata Saakadze Street,улица Пааты Саакадзе
პაატა ყურწუას I ჩიხი,Paata Qurtsua 1st Dead End,1-й тупик Пааты Курцуа
პაატა ყურწუას ქუჩა,Paata Qurtsua Street,улица Пааты Курцуа
პაატა ცუცქერიძის ქუჩა,Paata Tsutskiridze Street,улица Пааты Цуцкиридзе
პაატა ჯანელიძის I ჩიხი,Paata Janelidze 1st Dead End,1-й тупик Пааты Джанелидзе
პაატა ჯანელიძის II ჩიხი,Paata Janelidze 2nd Dead End,2-й тупик Пааты Джанелидзе
პაატა ჯანელიძის III ჩიხი,Paata Janelidze 3rd Dead End,3-й тупик Пааты Джанелидзе
პაატა ჯანელიძის IV ჩიხი,Paata Janelidze 4th Dead End,4-й тупик Пааты Джанелидзе
პაატა ჯანელიძის V ჩიხი,Paata Janelidze 5th Dead End,5-й тупик Пааты Джанелидзе
პაატა ჯანელიძის VI ჩიხი,Paata Janelidze 6th Dead End,6-й тупик Пааты Джанелидзе
პაატა ჯანელიძის ქუჩა,Paata Janelidze Street,улица Пааты Джанелидзе
პაატა ჯანიაშვილის ქუჩას,Paata Janiashvili Street,улица Паата Джаниашвили
პაბლო პიკასოს ქუჩა,Pablo Picasso Street,улица Пабло Пикассо
პავლე ასლანიდის ქუჩა,Pavle Aslanidi Street,улица Павла Асланиди
პავლე თოდრიას I ჩიხი,Pavle Todria 1st Dead End,1-й тупик Павле Тодрия
პავლე თოდრიას II ჩიხი,Pavle Todria 2nd Dead End,2-й тупик Павле Тодрия
პავლე თოდრიას III ჩიხი,Pavle Todria 3rd Dead End,3-й тупик Павле Тодрия
პავლე თოდრიას ქუჩა,Pavle Todria Street,улица Павле Тодрия
პავლე ინგოროყვას ქუჩა,Pavle Ingorokva Street,улица Павла Ингороквы
პავლე ინგოროყვას შესახვევი,Pavle Ingorokva Lane,переулок Павле Ингороква
პავლე ინგოროყვას ჩიხი,Pavle Ingoroqva Dead End,тупик Павле Ингороква
პავლე საყვარელიძის ქუჩა,Pavle Saqvarelidze Street,улица Павле Сакварелидзе
პალიასტომის ქუჩა,Paliastomi Street,улица Палиастоми
პანკისის ქუჩა,Pankisi Street,улица Панкиси
პანკისის შესახვევი,Pankisi Lane,переулок Панкиси
პაოლო იაშვილის I ჩიხი,Paolo Iashvili 1st Dead End,1-й тупик Паоло Иашвили
პაოლო იაშვილის II ჩიხი,Paolo Iashvili 2nd Dead End,2-й тупик Паоло Иашвили
პაოლო იაშვილის III ჩიხი,Paolo Iashvili 3rd Dead End,3-й тупик Паоло Иашвили
პაოლო იაშვილის ქუჩა,Paolo Iashvili Street,улица Паоло Иашвили
პარკის ქუჩა,Parki Street,улица Парки
პარმენ ლორიას ქუჩა,Parmen Loria Street,улица Пармена Лориа
პარმენ რურუას ქუჩა,Parmen Rurua Street,улица Пармена Руруа
პარომის ხიდი,Paromi Bridge,мост Пароми
პატარა კახის ქუჩა,Patara Kakhi Street,улица Патара Кахи
პატარა ტბის ქუჩა,Patara Tba Street,улица Патара Тба
პატარა ტბის შესახვევი,Patara Tba Lane,переулок Патара Тба
პატარძეულის ქუჩა,Patardzeuli Street,улица Патардзеули
პეკინის I ჩიხი,Pekini 1st Dead End,1-й тупик Пекина
პეკინის II ჩიხი,Pekini 2nd Dead End,2-й тупик Пекина
პეკინის გამზირი,Pekini Avenue,проспект Пекина
პეტრე ამირანაშვილის ქუჩა,Petre Amiranashvili Street,улица Петре Амиранашвили
პეტრე არველაძის ქუჩა,Petre Arveladze Street,улица Петре Арвеладзе
პეტრე ბაგრატიონის I ჩიხი,Pyotr Bagration 1st Dead End,1-й тупик Петра Багратиона
პეტრე ბაგრატიონის III ჩიხი,Pyotr Bagration 3rd Dead End,3-й тупик Петра Багратиона
პეტრე ბაგრატიონის ქუჩა,Pyotr Bagration Street,улица Петра Багратиона
პეტრე ბაგრატიონის შესახვევი,Pyotr Bagration Lane,переулок Петра Багратиона
პეტრე ბაგრატიონის ჩიხი,Pyotr Bagration Dead End,тупик Петра Багратиона
პეტრე გამყრელიძის ქუჩა,Petre Gamqrelidze Street,улица Петре Гамкрелидзе
პეტრე გრუზინსკის ქუჩა,Petre Gruzinski Street,улица Петра Грузинского
პეტრე და იოსებ ოცხელების ქუჩა,Petre and Ioseb Otskheli Street,улица Петре и Иосеба Оцхели
პეტრე ზამბახიძის ქუჩა,Petre Zambakhidze Street,улица Петре Замбахидзе
პეტრე იბერის I ჩიხი,Petre Iberi 1st Dead End,1-й тупик Петре Ибери
პეტრე იბერის II ჩიხი,Petre Iberi 2nd Dead End,2-й тупик Петре Ибери
პეტრე იბერის III ჩიხი,Petre Iberi 3rd Dead End,3-й тупик Петре Ибери
პეტრე იბერის IV ჩიხი,Petre Iberi 4th Dead End,4-й тупик Петре Ибери
პეტრე იბერის V ჩიხი,Petre Iberi 5th Dead End,5-й тупик Петре Ибери
პეტრე იბერის VI ჩიხი,Petre Iberi 6th Dead End,6-й тупик Петре Ибери
პეტრე იბერის ქუჩა,Petre Iberi Street,улица Петра Ивера
პეტრე იბერის შესახვევი,Petre Iberi Lane,переулок Петра Ивера
პეტრე მამრაძის ქუჩა,Petre Mamradze Street,улица Петре Мамрадзе
პეტრე მამრაძის ხევი,Petre Mamradze Gorge,овраг Петре Мамрадзе
პეტრე მელიქიშვილის I გასასვლელი,Petre Melikishvili 1st Exit,1-й съезд Петра Меликишвили
პეტრე მელიქიშვილის I შესახვევი,Petre Melikishvili 1st Lane,1-й переулок Петра Меликишвили
პეტრე მელიქიშვილის I ჩიხი,Petre Melikishvili 1st Dead End,1-й тупик Петра Меликишвили
პეტრე მელიქიშვილის II გასასვლელი,Petre Melikishvili 2nd Exit,2-й съезд Петра Меликишвили
პეტრე მელიქიშვილის II შესახვევი,Petre Melikishvili 2nd Lane,2-й переулок Петра Меликишвили
პეტრე მელიქიშვილის III გასასვლელი,Petre Melikishvili 3rd Exit,3-й съезд Петра Меликишвили
პეტრე მელიქიშვილის IV გასასვლელი,Petre Melikishvili 4th Exit,4-й съезд Петра Меликишвили
პეტრე მელიქიშვილის V გასასვლელი,Petre Melikishvili 5th Exit,5-й съезд Петра Меликишвили
პეტრე მელიქიშვილის VI გასასვლელი,Petre Melikishvili 6th Exit,6-й съезд Петра Меликишвили
პეტრე მელიქიშვილის VII გასასვლელი,Petre Melikishvili 7th Exit,7-й съезд Петра Меликишвили
პეტრე მელიქიშვილის VIII გასასვლელი,Petre Melikishvili 8th Exit,8-й съезд Петра Меликишвили
პეტრე მელიქიშვილის გამზირი,Petre Melikishvili Avenue,проспект Петра Меликишвили
პეტრე მელიქიშვილის ჩიხი,Petre Melikishvili Dead End,тупик Петра Меликишвили
პეტრე მელიქიშვილის ქუჩა,Petre Melikishvili Street,улица Петра Меликишвили
პეტრე მელიქიშვილის ქუჩა,Petre Melikishvili Street,улица Петра Меликишвили
პეტრე მელიქიშვილის ჩიხი,Petre Melikishvili Dead End,тупик Петра Меликишвили
პეტრე პირტახიას ქუჩა,Petre Pirtakhia Street,улица Петре Пиртахия
პეტრე სარაჯიშვილის ქუჩა,Petre Sarajishvili Street,улица Петре Сараджишвили
პეტრე სურგულაძის ქუჩა,Petre Surguladze Street,улица Петре Сургуладзе
პეტრე უბერის ქუჩა,Petre Uberi Street,улица Петре Убери
პეტრე უმიკაშვილის ქუჩა,Petre Umikashvili Street,улица Петре Умикашвили
პეტრე ქავთარაძე II შესახვევი,Petre Kavtaradze 2nd Lane,2-й переулок Петре Кавтарадзе
პეტრე ქავთარაძის I შესახვევი,Petre Kavtaradze 1st Lane,1-й переулок Петре Кавтарадзе
პეტრე ქავთარაძის III შესახვევი,Petre Kavtaradze 3rd Lane,3-й переулок Петра Кавтарадзе
პეტრე ქავთარაძის IV შესახვევი,Petre Kavtaradze 4th Lane,4-й переулок Петра Кавтарадзе
პეტრე ქავთარაძის ქუჩა,Petre Kavtaradze Street,улица Петра Кавтарадзе
პეტრე ქავთარაძის ჩიხი,Petre Kavtaradze Dead End,тупик Петра Кавтарадзе
პეტრე ჩაიკოვსკის ქუჩა,Petre Chaikovsky Street,улица Петра Чайковского
პეტრე ჩაიკოვსკის ქუჩა,Peter Chaikovski Street,улица Петра Чайковского
პეტრე ხვედელიძის ქუჩა,Petre Khvedelidze Street,улица Петре Хведелидзе
პეტრიაშვილის I ჩიხი,Petriashvili 1st Dead End,1-й тупик Петриашвили
პეტრიაშვილის ჩიხი,Petriashvili Dead End,тупик Петриашвили
პეტრიაშვილის ქუჩა,Petriashvili Street,улица Петриашвили
პეტრიწის ქუჩა,Petritsi Street,улица Петрици
პიატიგორსკის ქუჩა,Pyatigorsk Street,улица Пятигорска
პიაცა მოედანი,Batumi Piazza,площадь Пиацца
პიერ კობახიძის I შესახვევი,Pier Kobakhidze 1st Lane,1-й переулок Пьера Кобахидзе
პიერ კობახიძის II შესახვევი,Pier Kobakhidze 2nd Lane,2-й переулок Пьера Кобахидзе
პიერ კობახიძის III შესახვევი,Pier Kobakhidze 3rd Lane,3-й переулок Пьера Кобахидзе
პიერ კობახიძის ქუჩა,Pierre Kobakhidze Street,улица Пиера Кобаxидзе
პიმენ ყურაშვილის I ჩიხი,Pimen Qurashvili 1st Dead End,1-й тупик Пимена Курашвили
პიმენ ყურაშვილის II ჩიხი,Pimen Qurashvili 2nd Dead End,2-й тупик Пимена Курашвили
პიმენ ყურაშვილის III ჩიხი,Pimen Qurashvili 3rd Dead End,3-й тупик Пимена Курашвили
პიმენ ყურაშვილის ქუჩა,Pimen Qurashvili Street,улица Пимена Курашвили
პირველი მაისის ქუჩა,Pirveli Maisi Street,улица Привели Маиси
პირველი რესპუბლიკის მოედანი,First Republic Square,Площадь Первой Республики
პირიდონ კედიას ქუჩა,Spiridon Kedia Street,улица Спиридона Кедиа
პლატონ დოლიძის ქუჩა,Platon Dolidze Street,улица Платона Долидзе
პლატონ იოსელიანის ქუჩა,Platon Ioseliani Street,улица Платона Иоселиани
პოლიკარპე ზერაგიას ქუჩა,Polikarpe Zeragia Street,улица Поликарпе Зерагия
პოლიკარპე კაკაბაძის ქუჩა,Polikarpe Kakabadze Street,улица Поликарпе Какабадзе
პოლიციის I ჩიხი,Police 1st Dead End,1-й тупик Полиции
პოლიციის ქუჩა,Police Street,улица Полиции
პოლიციის შესახვევი,Police Lane,переулок Полиции
პორფილე ჩანჩიბაძის ქუჩა,Porpile Chanchibadze Street,улица Порпиле Чанчибадзе
პურის მოედანი,Bread Square,Хлебная площадь
პურის ჩიხი,Puris Dead End,тупик Пурис
ჟან შარდენის ქუჩა,Jean Chardin Street,улица Жана Шардена
ჟველაურის ქუჩა,Zhvelauri Street,улица Жвелаури
ჟიული შარტავას II შესახვევი,Zhiuli Shartava 2nd Lane,2-й переулок Жиули Шартавы
ჟიული შარტავას გამზირი,Zhiuli Shartava Avenue,проспект Жиули Шартавы
ჟიული შარტავას ქუჩა,Zhiuli Shartava Street,улица Жиули Шартавы
ჟიული შარტავას შესახვევი,Zhiuli Shartava Lane,переулок Жиули Шартавы
ჟიული შარტავას ჩიხი,Zhiuli Shartava Dead End,тупик Жиули Шартавы
ჟონეთის ქუჩა,Zhoneti Street,улица Жонети
ჟუნვალის ქუჩა,Zhinvali Street,улица Жинвали
რავაზ თაბუკაშვილის I ჩიხი,Revaz Tabukashvili 1st Dead End,1-й тупик Реваза Табукашвили
რამაზ გოგიაშვილის ქუჩა,Ramaz Gogiashvili Street,улица Рамаза Гогиашвили
რამაზ დავითაშვილის ქუჩა,Ramaz Davitashvili Street,улица Рамаза Давиташвили
რამაზ შენგელიას ქუჩა,Ramaz Shengelia Street,улица Рамаза Шенгелия
რამაზ ჩხიკვაძის ქუჩა,Ramaz Chkhikvadze Street,улица Рамаза Чхиквадзе
რამაზის ქუჩა,Ramazi Street,улица Рамази
რაჟდენ არსენიძის I შესახვევი,Razhden Arsenidze 1st Lane,1-й переулок Раждена Арсенидзе
რაჟდენ არსენიძის I ჩიხი,Razhden Arsenidze 1st Dead End,1-й тупик Раждена Арсенидзе
რაჟდენ არსენიძის II ჩიხი,Razhden Arsenidze 2nd Dead End,2-й тупик Раждена Арсенидзе
რაჟდენ არსენიძის III შესახვევი,Razhden Arsenidze 3rd Lane,3-й переулок Раждена Арсенидзе
რაჟდენ არსენიძის ქუჩა,Razhden Arsenidze Street,улица Раждена Арсенидзе
რაჟდენ გვეტაძის ქუჩა,Razhden Gvetadze Street,улица Раждена Гветадзе
რატევანის I შესახვევი,Ratevani 1st Lane,1-й переулок Ратевани
რატევანის I ჩიხი,Ratevani 1st Dead End,1-й тупик Ратевани
რატევანის II შესახვევი,Ratevani 2nd Lane,2-й переулок Ратевани
რატევანის ქუჩა,Ratevani Street,улица Ратевани
რაულ ეშბას ქუჩა,Raul Eshba Street,улица Рауля Эшба
რაულ ვალენბერგის ქუჩა,Raoul Wallenberg Street,улица Рауля Валленберга
რაფიელ აგლაძის ქუჩა,Rapiel Agladze Street,улица Рапиеля Агладзе
რაფიელ დანიბეგაშვილის ქუჩა,Rapiel Danibegashvili Street,улица Рапиеля Данибегашвили
რაფიელ დვალის ქუჩა,Rapiel Dvali Street,улица Рафаэля Двали
რაფიელ ერისთავის I შესახვევი,Rapiel Eristavi 1st Lane,1-й переулок Рапиеля Эристави
რაფიელ ერისთავის I ჩიხი,Rapiel Eristavi 1st Dead End,1-й тупик Рапиеля Эристави
რაფიელ ერისთავის I ჩიხი,Rafiel Eristavi 1st Dead End,1-й тупик Рафаэла Эристави
რაფიელ ერისთავის II შესახვევი,Rapiel Eristavi 2nd Lane,2-й переулок Рапиеля Эристави
რაფიელ ერისთავის II ჩიხი,Rafiel Eristavi 2nd Dead End,2-й тупик Рафаэла Эристави
რაფიელ ერისთავის III ჩიხი,Rafiel Eristavi 3rd Dead End,3-й тупик Рафаэла Эристави
რაფიელ ერისთავის IV ჩიხი,Rafiel Eristavi 4th Dead End,4-й тупик Рафаэла Эристави
რაფიელ ერისთავის ქუჩა,Rapiel Eristavi Street,улица Рапиеля Эристави
რაფიელ ერისთავის ქუჩა,Rapiel Eristavi Street,улица Рафаэла Эристави
რაფიელ ერისთავის შესახვევი,Rapiel Eristavi Lane,переулок Рафаэла Эристави
რაშიდ ბეიბუთოვის I ჩიხი,Rashid Beibutovi 1st Dead End,1-й тупик Рашида Беибутови
რაშიდ ბეიბუთოვის ქუჩა,Rashid Beibutovi Street,улица Рашида Беибутови
რაჭას ქუჩა,Racha Street,улица Рача
რაჭის I შესახვევი,Racha 1st Lane,1-й переулок Рачи
რაჭის I ჩიხი,Racha 1st Dead End,1-й тупик Рачи
რაჭის II შესახვევი,Racha 2nd Lane,2-й переулок Рачи
რაჭის III შესახვევი,Racha 3rd Lane,3-й переулок Рачи
რაჭის IV შესახვევი,Racha 4th Lane,4-й переулок Рачи
რაჭის ქუჩა,Racha Street,улица Рача
რაჭისუბნის ქუჩა,Rachisubani Street,улица Рачисубани
რევაზ ბებიას ქუჩა,Revaz Bebia Street,улица Реваза Бебия
რევაზ გაბრიაძის I შესახვევი,Revaz Gabriadze 1st Lane,1-й переулок Реваза Габриадзе
რევაზ გაბრიაძის I ჩიხი,Revaz Gabriadze 1st Dead End,1-й тупик Реваза Габриадзе
რევაზ გაბრიაძის ქუჩა,Revaz Gabriadze Street,улица Реваза Габриадзе
რევაზ თაბუკაშვილის I ჩიხი,Revaz Tabukashvili 1st Dead End,1-й тупик Реваза Табукашвили
რევაზ თაბუკაშვილის II ჩიხი,Revaz Tabukashvili 2nd Dead End,2-й тупик Реваза Табукашвили
რევაზ თაბუკაშვილის ქუჩა,Revaz Tabukashvili Street,улица Реваза Табукашвили
რევაზ თაბუკაშვილის შესახვევი,Revaz Tabukashvili Lane,переулок Реваза Табукашвили
რევაზ თაბუკაშვილის ჩიხი,Revaz Tabukashvili Dead End,тупик Реваза Табукашвили
რევაზ კვირიკაშვილის I ჩიხი,Revaz Kvirikashvili 1st Dead End,1-й тупик Реваза Квирикашвили
რევაზ კვირიკაშვილის II ჩიხი,Revaz Kvirikashvili 2nd Dead End,2-й тупик Реваза Квирикашвили
რევაზ კვირიკაშვილის III ჩიხი,Revaz Kvirikashvili 3rd Dead End,3-й тупик Реваза Квирикашвили
რევაზ კვირიკაშვილის ქუჩა,Revaz Kvirikashvili Street,улица Реваза Квирикашвили
რევაზ კომახიძის ქუჩა,Revaz Komakhidze Street,улица Реваза Комахидзе
რევაზ კომახიძის შესახვევი,Revaz Komakhidze Lane,переулок Реваза Комахидзе
რევაზ ლაღიძის I ჩიხი,Revaz Laghidze 1st Dead End,1-й тупик Реваза Лагидзе
რევაზ ლაღიძის II ჩიხი,Revaz Laghidze 2nd Dead End,2-й тупик Реваза Лагидзе
რევაზ ლაღიძის IV ჩიხი,Revaz Laghidze 4th Dead End,4-й тупик Реваза Лагидзе
რევაზ ლაღიძის V ჩიხი,Revaz Laghidze 5th Dead End,5-й тупик Реваза Лагидзе
რევაზ ლაღიძის ქუჩა,Revaz Lagidze Street,улица Реваза Лагидзе
რევაზ მამისაშვილის I შესახვევი,Revaz Mamisashvili 1st Lane,1-й переулок Реваза Мамисашвили
რევაზ მამისაშვილის II შესახვევი,Revaz Mamisashvili 2nd Lane,2-й переулок Реваза Мамисашвили
რევაზ მამისაშვილის ქუჩა,Revaz Mamisashvili Street,улица Реваза Мамисашвили
რევაზ მარგიანის I შესახვევი,Revaz Margiani 1st Lane,1-й переулок Реваза Маргиани
რევაზ მარგიანის ქუჩა,Revaz Margiani Street,улица Реваза Маргиани
რევაზ ურიდიას II ჩიხი,Revaz Uridia 2nd Dead End,2-й тупик Реваза Уридия
რევაზ ურიდიას ქუჩა,Revaz Uridia Street,улица Реваза Уридия
რევაზ ურიდიას ჩიხი,Revaz Uridia Dead End,тупик Реваза Уридия
რევაზ ჯაფარიძის I გასასვლელი,Revaz Japaridze 1st Exit,1-й съезд Реваза Джапаридзе
რევაზ ჯაფარიძის I შესახვევი,Revaz Japaridze 1st Lane,1-й переулок Реваза Джапаридзе
რევაზ ჯაფარიძის II შესახვევი,Revaz Japaridze 2nd Lane,2-й переулок Реваза Джапаридзе
რევაზ ჯაფარიძის ქუჩა,Revaz Japaridze Street,улица Реваза Джапаридзе
რევაზის ჩიხი,Revazi Dead End,тупик Ревази
რეზო გაბაშვილის I გასასვლელი,Rezo Gabashvili 1st Exit,1-й съезд Резо Габашвили
რეზო გაბაშვილის II გასასვლელი,Rezo Gabashvili 2nd Exit,2-й съезд Резо Габашвили
რეზო გაბაშვილის III გასასვლელი,Rezo Gabashvili 3rd Exit,3-й съезд Резо Габашвили
რეზო გაბაშვილის IV გასასვლელი,Rezo Gabashvili 4th Exit,4-й съезд Резо Габашвили
რეზო გაბაშვილის V გასასვლელი,Rezo Gabashvili 5th Exit,5-й съезд Резо Габашвили
რეზო გაბაშვილის ქუჩა,Rezo Gabashvili Street,улица Резо Габашвили
თაბუკაშვილი რეზოს ქუჩა,Rezo Tabukashvili Street,улица Резо Табукашвили
რეზო ინანიშვილის ქუჩა,Rezo Inanishvili Street,улица Резо Инанишвили
რეზო ჩხეიძის ქუჩა,Rezo Chkheidze Street,улица Резо Чхеидзе
რენე შმერლინგის I ჩიხი,Rene Shmerlingi 1st Dead End,1-й тупик Рене Шмерлинги
რენე შმერლინგის II ჩიხი,Rene Shmerlingi 2nd Dead End,2-й тупик Рене Шмерлинги
რენე შმერლინგის III ჩიხი,Rene Shmerlingi 3rd Dead End,3-й тупик Рене Шмерлинги
რენე შმერლინგის ქუჩა,Rene Shmerlingi Street,улица Рене Шмерлинги
რეხის ქუჩა,Rekhi Street,улица Рехи
რეჯებ ნიჟარაძის ქუჩა,Rejeb Nizharaadze Street,улица Реджеба Нижарадзе
რთულის ხიდი,Rtuli Bridge,мост Ртули
რიგას ქუჩა,Riga Street,улица Риги
რიკოთის I ჩიხი,Rikoti 1st Dead End,1-й тупик Рикоти
რიკოთის II ჩიხი,Rikoti 2nd Dead End,2-й тупик Рикоти
რიკოთის ქუჩა,Rikoti Street,улица Рикоти
რიონის I შესახვევი,Rioni 1st Lane,1-й переулок Риони
რიონის II შესახვევი,Rioni 2nd Lane,2-й переулок Риони
რიონის გასასვლელი,Rioni Exit,съезд Риони
რიონის ქუჩა,Rioni Street,улица Риони
რიონის ხიდი,Rioni Bridge,мост Риони
რიონჰესის ქუჩა,Rionhesi Street,улица Рионгэси
რისმაგ გორდეზიანის ქუჩა,Rismag Gordezianis Street,улица Рисмага Гордезианиса
რიჩარდ ჰოლბრუკის ქუჩა,Richard Holbrooke Street,улица Ричарда Холбрука
რიცეულას ქუჩა,Ritseula Street,улица Рицеула
რიწას I ჩიხი,Ritsa 1st Dead End,1-й тупик Рица
რიწას ქუჩა,Ritsa Street,улица Рица
რიწის ქუჩა,Ritsa Street,улица Рица
რკინიგზას ქუჩა,Rkinigza Street,улица Ркинигза
რკინიგზის ქუჩა,Rkinigza Street,улица Ркинигза
რკინის რიგი,Rkinis Rigi,Ркинис-риги
რობერტ ბარძიმაშვილის ქუჩა,Robert Bardzimashvili Street,улица Роберта Бардзимашвили
როდენის ქუჩა,Rodeni Street,улица Родени
როდიონ ქორქიას I ჩიხი,Rodion Korkia 1st Dead End,1-й тупик Родиона Коркия
როდიონ ქორქიას II ჩიხი,Rodion Korkia 2nd Dead End,2-й тупик Родиона Коркия
როდიონ ქორქიას ქუჩა,Rodion Korkia Street,улица Родиона Коркия
როინ რობაქიძის ქუჩა,Grigol Robakidze Street,улица Григола Робакидзе
რომან გაბისონიას ქუჩა,Roman Gabisonia Street,улица Романа Габисония
რომან გაბისონიას ჩიხი,Roman Gabisonia Dead End,тупик Романа Габисония
რომან გვენცაძე I ჩიხი,Roman Gventsadze 1st Dead End,1-й тупик Романа Гвенцадзе
რომან გვენცაძე II ჩიხი,Roman Gventsadze 2nd Dead End,2-й тупик Романа Гвенцадзе
რომან გვენცაძე III ჩიხი,Roman Gventsadze 3rd Dead End,3-й тупик Романа Гвенцадзе
რომან გვენცაძე IV ჩიხი,Roman Gventsadze 4th Dead End,4-й тупик Романа Гвенцадзе
რომან გვენცაძე ქუჩა,Roman Gventsadze Street,улица Романа Гвенцадзе
რომან მიმინოშვილის ქუჩა,Roman Miminoshvili Street,улица Романа Миминошвили
რომან ჭელიძის I გასასვლელი,Roman Chelidze 1st Exit,1-й съезд Романа Челидзе
რომან ჭელიძის I შესახვევი,Roman Chelidze 1st Lane,1-й переулок Романа Челидзе
რომან ჭელიძის II გასასვლელი,Roman Chelidze 2nd Exit,2-й съезд Романа Челидзе
რომან ჭელიძის ქუჩა,Roman Chelidze Street,улица Романа Челидзе
რომანოზ ხომლელის I შესახვევი,Romanoz Khomleli 1st Lane,1-й переулок Романоза Хомлели
რომანოზ ხომლელის II შესახვევი,Romanoz Khomleli 2nd Lane,2-й переулок Романоза Хомлели
რომანოზ ხომლელის ქუჩა,Romanoz Khomleli Street,улица Романоза Хомлели
რომის ქუჩა,Rome Street,улица Роми
როსტევანის I შესახვევი,Rostevani 1st Lane,1-й переулок Ростевани
როსტევანის I ჩიხი,Rostevani 1st Dead End,1-й тупик Ростевани
როსტევანის II ჩიხი,Rostevani 2nd Dead End,2-й тупик Ростевани
როსტევანის ქუჩა,Rostevani Street,улица Ростевани
როსტოვის ქუჩა,Rostov Street,улица Ростова
როსტომ აბრამიშვილის I შესახვევი,Rostom Abramishvili 1st Lane,1-й переулок Ростома Абрамишвили
როსტომ აბრამიშვილის II შესახვევი,Rostom Abramishvili 2nd Lane,2-й переулок Ростома Абрамишвили
როსტომ აბრამიშვილის III შესახვევი,Rostom Abramishvili 3rd Lane,3-й переулок Ростома Абрамишвили
როსტომ აბრამიშვილის IV შესახვევი,Rostom Abramishvili 4th Lane,4-й переулок Ростома Абрамишвили
როსტომ აბრამიშვილის ქუჩა,Rostom Abramishvili Street,улица Ростома Абрамишвили
როსტომ მუსხელიშვილის ქუჩა,Rostom Muskhelishvili Street,улица Ростома Мусхелишвили
როსტომ მუსხელიშვილის ჩიხი,Rostom Muskhelishvili Dead End,тупик Ростома Мусхелишвили
როსტომ ქობელაშვილის ქუჩა,Rostom Kobelashvili Street,улица Ростома Кобелашвили
რუბენ ვეფხვაძის ქუჩა,Ruben Vepkhvadze Street,улица Рубена Вепхвадзе
რუისპირის ქუჩა,Ruispiri Street,улица Руиспири
რუისპირის ჩიხი,Ruispiri Dead End,тупик Руиспири
რუსთაველის II შესახვევი,Rustaveli 2nd Lane,2-й переулок Руставели
რუსთაველის ქუჩა,Rustaveli Street,улица Руставели
რუსთავის გზატკეცილი,Rustavi Highway,Руставское шоссе
რუსთავის გზატკეცილის I გასასვლელი,Rustavi Highway 1st Exit,1-й съезд Руставского шоссе
რუსთავის გზატკეცილის I ჩიხი,Rustavi Highway 1st Dead End,1-й тупик Руставского шоссе
რუსთავის გზატკეცილის II გასასვლელი,Rustavi Highway 2nd Exit,2-й съезд Руставского шоссе
რუსთავის ქუჩა,Rustavi Street,Руставская улица 
რუსუდან მეფისაშვილის II ჩიხი,Rusudan Mepisashvili 2nd Dead End,2-й тупик Русудан Меписашвили
რუსუდან მეფისაშვილის III ჩიხი,Rusudan Mepisashvili 3rd Dead End,3-й тупик Русудан Меписашвили
რუსუდან მეფისაშვილის IV ჩიხი,Rusudan Mepisashvili 4th Dead End,4-ый тупик Русудан Меписашвили
რუსუდან მეფისაშვილის ქუჩა,Rusudan Mepisashvili Street,улица Русудан Меписашвили
რუსუდან მიქელაძის ქუჩა,Rusudan Mikeladze Street,улица Русудан Микеладзе
რუსუდან ჟორდანიას ქუჩა,Rusudan Zhordania Street,улица Русудан Жордания
რუსუდან ქორქაძის ქუჩა,Rusudan Korkadze Street,улица Русудан Жордания
რუსუდან ჩხეტიანის ქუჩა,Rusudan Chkhetiani Street,улица Русудан Чхетиани
რუსუდანის შესახვევი,Rusudani Lane,переулок Русудани
რქაწითელის I ჩიხი,Rkatsiteli 1st Dead End,1-й тупик Ркацители
რქაწითელის ქუჩა,Rkatsiteli Street,улица Ркацители
რჩეულიშვილის ქუჩა,Rcheulishvili Street,улица Рчеулишвили
რწმენის I შესახვევი,Rtsmeni 1st Lane,1-й переулок Рцмени
რწმენის ქუჩა,Rtsmeni Street,улица Рцмени
საადის ქუჩა,Saadi Street,улица Саади
საბაჟოს შესახვევი,Sabazho Lane,переулок Сабажо
საბარგოს ხევი,Sabargo Gorge,овраг Сабарго
საბატონოს I ჩიხი,Sabatono 1st Dead End,1-й тупик Сабатоно
საბატონოს II ჩიხი,Sabatono 2nd Dead End,2-й тупик Сабатоно
საბატონოს III ჩიხი,Sabatono 3rd Dead End,3-й тупик Сабатоно
საბატონოს IV ჩიხი,Sabatono 4th Dead End,4-й тупик Сабатоно
საბატონოს ქუჩა,Sabatono Street,улица Сабатоно
საგუბარის ქუჩა,Sagubari Street,улица Сагубари
სადგერის I შესახვევი,Sadgeri 1st Lane,1-й переулок Садгери
სადგერის II შესახვევი,Sadgeri 2nd Lane,2-й переулок Садгери
სადგერის ქუჩა,Sadgeri Street,улица Садгери
სადგურის მოედანი,Station Square,Вокзальная площадь
სადმელის ქუჩა,Sadmeli Street,улица Садмели
საეკლესიოს ქუჩა,Saeklesio Street,улица Саеклесио
სავანეს I შესახვევი,Savane 1st Lane,1-й переулок Саване
სავანეს ქუჩა,Savane Street,улица Саване
საზანოს ქუჩა,Sazano Street,улица Сазано
სათემოს ქუჩა,Satemo Street,улица Сатемо
სათნოების I შესახვევი,Satnoeba 1st Lane,1-й переулок Сатноеба
სათნოების I ჩიხი,Satnoeba 1st Dead End,1-й тупик Сатноеба
სათნოების II ჩიხი,Satnoeba 2nd Dead End,2-й тупик Сатноеба
სათნოების ქუჩა,Satnoeba Street,улица Сатноеба
საიათნოვას ქუჩა,Saiatnova Street,улица Саятнова
საინგილოს I შესახვევი,Saingilo 1st Lane,1-й переулок Саингило
საინგილოს ქუჩა,Saingilo Street,улица Саингило
საინგილოს ჩიხი,Saingilo Dead End,тупик Саингило
საირმეს ქუჩა,Sairme Street,улица Саирме
საირმის I ჩიხი,Sairme 1st Dead End,1-й тупик Саирме
საირმის II ჩიხი,Sairmi 2nd Dead End,2-й тупик Саирми
საირმის III შესახვევი,Sairmi 3rd Lane,3-й переулок Саирми
საირმის III ჩიხი,Sairmi 3rd Dead End,3-й тупик Саирми
საირმის IV ჩიხი,Sairmi 4th Dead End,4-й тупик Саирми
საირმის V ჩიხი,Sairmi 5th Dead End,5-й тупик Саирми
საირმის ქუჩა,Sairme Street,улица Саирме
საირმის ჩიხი,Sairme Dead End,тупик Саирме
სალამის ქუჩა,Salami Street,улица Салами
სალბიერის I შესახვევი,Salbieri 1st Lane,1-й переулок Салбиери
სალბიერის ქუჩა,Salbieri Street,улица Салбиери
სალხინოს ქუჩა,Salkhino Street,улица Салхино
სამადლოს ქუჩა,Samadlo Street,улица Самадло
სამამულო ომის გმირების ქუჩა,Samamulo Omis Gmirebi Street,улица Самамуло Омис Гмиреби
სამასი არაგველის I შესახვევი,Samasi Aragveli 1st Lane,1-й переулок Самаси Арагвели
სამასი არაგველის II შესახვევი,Samasi Aragveli 2nd Lane,2-й переулок Самаси Арагвели
სამასი არაგველის ქუჩა,Samasi Aragveli Street,улица Самаси Арагвели
სამასი არაგველის ჩიხი,Samasi Aragveli Dead End,тупик Самаси Арагвели
სამასი არაგველის ხიდი,Samasi Aragveli Bridge,мост Самаси Арагвели
სამაჩაბლოს ქუჩა,Samachablo Street,улица Самачабло
სამგორის I შესახვევი,Samgori 1st Lane,1-й переулок Самгори
სამგორის III შესახვევი,Samgori 3rd Lane,3-й переулок Самгори
სამგორის IV შესახვევი,Samgori 4th Lane,4-й переулок Самгори
სამგორის ველის I გასასვლელი,Samgori Veli 1st Exit,1-й съезд Самгори Вели
სამგორის ველის ქუჩა,Samgori Veli Street,улица Самгори Вели
სამგორის ქუჩა,Samgori Street,улица Самгори
სამებას ქუჩა,Sameba Street,улица Самеба
სამების ქუჩა,Sameba Street,улица Самеба
სამეგრელოს I შესახვევი,Samegrelo 1st Lane,1-й переулок Самегрело
სამეგრელოს III შესახვევი,Samegrelo 3rd Lane,3-й переулок Самегрело
სამეგრელოს ქუჩა,Samegrelo Street,улица Самегрело
სამეგრელოს ჩიხი,Samegrelo Dead End,тупик Самегрело
სამეფო ქუჩა,Samepo Street,улица Самепо
სამთავროს ქუჩა,Samtavro Street,улица Самтавро
სამპანტების I შესახვევი,Sampantebi 1st Lane,1-й переулок Сампантеби
სამპანტების ქუჩა,Sampantebi Street,улица Сампантеби
სამრეკლოს I შესახვევი,Samreklo 1st Lane,1-й переулок Самрекло
სამრეკლოს II შესახვევი,Samreklo 2nd Lane,2-й переулок Самрекло
სამრეკლოს ქუჩა,Samreklo Street,улица Самрекло
სამსონ ფირცხალავას ქუჩა,Samson Pirtskhalava Street,улица Самсона Пирцхалава
სამტრედიის ქუჩა,Samtredia Street,улица Самтредиа
სამუელ ბუაჩიძის ქუჩა,Samuel Buachidze Street,улица Самуеля Буачидзе
სამურზაყანოს ქუჩა,Samurzaqano Street,улица Самурзакано
სამურის ქუჩა,Samuri Street,улица Самури
სამღებროს ქუჩა,Samghebro Street,улица Самгебро
სამღერეთის ქუჩა,Samghereti Street,улица Самгерети
სამშვილდის ქუჩა,Samshvildi Street,улица Самшвилди
სამხედრო დასახლების I ქუჩა,Samkhedro Dasakhleba 1st Street,1-я улица Самхедро Дасахлеба
სამხრეთის ქუჩა,Samkhreti Street,улица Самхрети
სანავარდოს ქუჩა,Sanavardo Street,улица Санавардо
სანაპიროს ქუჩა,Sanapiro Street,улица Санапиро
სანაპიროს ჩიხი,Sanapiro Dead End,тупик Санапиро
სანდრო ახმეტელის გასასვლელი,Sandro Akhmeteli Exit,съезд Сандро Ахметели
სანდრო ახმეტელის ქუჩა,Sandro Akhmeteli Street,улица Сандро Ахметели
სანდრო კანდელაკის ქუჩა,Sandro Kandelaki Street,улица Сандро Канделаки
სანდრო მირიანაშვილის I ჩიხი,Sandro Mirianashvili 1st Dead End,1-й тупик Сандро Мирианашвили
სანდრო მირიანაშვილის II ჩიხი,Sandro Mirianashvili 2nd Dead End,2-й тупик Сандро Мирианашвили
სანდრო მირიანაშვილის IV ჩიხი,Sandro Mirianashvili 4th Dead End,4-й тупик Сандро Мирианашвили
სანდრო მირიანაშვილის IX ჩიხი,Sandro Mirianashvili 9th Dead End,9-й тупик Сандро Мирианашвили
სანდრო მირიანაშვილის V ჩიხი,Sandro Mirianashvili 5th Dead End,5-й тупик Сандро Мирианашвили
სანდრო მირიანაშვილის VI ჩიხი,Sandro Mirianashvili 6th Dead End,6-й тупик Сандро Мирианашвили
სანდრო მირიანაშვილის VIII ჩიხი,Sandro Mirianashvili 8th Dead End,8-й тупик Сандро Мирианашвили
სანდრო მირიანაშვილის X ჩიხი,Sandro Mirianashvili 10th Dead End,10-й тупик Сандро Мирианашвили
სანდრო მირიანაშვილის XII ჩიხი,Sandro Mirianashvili 12th Dead End,12-й тупик Сандро Мирианашвили
სანდრო მირიანაშვილის XIII ჩიხი,Sandro Mirianashvili 13th Dead End,13-й тупик Сандро Мирианашвили
სანდრო მირიანაშვილის XIV ჩიხი,Sandro Mirianashvili 14th Dead End,14-й тупик Сандро Мирианашвили
სანდრო მირიანაშვილის XV ჩიხი,Sandro Mirianashvili 15th Dead End,15-й тупик Сандро Мирианашвили
სანდრო მირიანაშვილის XVI ჩიხი,Sandro Mirianashvili 16th Dead End,16-й тупик Сандро Мирианашвили
სანდრო მირიანაშვილის ქუჩა,Sandro Mirianashvili Street,улица Сандро Мирианашвили
სანდრო ჟორჟოლიანის ქუჩა,Sandro Zhorzholiani Street,улица Сандро Жоржолиани
სანდრო შანშიაშვილის ქუჩა,Sandro Shanshiashvili Street,улица Сандро Шаншиашвили
სანერგის I შესახვევი,Sanergi 1st Lane,1-й переулок Санерги
სანერგის I ჩიხი,Sanergi 1st Dead End,1-й тупик Санерги
სანერგის II შესახვევი,Sanergi 2nd Lane,2-й переулок Санерги
სანერგის II ჩიხი,Sanergi 2nd Dead End,2-й тупик Санерги
სანერგის III შესახვევი,Sanergi 3rd Lane,3-й переулок Санерги
სანერგის ქუჩა,Sanergi Street,улица Санерги
სანთელის შესახვევი,Santeli Lane,переулок Сантели
სანკტ-პეტერბურგის ქუჩა,Sankt-Peterburg Street,Санкт-Петербургская улица
სარაჯიშვილის ქუჩა,Sarajishvili Street,улица Сараджишвили
სარგის თმოგველის ქუჩა,Sargis Tmogveli Street,улица Саргиса Тмогвели
სარგის კაკაბაძის ქუჩა,Sargis Kakabadze Street,улица Саргиса Какабадзе
სართიჭალას ქუჩა,Sartichala Street,улица Сартичала
სართიჭალის შესახვევი,Sartichala Lane,переулок Сартичала
სარკინეთის ქუჩა,Sarkineti Street,улица Саркинети
სატივეს ქუჩა,Sative Street,улица Сативе
სატყეოს I შესახვევი,Satqeo 1st Lane,1-й переулок Саткео
სატყეოს ქუჩა,Satqeo Street,улица Саткео
საფერავის I ჩიხი,Saperavi 1st Dead End,1-й тупик Саперави
საფერავის II ჩიხი,Saperavi 2nd Dead End,2-й тупик Саперави
საფერავის ქუჩა,Saperavi Street,улица Саперави
საფო მგელაძის I გასასვლელი,Sapo Mgeladze 1st Exit,1-й съезд Сапо Мгеладзе
საფო მგელაძის ქუჩა,Sapo Mgeladze Street,улица Сапо Мгеладзе
საქარას ქუჩა,Sakara Street,улица Сакара
საქართველოს ერთიანობისთვის მებრძოლთას ქუჩა,Sakartvelos Ertianobistvis Mebrdzoltas Street,улица Сакартвелос Эртианобиствис Мебрдзолтас
ქარხნის ქუჩა,Karkhana Street,Фабричная улица
საყვირის ქუჩა,Saqviri Street,улица Саквири
საჩხერის ქუჩა,Sachkhere Street,улица Сачхере
საჭილაოს ქუჩა,Sachilao Street,улица Сачилао
სახალხოს ქუჩა,Sakhalkho Street,улица Сахалхо
სახელმწიფო უნივერსიტეტი,State University,государственный университет
სევანის ქუჩა,Sevani Street,улица Севани
სევასტოპოლის ქუჩა,Sevastopol Street,улица Севастополя
სელიმ ხიმშიაშვილის ქუჩა,Selim Khimshiashvili Street,улица Селима Химшиашвили
სენაკის ქუჩა,Senaki Street,улица Сенаки
სერგეი გოროზიას I შესახვევი,Sergei Gorozia 1st Lane,1-й переулок Сергея Горозия
სერგეი გოროზიას ქუჩა,Sergei Gorozia Street,улица Сергея Горозия
სერგეი ესენინის ქუჩა,Sergei Yesenin Street,улица Сергея Есенина
სერგეი მესხის ქუჩა,Sergei Meskhi Street,улица Сергея Месхи
სერგი დანელიას ქუჩა,Sergi Danelia Street,улица Серги Данелия
სერგი დურმიშიძის ქუჩა,Sergi Durmishidze Street,улица Серги Дурмишидзе
სერგი მესხის I შესახვევი,Sergi Meskhi 1st Lane,1-й переулок Серги Месхи
სერგი მესხის III ჩიხი,Sergi Meskhi 3rd Dead End,3-й тупик Сергея Месхи
სერგი მესხის ქუჩა,Sergi Meskhi Street,улица Сергея Месхи
სერგი ცხაკაიას ქუჩა,Sergi Tskhakaia Street,улица Серги Цхакаия
სერგი წულაძის I შესახვევი,Sergi Tsuladze 1st Lane,1-й переулок Серги Цуладзе
სერგი წულაძის II გასასვლელი,Sergi Tsuladze 2nd Exit,2-й съезд Серги Цуладзе
სერგი წულაძის II შესახვევი,Sergi Tsuladze 2nd Lane,2-й переулок Серги Цуладзе
სერგი წულაძის III გასასვლელი,Sergi Tsuladze 3rd Exit,3-й съезд Серги Цуладзе
სერგი წულაძის ქუჩა,Sergi Tsuladze Street,улица Серги Цуладзе
სერგი წულაძის ჩიხი,Sergi Tsuladze Dead End,тупик Серги Цуладзе
სერგი ჭილაიას I ჩიხი,Sergi Chilaia 1st Dead End,1-й тупик Серги Чилаия
სერგი ჭილაიას ქუჩა,Sergi Chilaia Street,улица Серги Чилаия
სერგი ჯიქიას I გასასვლელი,Sergi Jikia 1st Exit,1-й съезд Серги Джикия
სერგი ჯიქიას II გასასვლელი,Sergi Jikia 2nd Exit,2-й съезд Серги Джикия
სერგი ჯიქიას III გასასვლელი,Sergi Jikia 3rd Exit,3-й съезд Серги Джикия
სერგი ჯიქიას ქუჩა,Sergi Jikia Street,улица Серги Джикия
სერგო გუჯეჯიანის I შესახვევი,Sergo Gujejiani 1st Lane,1-й переулок Серго Гуджеджиани
სერგო გუჯეჯიანის I ჩიხი,Sergo Gujejiani 1st Dead End,1-й тупик Серго Гуджеджиани
სერგო გუჯეჯიანის ქუჩა,Sergo Gujejiani Street,улица Серго Гуджеджиани
სერგო დადვანის I შესახვევი,Sergo Dadvani 1st Lane,1-й переулок Серго Давидиани
სერგო დადვანის ქუჩა,Sergo Dadvani Street,улица Серго Дадвани
სერგო ზაქარიაძის ქუჩა,Sergo Zakariadze Street,улица Серго Закариадзе
სერგო მელიას ქუჩა,Sergo Melia Street,улица Серго Мелия
სერგო მესხის ქუჩა,Sergo Meskhi Street,улица Серго Месхи
სერგო ფარაჯანოვის ქუჩა,Sergei Parajanov Street,улица Сергея Параджанова
სერგო ქობულაძის ქუჩა,Sergo Kobuladze Street,улица Серго Кобуладзе
სერგო ქსოვრელის I გასასვლელი,Sergo Ksovreli 1st Exit,1-й съезд Серго Ксоврели
სერგო ქსოვრელის I ჩიხი,Sergo Ksovreli 1st Dead End,1-й тупик Серго Ксоврели
სერგო ქსოვრელის II გასასვლელი,Sergo Ksovreli 2nd Exit,2-й съезд Серго Ксоврели
სერგო ქსოვრელის II ჩიხი,Sergo Ksovreli 2nd Dead End,2-й тупик Серго Ксоврели
სერგო ქსოვრელის ქუჩა,Sergo Ksovreli Street,улица Серго Ксоврели
სერგო ცაიშვილის ქუჩა,Sergo Tsaishvili Street,улица Серго Цаишвили
სერგო ჯორბენაძის ქუჩა,Sergo Jorbenadze Street,улица Сергея Джорбенадзе
სერგო ჯორბენაძის შესახვევი,Sergo Jorbenadze Lane,переулок Сергея Джорбенадзе
სესილია თაყაიშვილის ქუჩა,Sesilia Takaishvili Street,улица Сесилии Такаишвили
სვანეთის I შესახვევი,Svaneti 1st Lane,1-й переулок Сванети
სვანეთის II შესახვევი,Svaneti 2nd Lane,2-й переулок Сванети
სვანეთის ქუჩა,Svaneti Street,улица Сванети
სვანეთისხევის ქუჩა,Svanetiskhevi Street,улица Сванетисхеви
სვერის I ჩიხი,Sveri 1st Dead End,1-й тупик Свери
სვერის ქუჩა,Sveri Street,улица Свери
სვეტიცხოველის II ჩიხი,Svetitskhoveli 2nd Dead End,2-й тупик Светицховели
სვეტიცხოველის III ჩიხი,Svetitskhoveli 3rd Dead End,3-й тупик Светицховели
სვეტიცხოველის ქუჩა,Svetitskhoveli Street,улица Светицховели
სვიმეონ შოთაძის I შესახვევი,Svimeon Shotadze 1st Lane,1-й переулок Свимеона Шотадзе
სვიმეონ შოთაძის II შესახვევი,Svimeon Shotadze 2nd Lane,2-й переулок Свимеона Шотадзе
სვიმეონ შოთაძის ქუჩა,Svimeon Shotadze Street,улица Свимеона Шотадзе
სვიმონ კანანელის I შესახვევი,Svimon Kananeli 1st Lane,1-й переулок Свимона Кананели
სვიმონ კანანელის I ჩიხი,Svimon Kananeli 1st Dead End,1-й тупик Свимона Кананели
სვიმონ კანანელის II ჩიხი,Svimon Kananeli 2nd Dead End,2-й тупик Свимона Кананели
სვიმონ კანანელის ქუჩა,Svimon Kananeli Street,улица Свимона Кананели
სვიმონ კლდიაშვილის I შესახვევი,Svimon Kldiashvili 1st Lane,1-й переулок Свимона Клдиашвили
სვიმონ კლდიაშვილის I ჩიხი,Svimon Kldiashvili 1st Dead End,1-й тупик Свимона Клдиашвили
სვიმონ კლდიაშვილის II შესახვევი,Svimon Kldiashvili 2nd Lane,2-й переулок Свимона Клдиашвили
სვიმონ კლდიაშვილის III შესახვევი,Svimon Kldiashvili 3rd Lane,3-й переулок Свимона Клдиашвили
სვიმონ კლდიაშვილის IV შესახვევი,Svimon Kldiashvili 4th Lane,4-й переулок Свимона Клдиашвили
სვიმონ კლდიაშვილის ქუჩა,Svimon Kldiashvili Street,улица Свимона Клдиашвили
სვირის ქუჩა,Sviri Street,улица Свири
სიკო დოლიძის ქუჩა,Siko Dolidze Street,улица Сико Долидзе
სილამაზის ხიდი,Salamazi Bridge,мост Саламази
სიმონ I-ის ქუჩა,Simon Pirveli Street,улица Симон Пирвели
სიმონ ავალიანის I შესახვევი,Simon Avaliani 1st Lane,1-й переулок Симона Авалиани
სიმონ ავალიანის ქუჩა,Simon Avaliani Street,улица Симона Авалиани
სიმონ და თინა ყაუხჩიშვილების ქუჩა,Simon and Tina Qaukhchishvili Street,улица Симона и Тины Каухчишвили
სიმონ კანდელაკის ქუჩა,Simon Kandelaki Street,улица Симона Канделаки
სიმონ მდივანის ქუჩა,Simon Mdivani Street,улица Симона Мдивани
სიმონ სხირტლაძის ქუჩა,Simon Skhirtladze Street,улица Симона Схиртладзе
სიმონ ჩიქოვანის I შესახვევი,Simon Chikovani 1st Lane,1-й переулок Симона Чиковани
სიმონ ჩიქოვანის ქუჩა,Simon Chikovani Street,улица Симона Чиковани
სიმონ ჩიქოვანის ჩიხი,Simon Chikovani Dead End,тупик Симона Чиковани
სიმონ ჯანაშიას ქუჩა,Simon Janashia Street,улица Симона Джанашиа
სიმონ ჯანაშიას ჩიხი,Simon Janashia Dead End,тупик Симона Джанашия
სინდის ქუჩა,Sindi Street,улица Синди
სიონის I ჩიხი,Sioni 1st Dead End,1-й тупик Сиони
სიონის II ჩიხი,Sioni 2nd Dead End,2-й тупик Сиони
სიონის ქუჩა,Sioni Street,улица Сиони
სიღნაღის ქუჩა,Sighnaghi Street,улица Сигнаги
სიხარულის I ჩიხი,Sikharuli 1st Dead End,1-й тупик Сихарули
სიხარულის ქუჩა,Sikharuli Street,улица Сихарули
სკანდეს ქუჩა,Skande Street,улица Cканде
სკვერის ქუჩა,Skveri Street,улица Сквери
სკოლას ქუჩა,Skola Street,улица Скола
სლავა მეტრეველის I შესახვევი,Slava Metreveli 1st Lane,1-й переулок Славы Метревели
სლავა მეტრეველის I ჩიხი,Slava Metreveli 1st Dead End,1-й тупик Славы Метревели
სლავა მეტრეველის II შესახვევი,Slava Metreveli 2nd Lane,2-й переулок Славы Метревели
სლავა მეტრეველის ქუჩა,Slava Metreveli Street,улица Славы Метревели
სნოს ქუჩა,Sno Street,улица Сно
სოგრატ გალუსტაშვილის ქუჩა,Sograt Galustashvili Street,улица Сократа Галусташвили
სოგრატი ჭულუხაძის ქუჩა,Sograt Chulukhadze Street,улица Сограта Чулухадзе
სოგრატი ჭულუხაძის I ჩიხი,Sograt Chulukhadze 1st Dead End,1-й тупик Сограта Чулухадзе
სოგრატი ჭულუხაძის II ჩიხი,Sograt Chulukhadze 2nd Dead End,2-й тупик Сограта Чулухадзе
სოგრატი ჭულუხაძის III ჩიხი,Sograt Chulukhadze 3rd Dead End,3-й тупик Сограта Чулухадзе
სოდაბუნების ქუჩა,Sodabunebi Street,улица Содабунеби
სოკრატ არშბას ქუჩა,Sokrat Arshba Street,улица Сократа Аршбы
სოლიკო ვირსალაძის ქუჩა,Soliko Virsaladze Street,улица Солико Вирсаладзе
სოლიკო ხაბეიშვილის ქუჩა,Soliko Khabeishvili Street,улица Солико Хабеишвили
სოლოლაკის ქედი,Sololaki Gorge,овраг Сололаки
სოლოლაკის ხეივანი,Sololaki Alley,аллея Сололаки
სოლომონ დოდაშვილის I ჩიხი,Solomon Dodashvili 1st Dead End,1-й тупик Соломона Додашвили
სოლომონ დოდაშვილის ქუჩა,Solomon Dodashvili Street,улица Соломона Додашвили
სოლომონ ზალდასტანიშვილის ქუჩა,Solomon Zaldastanishvili Street,улица Соломона Залдастанишвили
სოლომონ ქურდიანის I შესახვევი,Solomon Kurdiani 1st Lane,1-й переулок Соломона Курдиани
სოლომონ ქურდიანის II შესახვევი,Solomon Kurdiani 2nd Lane,2-й переулок Соломона Курдиани
სოლომონ ქურდიანის გასასვლელი,Solomon Kurdiani Exit,съезд Соломона Курдиани
სოლომონ ქურდიანის ქუჩა,Solomon Kurdiani Street,улица Соломона Курдиани
სოლომონ ყუბანეიშვილის I ჩიხი,Solomon Qubaneishvili 1st Dead End,1-й тупик Соломона Кубанеишвили
სოლომონ ყუბანეიშვილის II ჩიხი,Solomon Qubaneishvili 2nd Dead End,2-й тупик Соломона Кубанеишвили
სოლომონ ყუბანეიშვილის ქუჩა,Solomon Qubaneishvili Street,улица Соломона Кубанеишвили
სოლომონ ჩოლოყაშვილის ქუჩა,Solomon Choloqashvili Street,улица Соломона Чолокашвили
სომხეთის I გასასვლელი,Somkheti 1st Exit,1-й съезд Сомхети
სომხეთის ქუჩა,Somkheti Street,улица Сомхети
სოსელიას ქუჩა,Soselia Street,улица Соселия
სოსო ღვინიაშვილის ქუჩა,Soso Ghviniashvili Street,улица Сосо Гвинияшвили
სოფიკო ჭიაურელის I შესახვევი,Sopiko Chiaureli 1st Lane,1-й переулок Софико Чиаурели
სოფიკო ჭიაურელის ქუჩა,Sophiko Chiaureli Street,улица Софико Чиаурели
სოფიო ყულოშვილის ქუჩა,Sopio Quloshvili Street,улица Сопио Кулошвили
სოფრომ მგალობლიშვილის ქუჩა,Soprom Mgaloblishvili Street,улица Сопрома Мгалоблишвили
სოღანლუღის I ჩიხი,Soghanlughi 1st Dead End,1-й тупик Соганлуги
სოღანლუღის ქუჩა,Soghanlughi Street,улица Соганлуги
სოღანლუღის შესახვევი,Soghanlughi Lane,переулок Соганлуги
სოხუმის I შესახვევი,Sokhumi 1st Lane,1-й Сухумский переулок
სოხუმის I ჩიხი,Sokhumi 1st Dead End,1-й Сухумский тупик
სოხუმის II ჩიხი,Sokhumi 2nd Dead End,2-й Сухумский тупик
სოხუმის ქუჩა,Sokhumi Street,Сухумская улица
სპარტაკ ბაღაშვილის I ჩიხი,Spartak Baghashvili 1st Dead End,1-й тупик Спартака Багашвили
სპარტაკ ბაღაშვილის II ჩიხი,Spartak Baghashvili 2nd Dead End,2-й тупик Спартака Багашвили
სპარტაკ ბაღაშვილის ქუჩა,Spartak Baghashvili Street,улица Спартака Багашвили
სპარტაკის გასასვლელი,Spartaki Exit,съезд Спартаки
სპარტაკის ქუჩა,Spartaki Street,улица Спартака
სპეციალისტების I შესახვევი,Spetsialistebi 1st Lane,1-й переулок Специалистеби
სპეციალისტების II შესახვევი,Spetsialistebi 2nd Lane,2-й переулок Специалистеби
სპეციალისტების III შესახვევი,Spetsialistebi 3rd Lane,3-й переулок Специалистеби
სპეციალისტების ქუჩა,Spetsialistebi Street,улица Специалистеби
სპირიდონ ვირსალაძის I შესახვევი,Spiridon Virsaladze 1st Lane,1-й переулок Спиридона Вирсаладзе
სპირიდონ ვირსალაძის ქუჩა,Spiridon Virsaladze Street,улица Спиридона Вирсаладзе
სპირიდონ კედიას I ჩიხი,Spiridon Kedia 1st Dead End,1-й тупик Спиридона Кедия
სპირიდონ კედიას II ჩიხი,Spiridon Kedia 2nd Dead End,2-й тупик Спиридона Кедия
სპირიდონ კედიას III ჩიხი,Spiridon Kedia 3rd Dead End,3-й тупик Спиридона Кедия
სპირიდონ კედიას ქუჩა,Spiridon Kedia Street,улица Спиридона Кедиа
სპირიდონ ნორაკიძის I ჩიხი,Spiridon Norakidze 1st Dead End,1-й тупик Спиридона Норакидзе
სპირიდონ ნორაკიძის II ჩიხი,Spiridon Norakidze 2nd Dead End,2-й тупик Спиридона Норакидзе
სპირიდონ ნორაკიძის ქუჩა,Spiridon Norakidze Street,улица Спиридона Норакидзе
სპორტის ქუჩა,Sporti Street,улица Спорти
სპორტის ჩიხი,Sporti Dead End,тупик Спорти
სტალინის გამზირი,Stalin Avenue,проспект Сталина
სტალინის ჩიხი,Stalin Dead End,тупик Сталина
სტამბას ჩიხი,Stamba Dead End,тупик Стамба
სტან სტორიმანსის ქუჩა,Stan Storimans Street,улица Стана Сториманса
სტეფანე ზუბალაშვილის ქუჩა,Stefane Zubalashvili Street,улица Стефана Зубалашвили
სტეფანე ჭრელაშვილის ქუჩა,Stepane Chrelashvili Street,улица Степане Чрелашвили
სტეფანე ჭრელაშვილის შესახვევი,Stepane Chrelashvili Lane,переулок Степане Чрелашвили
სტრაბონის ქუჩა,Straboni Street,улица Страбони
სულეიმან დიასამიძის ქუჩა,Suleiman Diasamidze Street,улица Сулейманa Диасамидзе
სულეიმან დიასამიძის ჩიხი,Suleiman Diasamidze Dead End,тупик Сулеймана Диасамидзе
სულიკო თაღორაშვილის ქუჩა,Suliko Tagorashvili Street,улица Сулико Тагорашвили
სულიკო თორთლაძის ქუჩა,Suliko Tortladze Street,улица Сулико Тортладзе
სულიკო კოროშინაძის ქუჩა,Suliko Koroshinadze Street,улица Сулико Корошинадзе
სულიკო ჟღენტის I შესახვევი,Suliko Zhghenti 1st Lane,1-й переулок Сулико Жгенти
სულიკო ჟღენტის II შესახვევი,Suliko Zhghenti 2nd Lane,2-й переулок Сулико Жгенти
სულიკო ჟღენტის გასასვლელი,Suliko Zhghenti Exit,съезд Сулико Жгенти
სულიკო ჟღენტის ქუჩა,Suliko Zhghenti Street,улица Сулико Жгенти
სულხან ნასიძის ქუჩა,Sulkhan Nasidze Street,улица Сулхана Насидзе
სულხან ცინცაძის ქუჩა,Sulkhan Tsintsadze Street,улица Сулхана Цинцадзе
სულხან-საბა ორბელიანის I ჩიხი,Sulkhan-Saba Orbeliani 1st Dead End,1-й тупик Сулхан-Саба Орбелиани
სულხან-საბა ორბელიანის II ჩიხი,Sulkhan-Saba Orbeliani 2nd Dead End,2-й тупик Сулхан-Сабы Орбелиани
სულხან-საბა ორბელიანის III ჩიხი,Sulkhan-Saba Orbeliani 3rd Dead End,3-й тупик Сулхан-Сабы Орбелиани
სულხან-საბა ორბელიანის ქუჩა,Sulkhan-Saba Orbeliani Street,улица Сулхан-Сабы Орбелиани
სულხან-საბას ქუჩა,Sulkhan-Saba Street,улица Сулхан-Сабы
სუმგაითელი მეტალურგების ქუჩა,Sumgaiteli Metalurgebi Street,улица Сумгаители Металургеби
სურამის ქუჩა,Surami Street,улица Сурами
სხალთას ქუჩა,Skhalta Street,улица Схалта
სხალთის I ჩიხი,Skhalta 1st Dead End,1-й тупик Схалта
სხალთის II ჩიხი,Skhalta 2nd Dead End,2-й тупик Схалта
სხარტალის ქუჩა,Skhartali Street,улица Схартали
სხვიტორის ქუჩა,Skhvitori Street,улица Схвитори
სხვიტორის ხიდი,Skhvitori Bridge,мост Схвитори
ტაბახმელას I ჩიხი,Tabakhmela 1st Dead End,1-й тупик Табахмела
ტაბახმელას ქუჩა,Tabakhmela Street,улица Табахмела
ტალინის ქუჩა,Tallinn Street,улица Таллина
ტამიშის ქუჩა,Tamishi Street,улица Тамиши
ტანძიის ქუჩა,Tandzia Street,улица Тандзии
ტაოს ქუჩა,Tao Street,улица Тао
ტარას კვარაცხელიას I შესახვევი,Taras Kvaratskhelia 1st Lane,1-й переулок Тараса Кварацхелия
ტარას კვარაცხელიას II შესახვევი,Taras Kvaratskhelia 2nd Lane,2-й переулок Тараса Кварацхелия
ტარას კვარაცხელიას III შესახვევი,Taras Kvaratskhelia 3rd Lane,3-й переулок Тараса Кварацхелия
ტარას კვარაცხელიას ქუჩა,Taras Kvaratskhelia Street,улица Тараса Кварацхелия
ტარას შევჩენკოს ქუჩა,Taras Shevchenko Street,улица Тараса Шевченко
ტარიელ გვიმრაძის ქუჩა,Tariel Gvimradze Street,улица Тариела Гвимрадзе
ტარიელ სვანიძის ქუჩა,Tariel Svanidze Street,улица Тариеля Сванидзе
ტარიელ ფუტკარაძის ქუჩა,Tariel Putkaradze Street,улица Тариеля Путкарадзе
ტარიელის ქუჩა,Tarieli Street,улица Тариели
ტარტის ქუჩა,Tartu Street,улица Тарту
ტარტუს ქუჩა,Tartu Street,улица Тарту
ტატა (ტატიანა) თვალჭრელიძის ქუჩა,Tata (Tatiana) Tvalchrelidze Street,улица Таты (Татьяны) Твалчрелидзе
ტაშირის ქუჩა,Tashiri Street,улица Ташири
ტაშკენტის I შესახვევი,Tashkent 1st Lane,1-й переулок Ташкента
ტაშკენტის ქუჩა,Tashkent Street,Ташкентская улица
ტაშკენტის შესახვევი,Tashkent Lane,переулок Ташкента
ტაძარის ქუჩა,Tadzari Street,улица Тадзари
ტაძრის I შესახვევი,Tadzri 1st Lane,1-й переулок Тадзри
ტაძრის ქუჩა,Tadzri Street,улица Тадзри
ტბას ქუჩა,Tba Street,улица Тба
ტბეთის ქუჩა,Tbeti Street,улица Тбети
ტბეთის შესახვევი,Tbeti Lane,переулок Тбети
ტბელ აბუსერისძის ქუჩა,Tbel Abuserisdze Street,улица Тбел Абусерисдзе
ტერენტი გრანელის ქუჩა,Terenti Graneli Street,улица Терентия Гранели
ტერენტი გრანელის შესახვევი,Terenti Graneli Lane,переулок Терентия Гранели
ტექსელის ქუჩა,Tekseli Street,улица Тексели
ტეხურას ქუჩა,Tekhura Steet,улица Техура
ტვიშის ქუჩა,Tvishi Street,улица Твиши
ტიბაანის გასასვლელი,Tibaani Exit,съезд Тибаани
ტიბაანის ქუჩა,Tibaani Street,улица Тибаани
ტიმოთე ბელოის ქუჩა,Timote Belloi Street,улица Тимоте Беллой
ტიმოთე გაბაშვილის ქუჩა,Timote Gabashvili Street,улица Тимоте Габашвили
ტირიფების ქუჩა,Tiripebi Street,улица Тирипеби
ტირიფონის ქუჩა,Tiriponi Street,улица Тирипони
ტიციან ტაბიძის I შესახვევი,Titsian Tabidze 1st Lane,1-й переулок Тициана Табидзе
ტიციან ტაბიძის II შესახვევი,Titsian Tabidze 2nd Lane,2-й переулок Тициана Табидзе
ტიციან ტაბიძის ქუჩა,Titsian Tabidze Street,улица Тициана Табидзе
ტოგო გუდავას ქუჩა,Togo Gudava Street,улица Того Гудава
ტრიფონ გამსახურდიას ქუჩა,Tripon Gamsakhurdia Street,улица Трифона Гамсахурдиа
ტყავის I ჩიხი,Tqavi 1st Dead End,1-й тупик Ткави
ტყეკულტურის I შესახვევი,Tqekulturi 1st Lane,1-й переулок Ткекултури
ტყეკულტურის IV შესახვევი,Tqekulturi 4th Lane,4-й переулок Ткекултури
ტყვარჩელის ქუჩა,Tqvarcheli Street,улица Ткварчели
ტყვიავის ქუჩა,Tqviavi Street,улица Tквиави
ტყიბულის ქუჩა,Tqibuli Street,улица Ткибули
უდაბნოს მონასტრეს ქუჩა,Udabno Monasteri Street,улица Удабно Монастери
უდაბნოს მონასტრის I შესახვევი,Udabno Monasteri 1st Lane,1-й переулок Удабно Монастери
უდაბნოს მონასტრის II შესახვევი,Udabno Monasteri 2nd Lane,2-й переулок Удабно Монастери
უდაბნოს მონასტრის III შესახვევი,Udabno Monasteri 3rd Lane,3-й переулок Удабно Монастери
უდაბნოს მონასტრის ქუჩა,Udabno Monasteri Street,улица Удабно Монастери
უიარაღოს I გასასვლელი,Uiaragho 1st Exit,1-й съезд Уиараго
უიარაღოს II გასასვლელი,Uiaragho 2nd Exit,2-й съезд Уиараго
უიარაღოს ქუჩა,Uiaragho Street,улица Уиараго
უნივერსიტეტის ქუჩა,Universiteti Street,Университетская улица
ურბნისის ქუჩა,Urbnisi Street,улица Урбниси
ურეკის ქუჩა,Ureki Street,улица Уреки
ურეკის ჩიხი,Ureki Dead End,тупик Уреки
ურეხის ქუჩა,Urekhi Street,улица Урехи
ურეხის შესახვევი,Urekhi Lane,переулок Урехи
ურეხის ჩიხი,Urekhi Dead End,тупик Урехи
უსუფ ფაღავას ქუჩა,Iusup Paghava Street,улица Юсупа Пагава
უფლისციხეს ქუჩა,Uplistsikhe Street,улица Уплисцихе
უშანგი სოპრომაძის ქუჩა,Ushangi Sopromadze Street,улица Ушанги Сопромадзе
უშანგი სოფრომაძის I შესახვევი,Ushangi Sopromadze 1st Lane,1-й переулок Ушанги Сопромадзе
უშანგი სოფრომაძის II შესახვევი,Ushangi Sopromadze 2nd Lane,2-й переулок Ушанги Сопромадзе
უშანგი ჩხეიძის ქუჩა,Ushangi Chkheidze Street,улица Ушанги Чхеидзе
უშბას I ჩიხი,Ushba 1st Dead End,1-й тупик Ушба
უშბას ქუჩა,Ushba Street,улица Ушба
უჩა ჯაფარიძის ქუჩა,Ucha Jafaridze Street,улица Уча Джафаридзе
უცნობ გმირთა ქუჩა,Utsnob Gmirta Street,улица Уцноб Гмирта
უძოს I ჩიხი,Udzo 1st Dead End,1-й тупик Удзо
უძოს II ჩიხი,Udzo 2nd Dead End,2-й тупик Удзо
უძოს ქუჩა,Udzo Street,улица Удзо
უწერას I შესახვევი,Utsera 1st Lane,1-й переулок Уцера
უწერას II შესახვევი,Utsera 2nd Lane,2-й переулок Уцера
უწერას ქუჩა,Utsera Street,улица Уцера
უჯარმას I შესახვევი,Ujarma 1st Lane,1-й переулок Уджарма
უჯარმას II შესახვევი,Ujarma 2nd Lane,2-й переулок Уджарма
უჯარმას ქუჩა,Ujarma Street,улица Уджарма
ფადიკო გოგიტიძის ქუჩა,Fadiko Gogitidze Street,улица Фадико Гогитидзе
ფაზისის ქუჩა,Pazisi Street,улица Пазиси
ფარავანის III ჩიხი,Paravani 3rd Dead End,3-й тупик Паравани
ფარავანის ქუჩა,Paravani Street,улица Паравани
ფარიხან სოფიევას I შესახვევი,Parikhan Sopieva 1st Lane,1-й переулок Парихана Сопиева
ფარიხან სოფიევას III შესახვევი,Parikhan Sopieva 3rd Lane,3-й переулок Парихана Сопиева
ფარიხან სოფიევას IV შესახვევი,Parikhan Sopieva 4th Lane,4-й переулок Парихана Сопиева
ფარიხან სოფიევას ქუჩა,Parikhan Sopieva Street,улица Парихана Сопиева
ფარნავაზ მეფის I ჩიხი,Parnavaz Mepe 1st Dead End,1-й тупик Парнаваз Мепе
ფარნავაზ მეფის II ჩიხი,Parnavaz Mepe 2nd Dead End,2-й тупик Парнаваз Мепе
ფარნავაზ მეფის გამზირი,Parnavaz Mepe Avenue,проспект Парнаваз Мепе
ფარნავაზ მეფის ქუჩა,Parnavaz Mepe Street,улица Парнаваз Мепе
ფარნავაზის ქუჩა,Pharnavaz Street,улица Фарнаваза
ფარნაოზ ლაპიაშვილის I ჩიხი,Parnaoz Lapiashvili 1st Dead End,1-ый тупик Парнаоза Лапиашвили
ფარნაოზ ლაპიაშვილის ქუჩა,Parnaoz Lapiashvili Street,улица Парнаоза Лапиашвили
ფარსადანის ქუჩა,Parsadani Street,улица Парсадани
ფარსმან II ქველის ქუჩა,Farsman II Qveli Street,улица Фарсман II Квели
ფარსმან სონღულაშვილის ქუჩა,Parsman Songhulashvili Street,улица Парсмана Сонгулашвили
ფასანაურის ქუჩა,Pasanauri Street,улица Пасанаури
ფატი ხუნდაძის ქუჩა,Pati Khundadze Street,улица Пати Хундадзе
ფატიმა გოგიტიძის ქუჩა,Patima Gogitidze Street,улица Фатимы Гогитидзе
ფატმანის I ჩიხი,Patmani 1st Dead End,1-й тупик Патмани
ფატმანის ქუჩა,Patmani Street,улица Патмани
ფეიქრების ქუჩა,Peikrebi Street,улица Пеикреби
ფელიქს ჰოლდაკის ქუჩა,Felix Holdaki Street,улица Феликса Холдаки
ფერდინანდ თავაძის ქუჩა,Ferdinand Tavadze Street,улица Фердинанда Тавадзе
ფერდინანდის ქუჩა,Perdinandi Street,улица Пердинанди
ფერიას ქუჩა,Peria Street,улица Перия
ფერისცვალების გასასვლელი,Peristsvalebi Exit,съезд Перисцвалеби
ფერისცვალების შესახვევი,Peritsvaleba Lane,переулок Перисцвалеба
ფერიცვალების ქუჩა,Peritsvaleba Street,улица Перицвалеба
ფერმწერთა II შესახვევი,Permtserta 2nd Lane,2-й переулок Пермцерта
ფერმწერთა II ჩიხი,Permtserta 2nd Dead End,2-й тупик Пермцерта
ფერმწერთა ქუჩა,Permtserta Street,улица Пермцерта
ფერმწერთა შესახვევი,Permtserta Lane,переулок Пермцерта
ფერშალის შესახვევი,Pershali Lane,переулок Першали
ფილადელფოს კიკნაძის ქუჩა,Filadelphos Kiknadze Street,улица Филаделфоса Кикнадзе
ფილიმონ ქორიძის ქუჩა,Pilimon Koridze Street,улица Филимона Коридзе
ფირდოუსის ქუჩა,Ferdowsi Street,улица Фирдоуси
ფიროსმანის I შესახვევი,Pirosmani 1st Lane,1-й переулок Пиросмани
ფიროსმანის I ჩიხი,Pirosmani 1st Dead End,1-й тупик Пиросмани
ფიროსმანის II შესახვევი,Pirosmani 2nd Lane,2-й переулок Пиросмани
ფიროსმანის II ჩიხი,Pirosmani 2nd Dead End,2-й тупик Пиросмани
ფიროსმანის III ჩიხი,Pirosmani 3rd Dead End,3-й тупик Пиросмани
ფიროსმანის V ჩიხი,Pirosmani 5th Dead End,5-й тупик Пиросмани
ფიროსმანის მოედანი,Pirosmani Square,площадь Пиросмани
ფიროსმანის ქუჩა,Pirosmani Street,улица Пиросмани
ფირუზ მოსიძის ქუჩა,Piruz Mosidze Street,улица Пируза Мосидзе
ფიჭვნარის ქუჩა,Pichvnari Street,улица Пичвнари
ფოთის ქუჩა,Poti Street,улица Поти
ფორე მოსულიშვილის ქუჩა,Pore Mosulishvili Street,улица Форе Мосулишвили
ფოშის ჩიხი,Poshi Dead End,тупик Поши
ფრედერიკ მონპერეს ქუჩა,Frederick Monperre Street,улица Фредерика Монпарре
ფრიდონ თოდუას I შესახვევი,Pridon Todua 1st Lane,1-й переулок Придона Тодуа
ფრიდონ თოდუას ქუჩა,Pridon Todua Street,улица Придона Тодуа
ფრიდონ ხალვაშის I შესახვევი,Fridon Khalvashi 1st Lane,1-й переулок Фридона Халваши
ფრიდონ ხალვაშის I ჩიხი,Fridon Khalvashi 1st Dead End,1-й тупик Фридона Халваши
ფრიდონ ხალვაშის II შესახვევი,Fridon Khalvashi 2nd Lane,2-й переулок Фридона Халваши
ფრიდონ ხალვაშის II ჩიხი,Fridon Khalvashi 2nd Dead End,2-й тупик Фридона Халваши
ფრიდონ ხალვაშის III შესახვევი,Fridon Khalvashi 3rd Lane,3-й переулок Фридона Халваши
ფრიდონ ხალვაშის III ჩიხი,Fridon Khalvashi 3rd Dead End,3-й тупик Фридона Халваши
ფრიდონ ხალვაშის IV ჩიხი,Fridon Khalvashi 4th Dead End,4-й тупик Фридона Халваши
ფრიდონ ხალვაშის IX შესახვევი,Fridon Khalvashi 9th Lane,9-й переулок Фридона Халваши
ფრიდონ ხალვაშის IX ჩიხი,Fridon Khalvashi 9th Dead End,9-й тупик Фридона Халваши
ფრიდონ ხალვაშის V შესახვევი,Fridon Khalvashi 5th Lane,5-й переулок Фридона Халваши
ფრიდონ ხალვაშის V ჩიხი,Fridon Khalvashi 5th Dead End,5-й тупик Фридона Халваши
ფრიდონ ხალვაშის VI შესახვევი,Fridon Khalvashi 6th Lane,6-й переулок Фридона Халваши
ფრიდონ ხალვაშის VI ჩიხი,Fridon Khalvashi 6th Dead End,6-й тупик Фридона Халваши
ფრიდონ ხალვაშის VII შესახვევი,Fridon Khalvashi 7th Lane,7-й переулок Фридона Халваши
ფრიდონ ხალვაშის VII ჩიხი,Fridon Khalvashi 7th Dead End,7-й тупик Фридона Халваши
ფრიდონ ხალვაშის VIII შესახვევი,Fridon Khalvashi 8th Lane,8-й переулок Фридона Халваши
ფრიდონ ხალვაშის VIII ჩიხი,Fridon Khalvashi 8th Dead End,8-й тупик Фридона Халваши
ფრიდონ ხალვაშის X ჩიხი,Fridon Khalvashi 10th Dead End,10-й тупик Фридона Халваши
ფრიდონ ხალვაშის XI ჩიხი,Fridon Khalvashi 11th Dead End,11-й тупик Фридона Халваши
ფრიდონ ხალვაშის XII ჩიხი,Fridon Khalvashi 12th Dead End,12-й тупик Фридона Халваши
ფრიდონ ხალვაშის XIII ჩიხი,Fridon Khalvashi 13th Dead End,13-й тупик Фридона Халваши
ფრიდონ ხალვაშის XIV ჩიხი,Fridon Khalvashi 14th Dead End,14-й тупик Фридона Халваши
ფრიდონ ხალვაშის XV შესახვევი,Fridon Khalvashi 15th Lane,15-й переулок Фридона Халваши
ფრიდონ ხალვაშის XVII ჩიხი,Fridon Khalvashi 17th Dead End,17-й тупик Фридона Халваши
ფრიდონ ხალვაშის გამზირი,Fridon Khalvashi Avenue,проспект Фридона Халваши
ფრისის I ჩიხი,Prisi 1st Dead End,1-й тупик Приси
ფრისის ქუჩა,Prisi Street,улица Приси
ფრონეს I ჩიხი,Prone 1st Dead End,1-й тупик Проне
ფრონეს ქუჩა,Prone Street,улица Проне
ფსოუს ქუჩა,Psou Street,улица Псоу
ფუნიკულიორის I ჩიხი,Punikuliori 1st Dead End,1-й тупик Пуникулиори
ფუნიკულიორის ქუჩა,Punikuliori Street,улица Пуникулиори
ფურცელაძის I შესახვევი,Purtseladze 1st Lane,1-й переулок Пурцеладзе
ფურცელაძის ქუჩა,Purtseladze Street,улица Пурцеладзе
ფშავის ქუჩა,Pshavi Street,улица Пшави
ფშატების ქუჩა,Pshatebi Street,улица Пшатеби
ფხოვის ქუჩა,Pkhovi Street,улица Пхови
ქარელის ქუჩა,Kareli Street,улица Карели
ქართველ იუნკერთას ქუჩა,Kartvel Iunkerta Street,улица Картвел Иункерта
ქართველთა და ებრაელთა ძმობის ხეივანი,Kartvelta Da Ebraelta Dzmobi Alley,аллея Картвелта Да Эбраелта Дзмоби
ქართლის I შესახვევი,Kartli 1st Lane,1-й переулок Картли
ქართლის I ჩიხი,Kartli 1st Dead End,1-й тупик Картли
ქართლის II ჩიხი,Kartli 2nd Dead End,2-й тупик Картли
ქართლის III ჩიხი,Kartli 3rd Dead End,3-й тупик Картли
ქართლის IV ჩიხი,Kartli 4th Dead End,4-й тупик Картли
ქართლის ქუჩა,Kartli Street,улица Картли
ქართულ-ამერიკული მეგობრობის გამზირი,Kartul-Amerikuli Megobroba Avenue,проспект Картул-Америкули Мегоброба
ქაქუცა ჩოლოყაშვილის I შესახვევი,Kakutsa Cholokashvili 1st Lane,1-й переулок Какуцы Чолокашвили
ქაქუცა ჩოლოყაშვილის I ჩიხი,Kakutsa Cholokashvili 1st Dead End,1-й тупик Какуцы Чолокашвили
ქაქუცა ჩოლოყაშვილის II შესახვევი,Kakutsa Cholokashvili 2nd Lane,2-й переулок Какуцы Чолокашвили
ქაქუცა ჩოლოყაშვილის IV ჩიხი,Kakutsa Cholokashvili 4th Dead End,4-й тупик Какуцы Чолокашвили
ქაქუცა ჩოლოყაშვილის V ჩიხი,Kakutsa Cholokashvili 5th Dead End,5-й тупик Какуцы Чолокашвили
ქაქუცა ჩოლოყაშვილის გზატკეცილი,Kakutsa Cholokashvili Highway,шоссе Какуцы Чолокашвили
ქაქუცა ჩოლოყაშვილის ქუჩა,Kakutsa Cholokashvili Street,улица Какуцы Чолокашвили
ქედას ქუჩა,Keda Street,улица Кеда
ქედის II ჩიხი,Kedi 2nd Dead End,2-й тупик Кеди
ქედის ქუჩა,Keda Street,улица Кеды
ქეთევან გულაღაშვილის ქუჩა,Ketevan Gulaghashvili Street,улица Кетеван Гулагашвили
ქეთევან დედოფალის ქუჩა,Ketevan Dedopali Street,улица Кетеван Дедопали
ქეთევან ლოსაბერიძის ქუჩა,Ketevan Losaberidze Street,улица Кетеван Лосаберидзе
ქეთევან მაღალაშვილის I შესახვევი,Ketevan Maghalashvili 1st Lane,1-й переулок Кетеван Магалашвили
ქეთევან მაღალაშვილის ქუჩა,Ketevan Maghalashvili Street,улица Кетеван Магалашвили
ქეთევან წამებულის I შესახვევი,Ketevan Tsamebuli 1st Lane,1-й переулок Кетеван Цамебули
ქეთევან წამებულის I ჩიხი,Ketevan Tsamebuli 1st Dead End,1-й тупик Кетеван Цамебули
ქეთევან წამებულის II ჩიხი,Ketevan Tsamebuli 2nd Dead End,2-й тупик Кетеван Цамебули
ქეთევან წამებულის IV ჩიხი,Ketevan Tsamebuli 4th Dead End,4-й тупик Кетеван Цамебули
ქეთევან წამებულის ქუჩა,Ketevan Tsamebuli Street,улица Кетеван Цамебули
ქეთევან ჭილაშვილის I გასასვლელი,Ketevan Chilashvili 1st Exit,1-й съезд Кетеван Чилашвили
ქეთევან ჭილაშვილის I ჩიხი,Ketevan Chilashvili 1st Dead End,1-й тупик Кетеван Чилашвили
ქეთევან ჭილაშვილის II გასასვლელი,Ketevan Chilashvili 2nd Exit,2-й съезд Кетеван Чилашвили
ქეთევან ჭილაშვილის III გასასვლელი,Ketevan Chilashvili 3rd Exit,3-й съезд Кетеван Чилашвили
ქეთევან ჭილაშვილის ქუჩა,Ketevan Chilashvili Street,улица Кетеван Чилашвили
ქერჩის I ჩიხი,Kerchi 1st Dead End,1-й тупик Керчи
ქერჩის ქუჩა,Kerch Street,улица Керчи
ქვემო აჟარის ქუჩა,Kvemo Azhari Street,улица Квемо Ажари
ქვემო გომის II ჩიხი,Kvemo Gomi 2nd Dead End,2-ой тупик Квемо Гоми
ქვემო გომის ჩიხი,Kvemo Gomi Dead End,тупик Квемо Гоми
ქვითკირის ქუჩა,Kvitkiri Street,улица Квиткири
ქვიშიანის I შესახვევი,Kvishiani 1st Lane,1-й переулок Квишиани
ქვიშიანის II შესახვევი,Kvishiani 2nd Lane,2-й переулок Квишиани
ქვიშხეთის ქუჩა,Kvishkhuti Street,улица Квишхути
ქიზიყის ქუჩა,Kiziqi Street,улица Кизики
ქინძმარაულის II შესახვევი,Kindzmarauli 2nd Lane,2-й переулок Киндзмараули
ქინძმარაულის II ჩიხი,Kindzmarauli 2nd Dead End,2-й тупик Киндзмараули
ქინძმარაულის ქუჩა,Kindzmarauli Street,улица Киндзмараули
ქინძმარაულის შესახვევი,Kindzmarauli Lane,переулок Киндзмараули
ქისის ქუჩა,Kisi Street,улица Киси
ქობას I შესახვევი,Koba 1st Lane,1-й переулок Коба
ქობას II შესახვევი,Koba 2nd Lane,2-й переулок Коба
ქობას ქუჩა,Koba Street,улица Коба
ქობულეთის I შესახვევი,Kobuleti 1st Lane,1-й переулок Кобулети
ქობულეთის I ჩიხი,Kobuleti 1st Dead End,1-й тупик Кобулети
ქობულეთის ქუჩა,Kobuleti Street,улица Кобулети
ქობულეთის შესახვევი,Kobuleti Lane,переулок Кобулети
ქობულეთის I ჩიხი,Kobuleti 1st Dead End,1-й тупик Кобулети
ქორთუას ქუჩა,Kortua Street,улица Кортуа
ქოშიგორის I ჩიხი,Koshigora 1st Dead End,1-й тупик Кошигори
ქოშიგორის ქუჩა,Koshigori Street,улица Кошигори
ქრისტეფორე არეშიძის ქუჩა,Kristopore Areshidze Street,улица Кристофоре Арешидзе
ქრისტინე შარაშიძის ქუჩა,Kristine Sharashidze Street,улица Кристине Шарашидзе
ქსანის ქუჩა,Ksani Street,улица Ксани
ქსანის ჩიხი,Ksani Dead End,тупик Ксани
ქსენია ბახტაძის ქუჩა,Ksenia Bakhtadze Street,улица Ксении Бахтадзе
ქსენია ბახტაძის შესახვევი,Ksenia Bakhtadze Lane,переулок Ксении Бахтадзе
ქუთაისის მოედანი,Kutaisi Square,Кутаисская площадь
ქუთაისის ქუჩა,Kutaisi Street,Кутаисская улица 
ქურმუხის ქუჩა,Kurmukhi Street,улица Курмухи
ქუჯი ერისთავის ქუჩა,Kuji Eristavi Street,улица Куджи Эристави
ქუჯის ქუჩა,Kuji Street,улица Куджи
ღამბარაულის ქუჩა,Ghambarauli Street,улица Гамбараули
ღების ქუჩა,Ghebi Street,улица Геби
ღვინის აღმართი,Wine Ascent,Винный подъём
ღვინის ქუჩა,Ghvini Street,улица Гвини
ღრმაღელის I ჩიხი,Ghrmaghele 1st Dead End,1-й тупик Грмагеле
ღრმაღელის II ჩიხი,Ghrmaghele 2nd Dead End,2-й тупик Грмагеле
ღრმაღელის გასასვლელი,Ghrmaghele Exit,съезд Грмагеле
ღრმაღელის ქუჩა,Ghrmaghele Street,улица Грмагеле
ღრმაღელის შესახვევი,Ghrmaghele Lane,переулок Грмагеле
ღრმაღელის ჩიხი,Ghrmaghele Dead End,тупик Грмагеле
ყადირ შერვაშიძის I გასასვლელი,Qadir Shervashidze 1st Exit,1-й съезд Кадира Шервашидзе
ყადირ შერვაშიძის I შესახვევი,Qadir Shervashidze 1st Lane,1-й переулок Кадира Шервашидзе
ყადირ შერვაშიძის II გასასვლელი,Qadir Shervashidze 2nd Exit,2-й съезд Кадира Шервашидзе
ყადირ შერვაშიძის III გასასვლელი,Qadir Shervashidze 3rd Exit,3-й съезд Кадира Шервашидзе
ყადირ შერვაშიძის IV გასასვლელი,Qadir Shervashidze 4th Exit,4-й съезд Кадира Шервашидзе
ყადირ შერვაშიძის აღმართი,Qadir Shervashidze Ascent,подъём Кадира Шервашидзе
ყადირ შერვაშიძის ქუჩა,Qadir Shervashidze Street,улица Кадира Шервашидзе
ყვარელის მოედანი,Kvareli Square,площадь Кварели
ყვარელის ქუჩა,Kvareli Street,улица Кварели
ყვარლის I ჩიხი,Kvareli 1st Dead End,1-й тупик Кварели
ყვარლის II შესახვევი,Kvareli 2nd Lane,2-й переулок Кварели
ყვარლის VI შესახვევი,Kvareli 6th Lane,6-й переулок Кварели
ყვარლის ქუჩა,Qvareli Street,улица Кварели
ყირიმის II შესახვევი,Qirimi 2nd Lane,2-й переулок Кирими
ყირიმის ქუჩა,Qirimi Street,улица Кирими
შავთელის ქუჩა,Shavteli Street,улица Шавтели
შავი ზღვის ქუჩა,Shavi Zghva Street,улица Шави Згва
შავნაბადას ქუჩა,Shavnabada Street,улица Шавнабада
შავნაბადის შესახვევი,Shavnabada Lane,переулок Шавнабады
შავსოფელის ქუჩა,Shavsopeli Street,улица Шавсопели
შავშეთის ქუჩა,Shavsheti Street,улица Шавшети
შავშეთის ქუჩა,Shavsheti Street,улица Шавшети
შალვა აზმაიფარაშვილის I შესახვევი,Shalva Azmaiparashvili 1st Lane,1-й переулок Шалвы Азмаипарашвили
შალვა აზმაიფარაშვილის II შესახვევი,Shalva Azmaiparashvili 2nd Lane,2-й переулок Шалвы Азмаипарашвили
შალვა აზმაიფარაშვილის ქუჩა,Shalva Azmaiparashvili Street,улица Шалвы Азмаипарашвили
შალვა ამირანაშვილის ქუჩა,Shalva Amiranashvili Street,улица Шалвы Амиранашвили
შალვა ასალციხელის II ჩიხი,Shalva Asaltsikheli 2nd Dead End,2-й тупик Шалвы Асалцихели
შალვა ასალციხელის ქუჩა,Shalva Asaltsikheli Street,улица Шалвы Асалцихели
შალვა აფხაიძის I შესახვევი,Shalva Apkhaidze 1st Lane,1-й переулок Шалвы Апхаидзе
შალვა აფხაიძის III შესახვევი,Shalva Apkhaidze 3rd Lane,3-й переулок Шалвы Апхаидзе
შალვა აფხაიძის ქუჩა,Shalva Apkhaidze Street,улица Шалвы Апхаидзе
შალვა ახალციხელის ქუჩა,Shalva Akhaltsikheli Street,улица Шалвы Ахалцихели
შალვა გაბუნიას ქუჩა,Shalva Gabunia Street,улица Шалвы Габуния
შალვა გოგიძის I ჩიხი,Shalva Gogidze 1st Dead End,1-й тупик Шалвы Гогидзе
შალვა გოგიძის ქუჩა,Shalva Gogidze Street,улица Шалвы Гогидзе
შალვა დადიანის I ჩიხი,Shalva Dadiani 1st Dead End,1-й тупик Шалвы Дадиани
შალვა დადიანის ქუჩა,Shalva Dadiani Street,улица Шалвы Дадиани
შალვა დავითაშვილის ქუჩა,Shalva Davitashvili Street,улица Шалвы Давиташвили
შალვა ერისთავის I შესახვევი,Shalva Eristavi 1st Lane,1-й переулок Шалвы Эристави
შალვა ერისთავის I ჩიხი,Shalva Eristavi 1st Dead End,1-й тупик Шалвы Эристави
შალვა ერისთავის ქუჩა,Shalva Eristavi Street,улица Шалвы Эристави
შალვა თორელის ქუჩა,Shalva Toreli Street,улица Шалвы Торели
შალვა ინასარიძის ქუჩა,Shalva Inasaridze Street,улица Шалвы Инасаридзе
შალვა იოსელიანის ქუჩა,Shalva Ioseliani Street,улица Шалвы Иоселиани
შალვა კარმელის ქუჩა,Shalva Karmeli Street,улица Шалвы Кармели
შალვა ლოლაძის I გასასვლელი,Shalva Loladze 1st Exit,1-й съезд Шалвы Лоладзе
შალვა ლოლაძის II გასასვლელი,Shalva Loladze 2nd Exit,2-й съезд Шалвы Лоладзе
შალვა ლოლაძის II ჩიხი,Shalva Loladze 2nd Dead End,2-й тупик Шалвы Лоладзе
შალვა ლოლაძის III გასასვლელი,Shalva Loladze 3rd Exit,3-й съезд Шалвы Лоладзе
შალვა ლოლაძის ქუჩა,Shalva Loladze Street,улица Шалвы Лоладзе
შალვა მეზურნიშვილის ქუჩა,Shalva Mezurnishvili Street,улица Шалвы Мезурнишвили
შალვა მიქელაძის ქუჩა,Shalva Mikeladze Street,улица Шалвы Микеладзе
შალვა მშველიძის ქუჩა,Shalva Mshvelidze Street,улица Шалвы Мшвелидзе
შალვა მჭედლიშვილის ქუჩა,Shalva Mchedlishvili Street,улица Шалвы Мчедлишвили
შალვა ნებიერიძის I ჩიხი,Shalva Nebieridze 1st Dead End,1-й тупик Шалвы Небиеридзе
შალვა ნებიერიძის ქუჩა,Shalva Nebieridze Street,улица Шалвы Небиеридзе
შალვა ნუცუბიძის I ჩიხი,Shalva Nutsubidze 1st Dead End,1-й тупик Шалвы Нуцубидзе
შალვა ნუცუბიძის II ჩიხი,Shalva Nutsubidze 2nd Dead End,2-й тупик Шалвы Нуцубидзе
შალვა ნუცუბიძის ქუჩა,Shalva Nutsubidze Street,улица Шалвы Нуцубидзе
შალვა რადიანის ქუჩა,Shalva Radiani Street,улица Шалвы Радиани
შალვა ტრაპაიძის I ჩიხი,Shalva Trapaidze 1st Dead End,1-й тупик Шалвы Трапаидзе
შალვა ტრაპაიძის ქუჩა,Shalva Trapaidze Street,улица Шалвы Трапаидзе
შალვა ქვასროლიაშვილის ქუჩა,Shalva Kvasroliashvili Street,улица Шалвы Квасролиашвили
შალვა ქირიას ქუჩა,Shalva Kiria Street,улица Шалвы Кирии
შალვა ღამბაშიძის ქუჩა,Shalva Ghambashidze Street,улица Шалвы Гамбашидзе
შალვა ჩილაჩავას ქუჩა,Shalva Chilachavas Street,улица Шалвы Чилачава
შალვა ცინცაძის I შესახვევი,Shalva Tsintsadze 1st Lane,1-й переулок Шалвы Цинцадзе
შალვა ცინცაძის II შესახვევი,Shalva Tsintsadze 2nd Lane,2-й переулок Шалвы Цинцадзе
შალვა ცინცაძის ქუჩა,Shalva Tsintsadze Street,улица Шалвы Цинцадзе
შალვა ჭანკოტაძის ხეივანი,Shalva Chankotadze Alley,аллея Шалвы Чанкотадзе
შალვა ხერხეულიძის ქუჩა,Shalva Kherkheulidze Street,улица Шалвы Херхеулидзе
შალვა ჯაფარიძის ქუჩა,Shalva Japaridze Street,улица Шалвы Джапаридзе
შალვა ჯაფარიძის შესახვევი,Shalva Japaridze Lane,переулок Шалвы Джапаридзе
შანდორ პეტეფის I შესახვევი,Sándor Petőfi 1st Lane,1-й переулок Шандора Петёфи
შანდორ პეტეფის ქუჩა,Sándor Petőfi Street,улица Шандора Петёфи
შატბერდის ქუჩა,Shatberdi Street,улица Шатберди
შატილის ქუჩა,Shatili Street,улица Шатили
შატილის შესახვევი,Shatili Lane,переулок Шатили
შაქრიანის ქუჩა,Shakriani Street,улица Шакриани
შემოდგომის ქუჩა,Shemodgoma Street,улица Шемодгома
შერიფ ხიმშიაშვილის ქუჩა,Sherif Khimshiashvili Street,улица Шерифа Химшиашвили
შერმადინის ქუჩა,Shermadini Street,улица Шермадини
შილდის ქუჩა,Shilda Street,улица Шилда
შილდის შესახვევი,Shilda Lane,переулок Шилда
შილდის ჩიხი,Shilda Dead End,тупик Шилда
შინდისის I ჩიხი,Shindisi 1st Dead End,1-й тупик Шиндиси
შინდისის II ჩიხი,Shindisi 2nd Dead End,2-й тупик Шиндиси
შინდისის III ჩიხი,Shindisi 3rd Dead End,3-й тупик Шиндиси
შინდისის ქუჩა,Shindisi Street,улица Шиндиси
შინდისის შესახვევი,Shindisi Lane,переулок Шиндиси
შინდისის გმირების გამზირი,Shindisis Gmirebi Avenue,проспект Шиндисис Гмиреби
შიო არაგვისპირელის I გასასვლელი,Shio Aragvispireli 1st Exit,1-й съезд Шио Арагвиспирели
შიო არაგვისპირელის I შესახვევი,Shio Aragvispireli 1st Lane,1-й переулок Шио Арагвиспирели
შიო არაგვისპირელის I ჩიხი,Shio Aragvispireli 1st Dead End,1-й тупик Шио Арагвиспирели
შიო არაგვისპირელის II გასასვლელი,Shio Aragvispireli 2nd Exit,2-й съезд Шио Арагвиспирели
შიო არაგვისპირელის II ჩიხი,Shio Aragvispireli 2nd Dead End,2-й тупик Шио Арагвиспирели
შიო არაგვისპირელის ქუჩა,Shio Aragvispireli Street,улица Шио Арагвиспирели
შიო არაგვისპირელის შესახვევი,Shio Aragvispireli Lane,переулок Шио Арагвиспирели
შიო გუგეშაშვილის ქუჩა,Shio Gugeshashvili Street,улица Шио Гугешашвили
შიო მღვიმელი ქუჩა,Shio Mghvimeli Street,улица Шио Мгвимели
შიო მღვიმელის I ჩიხი,Shio Mghvimeli 1st Dead End,1-й тупик Шио Мгвимели
შიო მღვიმელის ქუჩა,Shio Mghvimeli Street,улица Шио Мгвимели
შიო ჩიტაძის ქუჩა,Shio Chitadze Street,улица Шио Читадзе
შიო ჩიტაძის შესახვევი,Shio Chitadze Lane,переулок Шио Читадзе
შირაქის ქუჩა,Shiraki Street,улица Шираки
შირაქის შესახვევი,Shiraki Lane,переулок Шираки
შმაგის ქუჩა,Shmagi Street,улица Шмаги
შოვის ქუჩა,Shovi Street,улица Шови
შოთა აკობიას ქუჩა,Shota Akobia Street,улица Шоты Акобия
შოთა ბიგვავას ქუჩა,Shota Bigvava Street,улица Шоты Бигвава
შოთა გამცემლიძის ქუჩა,Shota Gamtsemlidze Street,улица Шоты Гамцемлидзе
შოთა და ნოდარ მანაგაძეების ქუჩა,Shota and Nodar Managadze Street,улица Шоты и Нодара Манагадзе
შოთა დარასელიას ქუჩა,Shota Daraselia Street,улица Шота Дараселия
შოთა იამანიძის ქუჩა,Shota Iamanidze Street,улица Шоты Яманидзе
შოთა კიტიას ქუჩა,Shota Kitia Street,улица Шоты Кития
შოთა მეგრელიშვილის სანაპირო,Shota Megrelishvili Embankment,набережная Шоты Мегрелишвили
შოთა მესხიას ქუჩა,Shota Meskhia Street,улица Шоты Месхии
შოთა მილორავას ქუჩა,Shota Milorava Street,улица Шоты Милорава
შოთა მილორავას ჩიხი,Shota Milorava Dead End,тупик Шоты Милорава
შოთა მიქატაძის ქუჩა,Shota Mikatadze Street,улица Шота Микатадзе
შოთა მიქატაძის შესახვევი,Shota Mikatadze Lane,переулок Шота Микатадзе
შოთა მოდებაძის ქუჩა,Shota Modebadze Street,улица Шоты Модебадзе
შოთა ნადირაშვილის ქუჩა,Shota Nadirashvili Street,улица Шоты Надирашвили
შოთა ნიშნიანიძის ქუჩა,Shota Nishnianidze Street,улица Шоты Нишнианидзе
შოთა ნიშნიაძის ქუჩა,Shota Nishnianidze Street,улица Шота Нишнианидзе
შოთა რუსთაველის I გასასვლელი,Shota Rustaveli 1st Exit,1-й съезд Шота Руставели
შოთა რუსთაველის I შესახვევი,Shota Rustaveli 1st Lane,1-й переулок Шота Руставели
შოთა რუსთაველის I ჩიხი,Shota Rustaveli 1st Dead End,1-й тупик Шота Руставели
შოთა რუსთაველის II გასასვლელი,Shota Rustaveli 2nd Exit,2-й съезд Шота Руставели
შოთა რუსთაველის II შესახვევი,Shota Rustaveli 2nd Lane,2-й переулок Шота Руставели
შოთა რუსთაველის II ჩიხი,Shota Rustaveli 2nd Dead End,2-й тупик Шота Руставели
შოთა რუსთაველის III ჩიხი,Shota Rustaveli 3rd Dead End,3-й тупик Шота Руставели
შოთა რუსთაველის IV ჩიხი,Shota Rustaveli 4th Dead End,4-й тупик Шота Руставели
შოთა რუსთაველის IX ჩიხი,Shota Rustaveli 9th Dead End,9-й тупик Шоты Руставели
შოთა რუსთაველის V ჩიხი,Shota Rustaveli 5th Dead End,5-й тупик Шота Руставели
შოთა რუსთაველის VI ჩიხი,Shota Rustaveli 6th Dead End,6-й тупик Шота Руставели
შოთა რუსთაველის VII ჩიხი,Shota Rustaveli 7th Dead End,7-й тупик Шота Руставели
შოთა რუსთაველის X ჩიხი,Shota Rustaveli 10th Dead End,10-й тупик Шота Руставели
შოთა რუსთაველის XI ჩიხი,Shota Rustaveli 11th Dead End,11-й тупик Шота Руставели
შოთა რუსთაველის XII ჩიხი,Shota Rustaveli 12th Dead End,12-й тупик Шота Руставели
შოთა რუსთაველის გამზირი,Shota Rustaveli Avenue,проспект Шота Руставели
შოთა რუსთაველის მოედანი,Shota Rustaveli Square,площадь Шота Руставели
შოთა რუსთაველის რკალი,Shota Rustaveli Encirclement,кольцо Шота Руставели
შოთა რუსთაველის ჩიხი,Shota Rustaveli Dead End,тупик Шота Руставели
შოთა რუსთაველის ქუჩა,Shota Rustaveli Street,улица Шота Руставели
შოთა სართანიას ქუჩა,Shota Sartania Street,улица Шоты Сартаниа
შოთა ყავლაშვილის ქუჩა,Shota Kavlashvili Street,улица Шоты Кавлашвили
შოთა ყავლაშვილის შესახვევი,Shota Kavlashvili Lane,переулок Шоты Кавлашвили
შოთა შალიკაშვილის ხიდი,Shota Shalikashvili Bridge,мост Шота Шаликашвили
შოთა ჩოჩიშვილის ქუჩა,Shota Chochishvili Street,улица Шоты Чочишвили
შოთა ხუბულავას ქუჩა,Shota Khubulava Street,улица Шоты Хубулава
შორაპანის ქუჩა,Shorapani Street,улица Шорапани
შრომის ქუჩა,Shroma Street,улица Шрома
შროშის ქუჩა,Shrosha Street,улица Шроша
შუა მინდვრის I ჩიხი,Shua Mindori 1st Dead End,1-й тупик Шуа Миндори
შუა მინდვრის II ჩიხი,Shua Mindori 2nd Dead End,2-й тупик Шуа Миндори
შუა მინდვრის ქუჩა,Shua Mindori Street,улица Шуа Миндори
შუამთის ქუჩა,Shuamta Street,улица Шуамта
შურდულის შესახვევი,Shurduli Lane,переулок Шурдули
შუშას I ჩიხი,Shusha 1st Dead End,1-й тупик Шуша
შუშას ქუჩა,Shusha Street,улица Шуша
შხარას ქუჩა,Shkhara Street,улица Шхара
შხეფის ქუჩა,Shkhepi Street,улица Шхепи
ჩაილურის შესახვევი,Chailuri Lane,переулок Чаилури
ჩაისუბანის ქუჩა,Chaisubani Street,улица Чаисубани
ჩაისუბანის შესახვევი,Chaisubani Lane,переулок Чаисубани
ჩარგალეთის I ჩიხი,Chargaleti 1st Dead End,1-й тупик Чаргалети
ჩარგალეთის II შესახვევი,Chargaleti 2nd Lane,2-й переулок Чаргалети
ჩარგალეთის II ჩიხი,Chargaleti 2nd Dead End,2-й тупик Чаргалети
ჩარგალეთის ქუჩა,Chargaleti Street,улица Чаргалети
ჩარგალის გასასვლელი,Chargali Exit,съезд Чаргали
ჩარგალის ქუჩა,Chargali Street,улица Чаргали
ჩარგლის ქუჩა,Chargali Street,улица Чаргали
ჩარხის ქუჩა,Charkhi Street,улица Чархи
ჩაქვი-მახინჯაურის გვირაბის შემოსავლელი,Makhinjauri Tunnel Bypass,Кольцевая дорога Махинджаури
ჩაქვის ქუჩა,Chakvi Street,улица Чакви
ჩაჩიბაიას ქუჩა,Chachibaia Street,улица Чачибаия
ჩახრუხაძის I შესახვევი,Chakhrukhadze 1st Lane,1-ый переулок Чахрухадзе
ჩახრუხაძის II შესახვევი,Chakhrukhadze 2nd Lane,2-ой переулок Чахрухадзе
ჩახრუხაძის ქუჩა,Chakhrukhadze Street,улица Чахрухадзе
ჩერკასკის ქუჩა,Cherkaski Street,улица Черкаски
ჩიხორას I ჩიხი,Chikhora 1st Dead End,1-й тупик Чихора
ჩიხორას II ჩიხი,Chikhora 2nd Dead End,2-й тупик Чихора
ჩიხორას ქუჩა,Chikhora Street,улица Чихора
ჩოდრიშვილის ჩიხი,Chodrishvili Dead End,тупик Чодришвили
ჩრდილო ფარეხის ქუჩა,Chrdilo Parekhi Street,улица Чрдило Парехи
ჩხავერის ქუჩა,Chkhaveri Street,улица Чхавери
ჩხარის ქუჩა,Chkhari Street,улица Чхари
ჩხეიძის ქუჩა,Chkheidze Street,улица Чхеидзе
ცაგარელის ქუჩა,Tsagareli Street,улица Цагарели
ცაგერის ქუჩა,Tsageri Street,улица Цагери
ცაიშის ქუჩა,Tsaishi Street,улица Цаиши
ცამეტი ასურელი მამის I შესახვევი,Tsameti Asureli Mami 1st Lane,1-й переулок Цамети Асурели Мами
ცამეტი ასურელი მამის I ჩიხი,Tsameti Asureli Mami 1st Dead End,1-й тупик Цамети Асурели Мами
ცამეტი ასურელი მამის II შესახვევი,Tsameti Asureli Mami 2nd Lane,2-й переулок Цамети Асурели Мами
ცამეტი ასურელი მამის II ჩიხი,Tsameti Asureli Mami 2nd Dead End,2-й тупик Цамети Асурели Мами
ცამეტი ასურელი მამის III შესახვევი,Tsameti Asureli Mami 3rd Lane,3-й переулок Цамети Асурели Мами
ცამეტი ასურელი მამის III ჩიხი,Tsameti Asureli Mami 3rd Dead End,3-й тупик Цамети Асурели Мами
ცამეტი ასურელი მამის IV შესახვევი,Tsameti Asureli Mami 4th Lane,4-й переулок Цамети Асурели Мами
ცამეტი ასურელი მამის IV ჩიხი,Tsameti Asureli Mami 4th Dead End,4-й тупик Цамети Асурели Мами
ცამეტი ასურელი მამის IX ჩიხი,Tsameti Asureli Mami 9th Dead End,9-й тупик Цамети Асурели Мами
ცამეტი ასურელი მამის V ჩიხი,Tsameti Asureli Mami 5th Dead End,5-й тупик Цамети Асурели Мами
ცამეტი ასურელი მამის VI ჩიხი,Tsameti Asureli Mami 6th Dead End,6-й тупик Цамети Асурели Мами
ცამეტი ასურელი მამის VII ჩიხი,Tsameti Asureli Mami 7th Dead End,7-й тупик Цамети Асурели Мами
ცამეტი ასურელი მამის VIII ჩიხი,Tsameti Asureli Mami 8th Dead End,8-й тупик Цамети Асурели Мами
ცამეტი ასურელი მამის ქუჩა,Tsameti Asureli Mami Street,улица Цамети Асурели Мами
ცაცა ამირეჯიბის I შესახვევი,Tsatsa Amirejibi 1st Lane,1-й переулок Цацы Амиреджиби
ცაცა ამირეჯიბის I ჩიხი,Tsatsa Amirejibi 1st Dead End,1-й тупик Цацы Амиреджиби
ცაცა ამირეჯიბის II შესახვევი,Tsatsa Amirejibi 2nd Lane,2-й переулок Цацы Амиреджиби
ცაცა ამირეჯიბის III შესახვევი,Tsatsa Amirejibi 3rd Lane,3-й переулок Цацы Амиреджиби
ცაცა ამირეჯიბის ქუჩა,Tsatsa Amirejibi Street,улица Цацы Амиреджиби
ცაცხვების I შესახვევი,Tsatskhvebi 1st Lane,1-й переулок Цацхвеби
ცაცხვების II შესახვევი,Tsatskhvebi 2nd Lane,2-й переулок Цацхвеби
ცაცხვების III შესახვევი,Tsatskhvebi 3rd Lane,3-й переулок Цацхвеби
ცაცხვების IV შესახვევი,Tsatskhvebi 4th Lane,4-й переулок Цацхвеби
ცაცხვების IX შესახვევი,Tsatskhvebi 9th Lane,9-й переулок Цацхвеби
ცაცხვების V შესახვევი,Tsatskhvebi 5th Lane,5-й переулок Цацхвеби
ცაცხვების VI შესახვევი,Tsatskhvebi 6th Lane,6-й переулок Цацхвеби
ცაცხვების VII შესახვევი,Tsatskhvebi 7th Lane,7-й переулок Цацхвеби
ცაცხვების VIII შესახვევი,Tsatskhvebi 8th Lane,8-й переулок Цацхвеби
ცაცხვების ქუჩა,Tsatskhvebi Street,улица Цацхвеби
ცემის ქუჩა,Tsemi Street,улица Цеми
ცეცილია წუწუნავას ქუჩა,Tsetsilia Tsutsunava Street,улица Цецилии Цуцунава
ციალა გაბაშვილის ქუჩა,Tsiala Gabashvili Street,улица Циала Габашвили
ცივი წყაროს ქუჩა,Tsivi Tsqaro Street,улица Циви Цкаро
ცირკის აღმართი,Tsirki Ascent,подъём Цирки
ცისარტყელას ქუჩა,Tsisartqela Street,улица Цисарткела
ცისარტყელის შესახვევი,Tsisartqeli Lane,переулок Цисарткели
ცისკარის ქუჩა,Tsiskari Street,улица Цискари
ცისკრის შესახვევი,Tsiskari Lane,переулок Цискари
ციურიხის I შესახვევი,Tsiurikhi 1st Lane,1-й переулок Циурихи
ციურიხის I ჩიხი,Tsiurikhi 1st Dead End,1-й тупик Циурихи
ციურიხის ქუჩა,Tsiurikhi Street,улица Циурихи
ციხისძირის I გასასვლელი,Tsikhisdziri 1st Exit,1-й съезд Цихисдзири
ციხისძირის I ჩიხი,Tsikhisdziri 1st Dead End,1-й тупик Цихисдзири
ციხისძირის II გასასვლელი,Tsikhisdziri 2nd Exit,2-й съезд Цихисдзири
ციხისძირის II შესახვევი,Tsikhisdziri 2nd Lane,2-й переулок Цихисдзири
ციხისძირის III გასასვლელი,Tsikhisdziri 3rd Exit,3-й съезд Цихисдзири
ციხისძირის III ჩიხი,Tsikhisdziri 3rd Dead End,3-й тупик Цихисдзири
ციხისძირის IV შესახვევი,Tsikhisdziri 4th Lane,4-й переулок Цихисдзири
ციხისძირის ქუჩა,Tsikhisdziri Street,улица Цихисдзири
ცოდნისკარის ქუჩა,Tsodniskari Street,улица Цоднискари
ცოლიკაურის I შესახვევი,Tsolikauri 1st Lane,1-й переулок Цоликаури
ცოლიკაურის II შესახვევი,Tsolikauri 2nd Lane,2-й переулок Цоликаури
ცოლიკაურის III შესახვევი,Tsolikauri 3rd Lane,3-й переулок Цоликаури
ცოლიკაურის ქუჩა,Tsolikauri Street,улица Цоликаури
ცოტნე დადიანის I გასასვლელი,Tsotne Dadiani 1st Exit,1-й съезд Цотне Дадиани
ცოტნე დადიანის I შესახვევი,Tsotne Dadiani 1st Lane,1-й переулок Цотне Дадиани
ცოტნე დადიანის I ჩიხი,Tsotne Dadiani 1st Dead-End,1-й тупик Цотнэ Дадиани
ცოტნე დადიანის II შესახვევი,Tsotne Dadiani 2nd Lane,2-й переулок Цотне Дадиани
ცოტნე დადიანის II ჩიხი,Tsotne Dadiani 2nd Dead End,2-й тупик Цотне Дадиани
ცოტნე დადიანის ქუჩა,Tsotne Dadiani Street,улица Цотне Дадиани
ცოტნე დადიანის ხიდი,Tsotne Dadiani Bridge,мост Цотне Дадиани
ცოტნე მირცხულავას ქუჩა,Tsotne Mirtskhulava Street,улица Цотне Мирцхулава
ცყვიავის ჩიხი,Tsqviavi Dead End,тупик Цквиави
ცხემის შესახვევი,Tskhemi Lane,переулок Цхеми
ცხემის ჩიხი,Tskhemi Dead End,тупик Цхеми
ცხენისწყლის ქუჩა,Tskhenistskali Street,улица Цхенисцкали
ცხინვალის I შესახვევი,Tskhinvali 1st Lane,1-й Цхинвальский переулок
ცხინვალის I ჩიხი,Tskhinvali 1st Dead-end,1-й Цхинвальский тупик
ცხინვალის II შესახვევი,Tskhinvali 2nd Lane,2-й Цхинвальский переулок
ცხინვალის II ჩიხი,Tskhinvali 2nd Dead End,2-й Цхинвальский тупик
ცხინვალის ქუჩა,Tskhinvali Street,Цхинвальская улица
ცხინვალის გზატკეცილი,Tskhinvali Highway,Цхинвальское шоссе
ცხრა ძმა ხერხეულიძის I შესახვევი,Tskhra Dzma Kherkheulidze 1st Lane,1-й переулок Цхра Дзма Херхеулидзе
ცხრა ძმა ხერხეულიძის II შესახვევი,Tskhra Dzma Kherkheulidze 2nd Lane,2-й переулок Цхра Дзма Херхеулидзе
ცხრა ძმა ხერხეულიძის III შესახვევი,Tskhra Dzma Kherkheulidze 3rd Lane,3-й переулок Цхра Дзма Херхеулидзе
ცხრა ძმა ხერხეულიძის მოედანი,Tskhra Dzma Kherkheulidze Square,площадь Цхра Дзма Херхеулидзе
ცხრა ძმა ხერხეულიძის ქუჩა,Tskhra Dzma Kherkheulidze Street,улица Цхра Дзма Херхеулидзе
ძეგლევის ქუჩა,Dzeglevi Street,улица Дзеглеви
ძველი ვეძისის I გასასვლელი,Dzveli Vedzisi 1st Exit,1-й съезд Дзвели Ведзиси
ძველი ვეძისის I ჩიხი,Dzveli Vedzisi 1st Dead End,1-й тупик Дзвели Ведзиси
ძველი ვეძისის II გასასვლელი,Dzveli Vedzisi 2nd Exit,2-й съезд Дзвели Ведзиси
ძველი ვეძისის II შესახვევი,Dzveli Vedzisi 2nd Lane,2-й переулок Дзвели Ведзиси
ძველი ვეძისის III შესახვევი,Dzveli Vedzisi 3rd Lane,3-й переулок Дзвели Ведзиси
ძველი ვეძისის IV შესახვევი,Dzveli Vedzisi 4th Lane,4-й переулок Дзвели Ведзиси
ძველი ვეძისის ქუჩა,Dzveli Vedzisi Street,улица Дзвели Ведзиси
ძმები ზდანევიჩების ქუჩა,Dzmebi Zdanevichi Street,улица Дзмеби Зданевичи
ძმები ზუბალაშვილების II ჩიხი,Dzmebi Zubalashvilebi 2nd Dead-end,2-й тупик Дзмеби Зубалашвилеби
ძმები ზუბალაშვილების ქუჩა,Dzmebi Zubalashvilebi Street,улица Дзмеби Зубалашвилеби
ძმები კაკაბაძეების ქუჩა,Dzmebi Kakabadzeebi Street,улица Дзмеби Какабадзееби
ძმები კარბელაშვილების ქუჩა,Dzmebi Karbelashvilebi Street,улица Дзмеби Карбелашвилеби
ძმები ნობელების I შესახვევი,Dzmebi Nobelebi 1st Lane,1-й переулок Дзмеби Нобелеби
ძმები ნობელების II შესახვევი,Dzmebi Nobelebi 2nd Lane,2-й переулок Дзмеби Нобелеби
ძმები ნობელების ქუჩა,Dzmebi Nobelebi Street,улица Дзмеби Нобелеби
ძმები რომელაშვილების ჩიხი,Dzmebi Romelashvilebi Dead-end,тупик Дзмеби Ромедашвилеби
ძმები რომელაშვილების ქუჩა,Dzmebi Romelashvilebi Street,улица Дзмеби Ромедашвилеби
ძმები სიმენსების ქუჩა,Dzmebi Siemens Street,улица Дзмеби Сименси
ძმები სლოვინსკების ქუჩა,Dzmebi Slovinski Street,улица Дзмеби Словински
ძმები ყურაშვილების ქუჩა,Dzmebi Qurashvilebi Street,улица Дзмеби Курашвилеби
ძმები ჭილაშვილების ქუჩა,Dzmebi Chilashvili Street,улица Дзмеби Чилашвили
ძმები ხერხეულიძეების ქუჩა,Dzmebi Kherkheulidze Street,улица Дзмеби Херхеулидзе
ძმობის II ქუჩა,Dzmobi 2nd Street,2-я улица Дзмоби
ძმობის II ჩიხი,Dzmobi 2nd Dead End,2-й тупик Дзмоби
ძოწის ქუჩა,Dzotsi Street,улица Дзоци
ძუკუ ლოლუას I ჩიხი,Dzuku Lolua 1st Dead End,1-й тупик Дзуку Лолуа
ძუკუ ლოლუას II ჩიხი,Dzuku Lolua 2nd Dead End,2-й тупик Дзуку Лолуа
ძუკუ ლოლუას III ჩიხი,Dzuku Lolua 3rd Dead End,3-й тупик Дзуку Лолуа
ძუკუ ლოლუას ქუჩა,Dzuku Lolua Street,улица Дзуку Лолуа
წავკისის I შესახვევი,Tsavkisi 1st Lane,1-й переулок Цавкиси
წავკისის II შესახვევი,Tsavkisi 2nd Lane,2-й переулок Цавкиси
წავკისის ქუჩა,Tsavkisi Street,улица Цавкиси
წავკისის ხევის ქუჩა,Tsavkisi Khevi Street,улица Цавкиси Хеви
წალენჯიხის ქუჩა,Tsalenjikha Street,улица Цаленджиха
წალენჯიხის შესახვევი,Tsalenjikha Lane,переулок Цаленджиха
წალკას ქუჩა,Tsalka Street,улица Цалка
წალკის გასასვლელი,Tsalka Exit,съезд Цалка
წალკის ჩიხი,Tsalka Dead End,тупик Цалка
წალმიანის ქუჩა,Tsalmiani Street,улица Цалмиани
წარაფის ქუჩა,Tsarapi Street,улица Царапи
წაღვერის ქუჩა,Tsaghveri Street,улица Цагвери
წებელდის ქუჩა,Tsebeldi Street,улица Цебелди
წერნაქის ქუჩა,Tsernaki Street,улица Цернаки
წერონისის I ჩიხი,Tseronisi 1st Dead End,1-й тупик Церониси
წერონისის II ჩიხი,Tseronisi 2nd Dead End,2-й тупик Церониси
წერონისის გასასვლელი,Tseronisi Exit,съезд Церониси
წერონისის ქუჩა,Tseronisi Street,улица Церониси
წვერიახოს ქუჩა,Tsveriakho Street,улица Цвериахо
წითელი ჯვრის ქუჩა,Tsiteli Jvari Street,улица Цители Джвари
წითლიანის ქუჩა,Tsitliani Street,улица Цитлиани
წინანაურის I შესახვევი,Tsinanauri 1st Lane,1-й переулок Цинанаури
წინანაურის II შესახვევი,Tsinanauri 2nd Lane,2-й переулок Цинанаури
წინანაურის III შესახვევი,Tsinanauri 3rd Lane,3-й переулок Цинанаури
წინანაურის IV შესახვევი,Tsinanauri 4th Lane,4-й переулок Цинанаури
წინანაურის ქუჩა,Tsinanauri Street,улица Цинанаури
წინანდალის ქუჩა,Tsinandali Street,улица Цинандали
წინანდალის შესახვევი,Tsinandali Lane,переулок Цинандали
წინანურის II ქუჩა,Tsinanuri 2nd Street,2-я улица Цинанури
წინანურის ქუჩა,Tsinanuri Street,улица Цинанури
წინაუბნის ქუჩა,Tsinaubni Street,улица Цинаубни
წინუბანის ქუჩა,Tsinubani Street,улица Цинубани
წიწამურის ქუჩა,Tsitsamuri Street,улица Цицамури
წმინდა ანდრია პირველწოდებულის I შესახვევი,Tsminda Andria Pirveltsodebuli 1st Lane,1-й переулок Цминда Андрия Пирвелцодебули
წმინდა ანდრია პირველწოდებულის I ჩიხი,Tsminda Andria Pirveltsodebuli 1st Dead End,1-й тупик Цминда Андрия Пирвелцодебули
წმინდა ანდრია პირველწოდებულის II შესახვევი,Tsminda Andria Pirveltsodebuli 2nd Lane,2-й переулок Цминда Андрия Пирвелцодебули
წმინდა ანდრია პირველწოდებულის II ჩიხი,Tsminda Andria Pirveltsodebuli 2nd Dead End,2-й тупик Цминда Андрия Пирвелцодебули
წმინდა ანდრია პირველწოდებულის III შესახვევი,Tsminda Andria Pirveltsodebuli 3rd Lane,3-й переулок Цминда Андрия Пирвелцодебули
წმინდა ანდრია პირველწოდებულის III ჩიხი,Tsminda Andria Pirveltsodebuli 3rd Dead End,3-й тупик Цминда Андрия Пирвелцодебули
წმინდა ანდრია პირველწოდებულის IV ჩიხი,Tsminda Andria Pirveltsodebuli 4th Dead End,4-й тупик Цминда Андрия Пирвелцодебули
წმინდა ანდრია პირველწოდებულის IX ჩიხი,Tsminda Andria Pirveltsodebuli 9th Dead End,9-й тупик Цминда Андрия Пирвелцодебули
წმინდა ანდრია პირველწოდებულის V ჩიხი,Tsminda Andria Pirveltsodebuli 5th Dead End,5-й тупик Цминда Андрия Пирвелцодебули
წმინდა ანდრია პირველწოდებულის VI ჩიხი,Tsminda Andria Pirveltsodebuli 6th Dead End,6-й тупик Цминда Андрия Пирвелцодебули
წმინდა ანდრია პირველწოდებულის VII ჩიხი,Tsminda Andria Pirveltsodebuli 7th Dead End,7-й тупик Цминда Андрия Пирвелцодебули
წმინდა ანდრია პირველწოდებულის VIII ჩიხი,Tsminda Andria Pirveltsodebuli 8th Dead End,8-й тупик Цминда Андрия Пирвелцодебули
წმინდა ანდრია პირველწოდებულის გზატკეცილი,Tsminda Andria Pirveltsodebuli Highway,шоссе Цминда Андриа Пирвелцодебули
წმინდა გიორგის ქუჩა,Tsminda Giorgi Street,улица Цминда Гиорги
წმინდა ევდემოზ პირველი (დიასამიზე) ქუჩა,Tsminda Evdemoz Pirveli (Diasamize) Street,улица Цминда Эвдемоз Пирвели (Диасамизе)
წმინდა ეპისკოპოსი ალექსანდრეს ქუჩა,Tsminda Episkoposi Aleksandre Street,улица Цминда Эпископоси Александре
წმინდა ექვთიმე აღმსარებლის ქუჩა,Tsminda Ekvtime Aghmsarebeli Street,улица Цминда Эквтиме Агмсаребели
წმინდა ვახტანგ III ქუჩა,Tsminda Vakhtang Mesame Street,улица Цминда Вахтанг Месаме
წმინდა თევდორე აჭარელის ქუჩა,Tsminda Tevdore Achareli Street,улица Цминда Тевдоре Ачарели
წმინდა მამა გრიგოლის (ფერაძე) ქუჩა,Tsminda Mama Grigol (Peradze) Street,улица Цминда Мама Григол (Перадзе)
წმინდა მელქისედეკ პირველის ქუჩა,Tsminda Melkisedek Pirveli Street,улица Цминда Мелкиседек Пирвели
წმინდა მოციქულთა პეტრესა და პავლეს I ჩიხი,Tsminda Motsikulta Petresa Da Pavle 1st Dead End,1-й тупик Цминда Моцикулта Петреса Да Павле
წმინდა მოციქულთა პეტრესა და პავლეს ქუჩა,Tsminda Motsikulta Petresa Da Pavle Street,улица Цминда Моцикулта Петреса Да Павле
წმინდა მოწამე ვასილისკოს ქუჩა,Tsminda Motsame Vasilisko Street,улица Цминда Моцаме Василиско
წმინდა ნიკოლოზის I შესახვევი,Tsminda Nikolozi 1st Lane,1-й переулок Цминда Николози
წმინდა ნიკოლოზის I ჩიხი,Tsminda Nikolozi 1st Dead End,1-й тупик Цминда Николози
წმინდა ნიკოლოზის ქუჩა,Tsminda Nikolozi Street,улица Цминда Николози
წმინდა ნინოს I ჩიხი,Tsminda Nino 1st Dead End,1-й тупик Цминда Нино
წმინდა ნინოს II ჩიხი,Tsminda Nino 2nd Dead End,2-й тупик Цминда Нино
წმინდა ნინოს ქუჩა,Tsminda Nino Street,улица Цминда Нино
წმინდა ნინოს ჩიხი,Tsminda Nino Dead End,тупик Цминда Нино
წმინდა სალომე უჯარმელის ქუჩა,Tsminda Salome Ujarmeli Street,улица Цминда Саломе Уджармели
წმინდა სევერიანე აჭარელის ქუჩა,Tsminda Severiane Achareli Street,улица Цминда Севериане Ачарели
წმინდა ქეთევან დედოფლის I ჩიხი,Tsminda Ketevan Dedopli 1st Dead End,1-й тупик Цминда Кетеван Дедопли
წმინდა ქეთევან დედოფლის გამზირი,Tsminda Ketevan Dedoflis Avenue,проспект Цминда Кетеван Дедофлис
წმინდაწყლის ქუჩა,Tsmindatsqali Street,улица Цминдацкали
წრომის I შესახვევი,Tsromi 1st Lane,1-й переулок Цроми
წრომის II შესახვევი,Tsromi 2nd Lane,2-й переулок Цроми
წრომის ქუჩა,Tsroma Street,улица Црома
წულუკიძის ქუჩა,Tsulikidze Street,улица Цуликидзе
წყალსადენის ქუჩა,Tsqalsadeni Street,улица Цкалсадени
წყალსადენის ჩიხი,Tsqalsadeni Dead End,тупик Цкалсадени
წყალტუბოს ქუჩა,Tsqaltubo Street,улица Цкалтубо
წყაროთუბანის I შესახვევი,Tsqarotubani 1st Lane,1-й переулок Цкаротубани
წყაროთუბანის ქუჩა,Tsqarotubani Street,улица Цкаротубани
წყაროს I შესახვევი,Tsqaro 1st Lane,1-й переулок Цкаро
წყაროს I ჩიხი,Tsqaro 1st Dead End,1-й тупик Цкаро
წყაროს II ჩიხი,Tsqaro 2nd Dead End,2-й тупик Цкаро
წყაროს IV ჩიხი,Tsqaro 4th Dead End,4-й тупик Цкаро
წყაროს V ჩიხი,Tsqaro 5th Dead End,5-й тупик Цкаро
წყაროს ქუჩა,Tsqaro Street,улица Цкаро
წყნეთის I ჩიხი,Tsqneti 1st Dead End,1-й тупик Цкнети
წყნეთის II ჩიხი,Tsqneti 2nd Dead End,2-й тупик Цкнети
წყნეთის გზატკეცილი,Tsqneti Highway,Цхнетское шоссе
წყნეთის გზატკეცილის I გასასვლელი,Tsqneti Gzatketsili 1st Exit,1-й съезд Цкнети Гзаткецили
წყნეთის გზატკეცილის I ჩიხი,Tsqneti Gzatketsili 1st Dead End,1-й тупик Цкнети Гзаткецили
წყნეთის გზატკეცილის II გასასვლელი,Tsqneti Gzatketsili 2nd Exit,2-й съезд Цкнети Гзаткецили
წყნეთის გზატკეცილის II ჩიხი,Tsqneti Gzatketsili 2nd Dead End,2-й тупик Цкнети Гзаткецили
წყნეთის გზატკეცილის III ჩიხი,Tsqneti Gzatketsili 3rd Dead End,3-й тупик Цкнети Гзаткецили
წყნეთის ქუჩა,Tsqneti Street,улица Цкнети
წყნეთის შესახვევი,Tsqneti Lane,переулок Цкнети
ჭაბუა ამირეჯიბის გზატკეცილი,Chabua Amirejibi Highway,шоссе Чабуа Амиреджиби
ჭაბუა ამირეჯიბის ქუჩა,Chabua Amirejibi Street,улица Чабуа Амиреджиби
ჭალადიდელის ქუჩა,Chaladideli Street,улица Чаладидели
ჭანდრის I ჩიხი,Chandri 1st Dead End,1-й тупик Чандри
ჭანდრის ქუჩა,Chandri Street,улица Чандри
ჭაშნაგირის ქუჩა,Chashnagiri Street,улица Чашнагири
ჭიათურას ქუჩა,Chiatura Street,улица Чиатура
ჭირნახულის I ჩიხი,Chirnakhuli 1st Dead End,1-й тупик Чирнахули
ჭიჭიკო ბენდელიანის I ჩიხი,Chichiko Bendeliani 1st Dead End,1-й тупик Чичико Бенделиани
ჭიჭიკო ბენდელიანის ქუჩა,Chichiko Bendeliani Street,улица Чичико Бенделиани
ჭიჭიკო ბენდელიანის შესახვევი,Chichiko Bendeliani Lane,переулок Чичико Бенделиани
ჭიჭიკო ბენდელიანის ჩიხი,Chichiko Bendeliani Dead End,тупик Чичико Бенделиани
ჭოლა ლომთათიძის I შესახვევი,Chola Lomtatidze 1st Lane,1-й переулок Чола Ломтатидзе
ჭოლა ლომთათიძის I ჩიხი,Chola Lomtatidze 1st Dead End,1-й тупик Чола Ломтатидзе
ჭოლა ლომთათიძის II შესახვევი,Chola Lomtatidze 2nd Lane,2-й переулок Чола Ломтатидзе
ჭოლა ლომთათიძის II ჩიხი,Chola Lomtatidze II Dead-end,2-й тупик Чола Ломтатидзе
ჭოლა ლომთათიძის გასასვლელი,Chola Lomtatidze Exit,съезд Чола Ломтатидзе
ჭოლა ლომთათიძის ქუჩა,Chola Lomtatidze Street,улица Чола Ломтатидзе
ჭოლა ლომთათიძის ჩიხი,Chola Lomtatidze Dead End,тупик Чола Ломтатидзе
ჭოპორტის ქუჩა,Choporti Street,улица Чопорти
ჭოპორტის შესახვევი,Choporti Lane,переулок Чопорти
ჭოროხის ქუჩა,Chorokhi Street,улица Чорохи
ჭრებალოს I შესახვევი,Chrebalo 1st Lane,1-й переулок Чребало
ჭრებალოს I ჩიხი,Chrebalo 1st Dead End,1-й тупик Чребало
ჭრებალოს II შესახვევი,Chrebalo 2nd Lane,2-й переулок Чребало
ჭრებალოს ქუჩა,Chrebalo Street,улица Чребало
ხაზინას ქუჩა,Khazina Street,улица Хазина
ხათუნა დონდუას ქუჩა,Khatuna Dondua Street,улица Хатуна Дондуа
ხათუნა ჭიჭინაძის I ჩიხი,Khatuna Chichinadze 1st Dead End,1-й тупик Хатуны Чичинадзе
ხათუნა ჭიჭინაძის ქუჩა,Khatuna Chichinadze Street,улица Хатуны Чичинадзе
ხალხთა მეგობრობის გამზირი,Khalkhta Megobroba Avenue,проспект Халхта Мегоброба
ხანძთას I ჩიხი,Khandzta 1st Dead End,1-й тупик Хандзта
ხანძთას ქუჩა,Khandzta Street,улица Хандзта
ხანძთელის ქუჩა,Khandzteli Street,улица Хандзтели
ხანძთის I შესახვევი,Khandzti 1st Lane,1-й переулок Хандзти
ხანძთის II შესახვევი,Khandzti 2nd Lane,2-й переулок Хандзти
ხანძთის ქუჩა,Khandzta Street,улица Хандзта
ხარაგაულის ჩიხი,Kharagauli Dead End,тупик Харагаули
ხარიტონ ახვლედიანის ქუჩა,Khariton Akhvlediani Street,улица Харитона Ахвледиани
ხარლამპ სავანელის ქუჩა,Kharlamp Savaneli Street,улица Харлампа Саванели
ხარლამპ სავანელის ჩიხი,Kharlamp Savaneli Dead End,тупик Харлампа Саванели
ხარფუხის ქუჩა,Kharpukhi Street,улица Харпухи
ხარფუხის შესახვევი,Kharpukhi Lane,переулок Харпухи
ხასან ლორთქიფანიძის ქუჩა,Khasan Lortkipanidze Street,улица Хасана Лорткипанидзе
ხასან ჰელიმიშის ქუჩა,Khasan Helimishi Street,улица Хасана Хелимиши
ხატაეთის ქუჩა,Khataeti Street,улица Хатаети
ხაშურის ქუჩა,Khashuri Street,Хашурская улица
ხაჩატურ აბოვიანის ქუჩა,Khachatur Abovian Street,улица Хачатура Абовяна
ხახულის I შესახვევი,Khakhuli 1st Lane,1-й переулок Хахули
ხახულის II შესახვევი,Khakhuli 2nd Lane,2-й переулок Хахули
ხახულის II ჩიხი,Khakhuli 2nd Dead End,2-й тупик Хахули
ხახულის ქუჩა,Khakhuli Street,улица Хахули
ხევის ქუჩა,Khevi Street,улица Хеви
ხევისპირის ქუჩა,Khevispiri Street,улица Хевиспири
ხევისუბანის ქუჩა,Khevisubani Street,улица Хевисубани
ხევსურეთის ქუჩა,Khevsureti Street,улица Хевсурети
ხევძმარის ქუჩა,Khevdzmari Street,улица Хевдзмари
ხეივნის I ჩიხი,Kheivani 1st Dead End,1-й тупик Хеивани
ხეივნის ქუჩა,Kheivani Street,улица Хеивани
ხელოვანთას ქუჩა,Khelovanta street,улица Хелованта
ხერთვისის ქუჩა,Khertvisi Street,улица Хертвиси
ხვანჩკარას ქუჩა,Khvanchkara Street,улица Хванчкара
ხვანჭკარის I ჩიხი,Khvanchkara 1st Dead End,1-й тупик Хванчкара
ხვანჭკარის ქუჩა,Khvanchkara Street,улица Хванчкара
ხიდის ქუჩა,Khidi Street,улица Хиди
ხიდისთავის I შესახვევი,Khidistavi 1st Lane,1-й переулок Хидистави
ხიდისთავის I ჩიხი,Khidistavi 1st Dead End,1-й тупик Хидистави
ხიდისთავის II შესახვევი,Khidistavi 2nd Lane,2-й переулок Хидистави
ხიდისთავის II ჩიხი,Khidistavi 2nd Dead End,2-й тупик Хидистави
ხიდისთავის III ჩიხი,Khidistavi 3rd Dead End,3-й тупик Хидистави
ხიდისთავის IV ჩიხი,Khidistavi 4th Dead End,4-й тупик Хидистави
ხიდისთავის ქუჩა,Khidistavi Street,улица Хидистави
ხივის შესახვევი,Khivi Lane,переулок Хиви
ხივის ჩიხი,Khivi Dead End,тупик Хиви
ხილის ქუჩა,Khili Street,улица Хили
ხიხანის ქუჩა,Khikhani Street,улица Хихани
ხობის ქუჩა,Khobi Street,улица Хоби
ხომლის ქუჩა,Khomli Street,улица Хомли
ხონის ქუჩა,Khoni Street,улица Хони
ხორნაბუჯის I შესახვევი,Khornabuji 1st Lane,1-й переулок Хорнабуджи
ხორნაბუჯის ქუჩა,Khornabuji Street,улица Хорнабуджи
ხოჭის ტბის ქუჩა,Khochi Tba Street,улица Хочи Тба
ხრესილის ქუჩა,Khresili Street,улица Хресили
ხუდია ბორჩალოელის ქუჩა,Khudia Borchaloeli Street,улица Худия Борчалоели
ხულოს ქუჩა,Khulo Street,улица Хуло
ჯავახეთის I შესახვევი,Javakheti 1st Lane,1-й переулок Джавахети
ჯავახეთის II შესახვევი,Javakheti 2nd Lane,2-й переулок Джавахети
ჯავახეთის III შესახვევი,Javakheti 3rd Lane,3-й переулок Джавахети
ჯავახეთის ქუჩა,Javakheti Street,улица Джавахети
ჯავახეთის ჩიხი,Javakheti Dead End,тупик Джавахети
ჯავის I გასასვლელი,Java 1st Exit,1-й съезд Джава
ჯავის I შესახვევი,Java 1st Lane,1-й переулок Джава
ჯავის II გასასვლელი,Java 2nd Exit,2-й съезд Джава
ჯავის II შესახვევი,Java 2nd Lane,2-й переулок Джава
ჯავის III გასასვლელი,Java 3rd Exit,3-й съезд Джава
ჯავის III შესახვევი,Java 3rd Lane,3-й переулок Джава
ჯავის IV შესახვევი,Java 4th Lane,4-й переулок Джава
ჯავის V შესახვევი,Java 5th Lane,5-й переулок Джава
ჯავის VI შესახვევი,Java 6th Lane,6-й переулок Джава
ჯავის ქუჩა,Java Street,улица Джава
ჯამბულ წურწუმიას I შესახვევი,Jambul Tsurtsumia 1st Lane,1-й переулок Джамбула Цурцумия
ჯამბულ წურწუმიას II შესახვევი,Jambul Tsurtsumia 2nd Lane,2-й переулок Джамбула Цурцумия
ჯამბულ წურწუმიას III შესახვევი,Jambul Tsurtsumia 3rd Lane,3-й переулок Джамбула Цурцумия
ჯამბულ წურწუმიას IV შესახვევი,Jambul Tsurtsumia 4th Lane,4-й переулок Джамбула Цурцумия
ჯამბულ წურწუმიას ქუჩა,Jambul Tsurtsumia Street,улица Джамбула Цурцумия
ჯანო ბაგრატიონის ქუჩა,Jano Bagrationi Street,улица Джано Багратиони
ჯანო რაფავას ქუჩა,Jano Rapava Street,улица Джано Рапава
ჯანსულ კორძაიას I ჩიხი,Jansul Kordzaia 1st Dead End,1-й тупик Джансула Кордзаия
ჯანსუღ კახიძის ქუჩა,Jansug Kakhidze Street,улица Джансула Кахидзе
ჯანსუღ კორძაიას I გასასვლელი,Jansul Kordzaia 1st Exit,1-й съезд Джансула Кордзаия
ჯანსუღ კორძაიას ქუჩა,Jansul Kordzaia Street,улица Джансула Кордзаия
ჯემალ აჯიაშვილის I ჩიხი,Jemal Ajiashvili 1st Dead End,1-й тупик Джемала Аджиашвили
ჯემალ აჯიაშვილის ქუჩა,Jemal Ajiashvili Street,улица Джемала Аджиашвили
ჯემალ ბეგლარიშვილის ქუჩა,Jemal Beglarishvili Street,улица Джемала Бегларишвили
ჯემალ გოგიტიძის ქუჩა,Jemal Gogitidze Street,улица Джемала Гогитидзе
ჯემალ ზეინკლიშვილის ქუჩა,Jemal Zeinklishvili Street,улица Джемаля Зеинклишвили
ჯემალ რაფავას ქუჩა,Jemal Rapava Street,улица Джемала Рапава
ჯემალ ქათამაძის I ჩიხი,Jemal Katamadze 1st Dead End,1-й тупик Джемала Катамадзе
ჯემალ ქათამაძის ქუჩა,Jemal Katamadze Street,улица Джемала Катамадзе
ჯემალ ქათამაძის ჩიხი,Jemal Katamadze Dead End,тупик Джемала Катамадзе
ჯემალ ღაღანიძის ქუჩა,Jemal Ghaghanidze Street,улица Джемала Гаганидзе
ჯემალ ჩახავას ქუჩა,Jemal Chakhava Street,улица Джемала Чахава
ჯემალ ცერცვაძის ქუჩა,Jemal Tsertsvadze Street,улица Джемала Церцвадзе
ჯემალ ჭკუასელის ქუჩა,Jemal Chkuaseli Street,улица Джемаля Чкуасели
ჯვარისის I ჩიხი,Jvarisi 1st Dead End,1-й тупик Джвариси
ჯვარისის II ჩიხი,Jvarisi 2nd Dead End,2-й тупик Джвариси
ჯვარისის ქუჩა,Jvarisi Street,улица Джвариси
ჯვარისუბნის ქუჩა,Jvarisubani Street,улица Джварисубани
ჯიმშერ (ჯიმი) მაისურაძის I შესახვევი,Jimsher (Jimi) Maisuradze 1st Lane,1-й переулок Джимшера (Джими) Маисурадзе
ჯიმშერ (ჯიმი) მაისურაძის ქუჩა,Jimsher (Jimi) Maisuradze Street,улица Джимшера (Джими) Маисурадзе
ჯინჭარაძის ქუჩა,Jincharadze Street,улица Джинчарадзе
ჯოვანი სკუდიერის ქუჩა,Jovani Skudieri Street,улица Джовани Скудиери
ჯონ (მალხაზ) შალიკაშვილის ქუჩა,Jon (Malkhaz) Shalikashvili Street,улица Джона (Малхаза) Шаликашвили
ჯორჯ ბალანჩინის ქუჩა,George Balanchine Street,улица Джорджа Баланчина
ჯორჯ ბუშის ქუჩა,George W. Bush Street,улица Джорджа Буша
ჯუმბერ ბეთაშვილის ქუჩა,Jumber Betashvili Street,улица Джумбера Беташвили
ჯუმბერ ლეჟავას I გასასვლელი,Jumber Lezhava 1st Exit,1-й съезд Джумбера Лежава
ჯუმბერ ლეჟავას ქუჩა,Jumber Lezhava Street,улица Джумбера Лежава
ჯურხა ნადირაძის ქუჩა,Jurkha Nadiradze Street,улица Джурха Надирадзе
ჰაიდარ აბაშიძის ქუჩა,Haidar Abashidze Street,улица Гейдара Абашидзе
ჰაინრიხ კლაპროთის ქუჩა,Heinrich Klaproth Street,улица Генриха Клапрот
ჰამლეტ გონაშვილის ქუჩა,Hamlet Gonashvili Street,улица Хамлета Гонашвили
ჰამლეტ გონაშვილის ჩიხი,Hamlet Gonashvili Dead End,тупик Хамлета Гонашвили
ჰეიდარ აბაშიძის ქუჩა,Haidar Abashidze Street,улица Хайдара Абашидзе
ჰეიდარ ალიევის სახელობის მარჯვენა სანაპირო,Heidar Alievi Marjvena Embankment,набережная Хеидар Алиеви Марджвена
ჰენრიკ ჰრინევსკის I ჩიხი,Henryk Hryniewski 1st Dead End,1-й тупик Генрика Гриневского
ჰენრიკ ჰრინევსკის II ჩიხი,Henryk Hryniewski 2nd Dead End,2-й тупик Генрика Гриневского
ჰენრიკ ჰრინევსკის III ჩიხი,Henryk Hryniewski 3rd Dead End,3-й тупик Генрика Гриневского
ჰენრიკ ჰრინევსკის IV ჩიხი,Henryk Hryniewski 4th Dead End,4-й тупик Генрика Гриневского
ჰენრიკ ჰრინევსკის V ჩიხი,Henryk Hryniewski 5th Dead End,5-й тупик Генрика Гриневского
ჰენრიკ ჰრინევსკის ქუჩა,Henryk Hryniewski Street,улица Генрика Гриневского
ჰერეთის ქუჩა,Hereti Street,улица Герети
ჰოვანეს თუმანიანის II ჩიხი,Hovanes Tumaniani 2nd Dead End,2-ой тупик Ованеса Туманяна
ჰოვანეს თუმანიანის ქუჩა,Hovanes Tumaniani Street,улица Ованеса Туманяна
ჰოვანეს თუმანიანის შესახვევი,Hovanes Tumaniani Lane,переулок Ованеса Туманяна
ჰორტენზიას ქუჩა,Hortensia Street,улица Гортензий
ჰორტენზიის I შესახვევი,Hortensia 1st Lane,1-й переулок Гортензии
ჰოსპიტალის შესახვევი,Hospitali Lane,переулок Хоспитали
ჰუგო ჰუბერტის ქუჩა,Hugo Hubert Street,улица Гуго Губерт
ძმები კანკავების ქუჩა,Dzmebi Kankavebi Street,улица Дзмеби Канкавеби
კალისტრატე გრიგოლიას ქუჩა,Kalistrate Grigolia Street,улица Калистрата Григолия
ქუთაისის I ჩიხი,Kutaisi 1st Dead End,1-й тупик Кутаиси
დომენტი ქობალავას ქუჩა,Domenti Kobalava Street,улица Доменти Кобалава
დავით ვაჰანიას ქუჩა,Davit Vakhania Street,улица Давита Ваханиа
ნოე ცხვიტავას ქუჩა,Noe Tskhvitava Street,улица Ноэ Цхвитава
ლევან II დადიანის ქუჩა,Levan II Dadiani Street,улица Левана II Дадиани
სოსო გეგელიას ქუჩა,Soso Gegelia Street,улица Сосо Гегелия
ვარლამ განგიას ქუჩა,Varlam Gangia Street,улица Варлама Гангиа
აკაკი ელიავას ქუჩა,Akaki Eliava Street,улица Акаки Элиава
აკაკი ელიავას I ჩიხი,Akaki Eliava 1st Dead End,1-й тупик Акаки Элиава
შოთა ჩიქობავას ქუჩა,Shota Chikobava Street,улица Шота Чикобава
მიხეილ ქურდოვანიძის ქუჩა,Mikheil Kurdovanidze Street,улица Михаила Курдованидзе
ლევან თეფანიას ქუჩა,Levan Tepania Street,улица Левана Тепания